{
  "action_negative_transition_gap": 0.003857483600174367,
  "benchmark": "synth_program_aligned_stratified_holdout_lite",
  "calibrated_action_negative_gap": 0.020669648968089635,
  "calibrated_delta_cosine": 0.9119988848685934,
  "calibrated_delta_cosine_gain": 0.2872712875027378,
  "calibrated_delta_rank": 7.4589420644136135,
  "calibrated_magnitude_ratio": 0.9670182064285527,
  "calibrated_recall_at_1": 1.0,
  "calibrated_recall_gain": 0.0,
  "calibrated_transition_gain": 0.028330286321557388,
  "calibrated_transition_improvement": 0.13128519595747642,
  "direct_delta_cosine": 0.679109017796449,
  "direct_delta_rank": 9.27129272231767,
  "direct_magnitude_ratio": 1.3270134019175468,
  "direct_recall_at_1": 0.8888888888888888,
  "direct_transition_improvement": 0.02671261055643681,
  "identity_violation": 0.0,
  "image_target_effective_rank": 6.102296556437965,
  "image_teacher_action_negative_gap": 0.015873065710160658,
  "image_teacher_delta_cosine": 0.6247275973658556,
  "image_teacher_delta_rank": 8.204774650111872,
  "image_teacher_magnitude_ratio": 1.8106564358108217,
  "image_teacher_recall_at_1": 1.0,
  "image_teacher_transition_improvement": 0.10295490963591904,
  "image_to_rna_recall_at_1": 0.7777777777777778,
  "leakage_flag": 0.0,
  "policy": "stratified_program",
  "ridge_floor_delta_cosine": 0.7150930280808349,
  "ridge_floor_delta_rank": 6.77613229806572,
  "ridge_floor_recall_at_1": 0.8888888888888888,
  "ridge_floor_transition_improvement": 0.039656076175163174,
  "rna_to_image_recall_at_1": 0.6296296296296297,
  "seed": 37,
  "source_image_cosine": 0.9846452167076991,
  "source_image_effective_rank": 3.391423942498354,
  "target_effective_rank": 7.404090457122541,
  "target_image_cosine": 0.8604291714038903,
  "target_image_effective_rank": 6.910834127229135,
  "train_calibrated_delta_cosine": 0.981143265438924,
  "train_calibrated_delta_rank": 8.366474457056617,
  "train_calibrated_magnitude_ratio": 0.9813151576198457,
  "train_calibrated_recall_at_1": 0.5,
  "train_calibrated_transition_improvement": 0.19144268950284893,
  "train_raw_delta_cosine": 0.705385421560752,
  "train_raw_delta_rank": 9.620600007412806,
  "train_raw_recall_at_1": 0.5,
  "train_raw_transition_improvement": 0.164280482181184,
  "transition_image_cosine": 0.9478811642185171
}
