{
  "action_negative_loss": 0.00937500037252903,
  "active_delta_std_dims": 24.0,
  "delta_cosine_train": 0.921562135219574,
  "delta_variance_loss": 0.0,
  "device_used": "cpu",
  "image_to_rna_loss": 0.01479284930974245,
  "loss": 0.22625426948070526,
  "magnitude_loss": 0.25735849142074585,
  "pca_delta_direction_loss": 0.07843786478042603,
  "relational_loss": 0.017970675602555275,
  "rna_to_image_loss": 0.009786037728190422,
  "source_anchor_cosine": 0.9833968281745911,
  "source_anchor_loss": 0.021134672686457634,
  "source_improvement_hinge": 0.0,
  "steps": 120.0,
  "target_anchor_cosine": 0.9587105512619019,
  "target_anchor_loss": 0.04604840278625488,
  "teacher_delta_direction_loss": 0.2493530511856079,
  "transition_anchor_cosine": 0.963870644569397,
  "transition_anchor_loss": 0.041160326451063156,
  "transition_loss": 0.06283106654882431,
  "variance_loss": 0.028205478563904762
}
