{
  "direct_delta_cosine": 0.8744259219071394,
  "direct_delta_rank": 11.123159348233258,
  "direct_recall_at_1": 0.8518518518518519,
  "direct_transition_improvement": 0.5787818786470841,
  "floor_delta_cosine": 0.8940968252118728,
  "floor_delta_rank": 7.483875381671284,
  "floor_init_error": 5.762042052381844e-07,
  "floor_recall_at_1": 0.8888888888888888,
  "floor_transition_improvement": 0.6024186857949821,
  "identity_violation": 0.0,
  "image_target_effective_rank": 10.312921280916642,
  "image_to_rna_recall_at_1": 0.7777777777777778,
  "leakage_flag": 0.0,
  "retrieval_broken_count": 0.0,
  "retrieval_broken_mean_delta_cosine_change": 0.0,
  "retrieval_broken_mean_floor_margin": 0.0,
  "retrieval_broken_mean_margin_change": 0.0,
  "retrieval_broken_mean_selected_margin": 0.0,
  "retrieval_broken_mean_transition_gain_change": 0.0,
  "retrieval_broken_near_tie_fraction": 0.0,
  "retrieval_floor_median_rank": 1.0,
  "retrieval_mean_floor_margin": 0.12214131218614009,
  "retrieval_mean_margin_change": -0.0016448332334263543,
  "retrieval_mean_rank_change": 0.0,
  "retrieval_mean_residual_norm": 0.051285167417687696,
  "retrieval_mean_selected_margin": 0.12049647895271372,
  "retrieval_preserved_correct_count": 24.0,
  "retrieval_repaired_count": 0.0,
  "retrieval_row_count": 27.0,
  "retrieval_selected_median_rank": 1.0,
  "retrieval_still_wrong_count": 3.0,
  "rna_to_image_recall_at_1": 0.7407407407407407,
  "seed": 11,
  "selected_action_negative_gap": 0.03957157328026528,
  "selected_delta_cosine": 0.8939768631917322,
  "selected_delta_rank": 7.816207179033211,
  "selected_gap_delta_cosine": -0.00011996202014064039,
  "selected_gap_recall": 0.0,
  "selected_gap_transition": -0.00037274693928268654,
  "selected_magnitude_ratio": 1.0300871529943667,
  "selected_recall_at_1": 0.8888888888888888,
  "selected_residual_scale": 0.05,
  "selected_transition_improvement": 0.6020459388556995,
  "target_effective_rank": 10.29325091855501,
  "train_small_cap_floor_delta_cosine": 0.9538829046617275,
  "train_small_cap_floor_recall_at_1": 0.5,
  "train_small_cap_floor_transition": 0.6611106143937406,
  "train_small_cap_selected_delta_cosine": 0.9559477478816396,
  "train_small_cap_selected_gap_delta_cosine": 0.0020648432199120714,
  "train_small_cap_selected_gap_recall": 0.0,
  "train_small_cap_selected_gap_transition": 0.002222558609121905,
  "train_small_cap_selected_recall_at_1": 0.5,
  "train_small_cap_selected_scale": 0.05,
  "train_small_cap_selected_train_broken_count_diagnostic_only": 0.0,
  "train_small_cap_selected_train_mean_margin_change_diagnostic_only": 0.0,
  "train_small_cap_selected_transition": 0.6633331730028625
}
