{
  "direct_delta_cosine": 0.8916325211974718,
  "direct_delta_rank": 11.848845778708567,
  "direct_recall_at_1": 0.9259259259259259,
  "direct_transition_improvement": 0.4852073791916289,
  "floor_delta_cosine": 0.9320907531731707,
  "floor_delta_rank": 7.051391799370344,
  "floor_recall_at_1": 1.0,
  "floor_transition_improvement": 0.5212980055525284,
  "identity_violation": 0.0,
  "image_target_effective_rank": 7.65144492648573,
  "image_to_rna_recall_at_1": 1.0,
  "leakage_flag": 0.0,
  "rna_to_image_recall_at_1": 0.8518518518518519,
  "selected_action_negative_gap": 0.06773297839884662,
  "selected_delta_cosine": 0.9320907531731707,
  "selected_delta_rank": 7.051391799370344,
  "selected_gap_delta_cosine": 0.0,
  "selected_gap_recall": 0.0,
  "selected_gap_transition": 0.0,
  "selected_magnitude_ratio": 1.0111265488257464,
  "selected_recall_at_1": 1.0,
  "selected_residual_scale": 0.0,
  "selected_train_delta_cosine": 0.9479116135821665,
  "selected_train_recall_at_1": 0.5,
  "selected_train_transition_improvement": 0.5964334664363728,
  "selected_transition_improvement": 0.5212980055525284,
  "target_effective_rank": 7.845789275370145
}
