{
  "action_negative_loss": 0.044570207595825195,
  "active_delta_std_dims": 24.0,
  "delta_cosine_train": 0.5537570118904114,
  "delta_variance_loss": 0.0,
  "device_used": "cuda",
  "image_to_rna_loss": 0.2833900451660156,
  "loss": 1.232408046722412,
  "magnitude_loss": 0.3734627366065979,
  "pca_delta_direction_loss": 0.4462429881095886,
  "relational_loss": 0.19127285480499268,
  "rna_to_image_loss": 0.08587367087602615,
  "source_anchor_cosine": 0.9798204898834229,
  "source_anchor_loss": 0.02203085646033287,
  "source_improvement_hinge": 0.024150382727384567,
  "steps": 120.0,
  "target_anchor_cosine": 0.8477765917778015,
  "target_anchor_loss": 0.16707150638103485,
  "teacher_delta_direction_loss": 0.3186194896697998,
  "transition_anchor_cosine": 0.5483171939849854,
  "transition_anchor_loss": 0.47951218485832214,
  "transition_loss": 0.48705410957336426,
  "variance_loss": 0.0
}
