{
  "cache_dir": "outputs/autoresearch_total_autonomy_bioguard_wm_jepa/experiments/G002_multi_seed_fresh_cache_replication/seed4_latent_cache",
  "cache_status": "loaded",
  "floor_delta_cosine": 0.4972452146646043,
  "floor_delta_rank": 10.888689749023888,
  "floor_init_error": 9.158843345541401e-08,
  "floor_magnitude_ratio": 0.7407240625696372,
  "floor_recall_at_1": 0.2962962962962963,
  "floor_transition_improvement": 0.019162402606056148,
  "identity_violation": 0.0,
  "leakage_flag": 0.0,
  "retrieval_broken_count": 1.0,
  "retrieval_mean_margin_change": -0.0005211891152532041,
  "retrieval_repaired_count": 0.0,
  "retrieval_selected_median_rank": 2.0,
  "seed": 4,
  "selected_action_negative_gap": 0.006845377633614433,
  "selected_delta_cosine": 0.49213313643351536,
  "selected_delta_rank": 10.903721698447217,
  "selected_gap_delta_cosine": -0.005112078231088946,
  "selected_gap_recall": -0.037037037037037035,
  "selected_gap_transition": -0.0004992156554017094,
  "selected_magnitude_ratio": 0.7462547585948256,
  "selected_recall_at_1": 0.25925925925925924,
  "selected_residual_scale": 0.05,
  "selected_transition_improvement": 0.01866318695065444,
  "train_small_cap_selected_gap_delta_cosine": 0.010913107675538436,
  "train_small_cap_selected_gap_recall": 0.01388888888888884,
  "train_small_cap_selected_gap_transition": 0.0012757593128367647,
  "train_small_cap_selected_train_broken_count_diagnostic_only": 1.0
}
