seed	scale	safe	transition_improvement	delta_cosine	recall_at_1	gap_transition	gap_delta_cosine	gap_recall	train_broken_count_diagnostic_only	train_mean_margin_change_diagnostic_only
4	0.0	True	0.06102381184981723	0.8096176762787307	0.6111111111111112	0.0	0.0	0.0	0.0	0.0
4	0.025	True	0.06167056358812327	0.8151373255426031	0.6111111111111112	0.0006467517383060423	0.005519649263872384	0.0	1.0	0.0003466062812544542
4	0.05	True	0.06229957116265399	0.8205307839542691	0.625	0.0012757593128367647	0.010913107675538436	0.01388888888888884	1.0	0.0006967186107057087
