difficulty_bin	rows	teacher_delta_norm_mean	transition_improvement	delta_cosine	recall_at_1	median_rank	delta_rank
low	9	0.3176771350391349	-0.013527912701674872	0.33118147411667986	0.5555555555555556	1.0	5.7412355169892235
mid	9	0.3981306941573044	-0.010625600900736843	0.35958267810997147	0.1111111111111111	3.0	5.561218068395517
high	9	0.5596976320479325	0.041139233150993944	0.5031233978575398	0.5555555555555556	1.0	5.9038711452782
