{
  "device_used": "cpu",
  "final_active_std_dims": 24.0,
  "final_loss": 0.21893543004989624,
  "final_mse": 0.12571457028388977,
  "final_prediction_target_cosine_train": 0.7873502969741821,
  "steps": 80.0
}
