{
  "action_negative_loss": 0.0017857144121080637,
  "active_delta_std_dims": 24.0,
  "delta_cosine_train": 0.8521063923835754,
  "delta_variance_loss": 0.0,
  "device_used": "cuda",
  "image_to_rna_loss": 0.1648404896259308,
  "loss": 0.4795461893081665,
  "magnitude_loss": 0.6826614737510681,
  "pca_delta_direction_loss": 0.14789360761642456,
  "relational_loss": 0.05921823903918266,
  "rna_to_image_loss": 0.004342874512076378,
  "source_anchor_cosine": 0.9885371327400208,
  "source_anchor_loss": 0.013592942617833614,
  "source_improvement_hinge": 0.0,
  "steps": 120.0,
  "target_anchor_cosine": 0.9756343960762024,
  "target_anchor_loss": 0.041446469724178314,
  "teacher_delta_direction_loss": 0.14082801342010498,
  "transition_anchor_cosine": 0.8426883816719055,
  "transition_anchor_loss": 0.1880115121603012,
  "transition_loss": 0.17843040823936462,
  "variance_loss": 0.01375286839902401
}
