{
  "base_action_negative_loss": 0.017669091001152992,
  "base_delta_direction_loss": 0.08337175846099854,
  "base_image_to_rna_loss": 0.01728464663028717,
  "base_loss": 0.21368111670017242,
  "base_mean_negative_transition_cosine": 0.77274489402771,
  "base_mean_positive_transition_cosine": 0.9425914287567139,
  "base_pca_anchor_loss": 0.36450663208961487,
  "base_rna_to_image_loss": 0.00886311661452055,
  "base_source_improvement_hinge": 5.5604265071451664e-05,
  "base_transition_loss": 0.0700187236070633,
  "base_variance_loss": 0.0,
  "retrieval_head_head_delta_loss": 0.018786132335662842,
  "retrieval_head_head_endpoint_loss": 0.007535696029663086,
  "retrieval_head_head_floor_delta_hinge": 0.0,
  "retrieval_head_head_floor_endpoint_hinge": 0.0,
  "retrieval_head_head_loss": 0.025798974558711052,
  "retrieval_head_head_margin_lcb_loss": 0.0,
  "retrieval_head_head_near_tie_count": 72.0,
  "retrieval_head_head_near_tie_margin_loss": 0.00028708690661005676,
  "retrieval_head_head_residual_norm": 0.0005904584540985525,
  "retrieval_head_head_residual_scale": 1.0718934535980225,
  "seed": 1
}
