{
  "latent/cosine_mean_pairwise": 0.9997398257255554,
  "latent/image_collapse_fraction_dims_below_0.05": 0.9375,
  "latent/image_effective_rank": 1.0000195503234863,
  "latent/image_std_mean": 0.015251616016030312,
  "latent/joint_collapse_fraction_dims_below_0.05": 1.0,
  "latent/joint_effective_rank": 1.000028371810913,
  "latent/joint_std_mean": 0.0021584739442914724,
  "latent/rna_collapse_fraction_dims_below_0.05": 1.0,
  "latent/rna_effective_rank": 1.0000416040420532,
  "latent/rna_std_mean": 0.008962910622358322,
  "latent/transition_pred_std_mean": 0.0002135602117050439,
  "teacher/pred_norm_mean": 1.0,
  "teacher/pred_target_cosine": 0.438880980014801,
  "teacher/target_norm_mean": 1.0
}
