{
  "device_used": "cpu",
  "final_active_std_dims": 24.0,
  "final_loss": 0.14328640699386597,
  "final_mse": 0.03858818858861923,
  "final_prediction_target_cosine_train": 0.8749436736106873,
  "final_relational_loss": 0.06520269811153412,
  "relational_weight": 0.25,
  "steps": 80.0
}
