{
  "direct_delta_cosine": 0.9394681729788801,
  "direct_delta_rank": 10.275507059502461,
  "direct_recall_at_1": 0.9259259259259259,
  "direct_transition_improvement": 0.5175015564957924,
  "floor_delta_cosine": 0.9320907531731707,
  "floor_delta_rank": 7.051391799370344,
  "floor_init_error": 6.175035700550779e-07,
  "floor_recall_at_1": 1.0,
  "floor_transition_improvement": 0.5212980055525284,
  "identity_violation": 0.0,
  "image_target_effective_rank": 7.65144492648573,
  "image_to_rna_recall_at_1": 1.0,
  "inner_val_floor_delta_cosine": 0.9306660975894416,
  "inner_val_floor_recall_at_1": 0.7727272727272727,
  "inner_val_floor_transition": 0.49979749768459175,
  "inner_val_selected_delta_cosine": 0.9345573748309836,
  "inner_val_selected_gap_delta_cosine": 0.003891277241541924,
  "inner_val_selected_gap_recall": 0.0,
  "inner_val_selected_gap_transition": 0.0020193441203945617,
  "inner_val_selected_recall_at_1": 0.7727272727272727,
  "inner_val_selected_scale": 0.1,
  "inner_val_selected_transition": 0.5018168418049863,
  "leakage_flag": 0.0,
  "rna_to_image_recall_at_1": 0.8518518518518519,
  "selected_action_negative_gap": 0.06802484272734055,
  "selected_delta_cosine": 0.9355949390533133,
  "selected_delta_rank": 7.621333747678195,
  "selected_gap_delta_cosine": 0.003504185880142563,
  "selected_gap_recall": 0.0,
  "selected_gap_transition": 0.0018910388492269226,
  "selected_magnitude_ratio": 1.0131982890496312,
  "selected_recall_at_1": 1.0,
  "selected_residual_scale": 0.1,
  "selected_transition_improvement": 0.5231890444017553,
  "target_effective_rank": 7.845789275370145
}
