seed	scale	safe	transition_improvement	delta_cosine	recall_at_1	gap_transition	gap_delta_cosine	gap_recall	train_broken_count_diagnostic_only	train_mean_margin_change_diagnostic_only	near_tie_erosions	near_tie_flips	near_tie_count	margin_q10_change	near_tie_min_margin_change	has_near_tie_certificate
14	0.0	True	0.40143511264374837	0.9394888373083791	0.4722222222222222	0.0	0.0	0.0	0.0	0.0	0.0	0.0	32.0	0.0	0.0	True
14	0.005	False	0.4016723366388446	0.9398879554101605	0.4722222222222222	0.00023722399509623626	0.00039911810178139273	0.0	0.0	7.403714305681079e-05	1.0	0.0	32.0	-1.0086972860801112e-05	-0.00020912284300655948	True
14	0.01	False	0.40190816243766875	0.9402853296490183	0.4722222222222222	0.00047304979392037705	0.0007964923406392765	0.0	0.0	0.0001480632734237535	4.0	0.0	32.0	-2.017674022953837e-05	-0.0004179434333736465	True
14	0.0125	False	0.4020255508866934	0.940483361263466	0.4722222222222222	0.0005904382429450239	0.0009945239550869234	0.0	0.0	0.00018507187938324486	5.0	0.0	32.0	-2.5222670230895614e-05	-0.0005222399666253708	True
14	0.025	False	0.4026072469914993	0.9414669396105313	0.4722222222222222	0.0011721343477509305	0.0019781023021522293	0.0	0.0	0.00037006505218302764	11.0	0.0	32.0	-5.046275734463821e-05	-0.0010425784411514094	True
14	0.05	False	0.4037443991565074	0.9434009550293069	0.4722222222222222	0.0023092865127590234	0.00391211772092781	0.0	0.0	0.000762988213428329	14.0	0.0	32.0	-3.259692945624122e-05	-0.002077470545613802	True
