seed	base_loss	base_transition_loss	base_delta_direction_loss	base_source_improvement_hinge	base_rna_to_image_loss	base_image_to_rna_loss	base_pca_anchor_loss	base_action_negative_loss	base_variance_loss	base_mean_positive_transition_cosine	base_mean_negative_transition_cosine	retrieval_head_head_loss	retrieval_head_head_endpoint_loss	retrieval_head_head_delta_loss	retrieval_head_head_floor_endpoint_hinge	retrieval_head_head_floor_delta_hinge	retrieval_head_head_near_tie_margin_loss	retrieval_head_head_margin_lcb_loss	retrieval_head_head_residual_norm	retrieval_head_head_residual_scale	retrieval_head_head_near_tie_count
0	0.16027577221393585	0.042906925082206726	0.06164669990539551	0.0	0.005735393147915602	0.0089265750721097	0.36227548122406006	0.017877645790576935	0.0006409573252312839	0.9669517278671265	0.8482983708381653	0.01836247928440571	0.0048760175704956055	0.015008211135864258	2.6592088033794425e-06	0.0	9.099901944864541e-05	0.0	0.00030670707928948104	1.0283432006835938	72.0
1	0.21368111670017242	0.0700187236070633	0.08337175846099854	5.5604265071451664e-05	0.00886311661452055	0.01728464663028717	0.36450663208961487	0.017669091001152992	0.0	0.9425914287567139	0.77274489402771	0.025798974558711052	0.007535696029663086	0.018786132335662842	0.0	0.0	0.00028708690661005676	0.0	0.0005904584540985525	1.0718934535980225	72.0
2	0.18918584287166595	0.05712373927235603	0.057543158531188965	0.00011895468924194574	0.008048300631344318	0.011624930426478386	0.45576485991477966	0.018246091902256012	0.002230615122243762	0.9541540741920471	0.8039163947105408	0.050712328404188156	0.02077484130859375	0.03177708387374878	0.0005632161046378314	5.123368464410305e-05	8.17019899841398e-05	0.0	0.0003803324361797422	1.0525643825531006	72.0
3	0.1467561274766922	0.04899032786488533	0.04434967041015625	0.0	0.005613824352622032	0.038374174386262894	0.18229082226753235	0.012818683870136738	0.0005729447002522647	0.9538708925247192	0.3837938904762268	0.04535297304391861	0.024738848209381104	0.021564722061157227	8.915051876101643e-05	0.0	0.00024508743081241846	0.0	0.0003803416038863361	1.0502946376800537	72.0
4	0.14618735015392303	0.04965891316533089	0.044378697872161865	0.0	0.00579799385741353	0.02551700361073017	0.2359301596879959	0.014062500558793545	0.0008063887362368405	0.9531789422035217	0.3052143156528473	0.02046281285583973	0.010350525379180908	0.010108411312103271	0.0	0.0	0.00013993604807183146	0.0	0.00045902584679424763	1.061177134513855	72.0
