{
  "action_descriptor": "coarse_program_one_hot_only",
  "candidate_eval_image_latent_cosine": 0.807780545299411,
  "candidate_mean_abs_delta_optimism": 0.06685401263626183,
  "candidate_mean_abs_transition_optimism": 0.008106994084082905,
  "candidate_mean_effective_rank": 2.7295845238658063,
  "candidate_minus_f076_delta_cosine_gap": 0.14565758244988636,
  "candidate_minus_f076_perturbation_probe_gap": -0.10339506172839506,
  "candidate_minus_f076_recall_gap": 0.3168724279835391,
  "candidate_minus_f076_transition_gap": -0.10349419398149684,
  "candidate_minus_image_delta_cosine_gap": -0.0791445788096986,
  "candidate_minus_image_perturbation_probe_gap": -0.44907407407407407,
  "candidate_minus_image_recall_gap": 0.0,
  "candidate_minus_image_transition_gap": -0.22605327784731802,
  "candidate_summary": {
    "max_abs_delta_optimism": 0.2119158837747377,
    "max_abs_transition_optimism": 0.05411940926874652,
    "mean_abs_delta_optimism": 0.06685401263626183,
    "mean_abs_transition_optimism": 0.008106994084082905,
    "mean_eval_cell_image_latent_cosine": 0.807780545299411,
    "mean_eval_effective_rank_z": 2.7295845238658063,
    "mean_real_delta_cosine": 0.8860521258422135,
    "mean_real_delta_rank": 3.019964317469199,
    "mean_real_recall_at_1": 1.0,
    "mean_real_transition": 0.010117608686724046,
    "mean_train_batch_probe_cv": 0.287037037037037,
    "mean_train_perturbation_probe_cv": 0.027777777777777776,
    "representation": "source_program_predicted_image_latent",
    "seed_policy_count": 9
  },
  "diagnostic_label": "F077_SOURCE_PROGRAM_ACTION_REPAIRS_STRUCTURE_BUT_WEAK",
  "f076_candidate_summary": {
    "max_abs_delta_optimism": 0.19310977710997468,
    "max_abs_transition_optimism": 0.12354580257523297,
    "mean_abs_delta_optimism": 0.07451739021533849,
    "mean_abs_transition_optimism": 0.047812941365746126,
    "mean_eval_cell_image_latent_cosine": 0.7018608800725101,
    "mean_eval_effective_rank_z": 4.968371171395312,
    "mean_real_delta_cosine": 0.7403945433923271,
    "mean_real_delta_rank": 4.780550778282118,
    "mean_real_recall_at_1": 0.6831275720164609,
    "mean_real_transition": 0.11361180266822088,
    "mean_train_batch_probe_cv": 0.2623456790123457,
    "mean_train_perturbation_probe_cv": 0.13117283950617284,
    "representation": "rna_condition_centroid_predicted_image_latent",
    "seed_policy_count": 9
  },
  "image_pca_mean_abs_delta_optimism": 0.049570270387477335,
  "image_pca_mean_abs_transition_optimism": 0.014696945177998494,
  "image_pca_summary": {
    "max_abs_delta_optimism": 0.14868730077098713,
    "max_abs_transition_optimism": 0.027852848302330396,
    "mean_abs_delta_optimism": 0.049570270387477335,
    "mean_abs_transition_optimism": 0.014696945177998494,
    "mean_eval_cell_image_latent_cosine": 1.0,
    "mean_eval_effective_rank_z": 6.944036289249385,
    "mean_real_delta_cosine": 0.9651967046519121,
    "mean_real_delta_rank": 3.938511271441266,
    "mean_real_recall_at_1": 1.0,
    "mean_real_transition": 0.23617088653404206,
    "mean_train_batch_probe_cv": 0.30864197530864196,
    "mean_train_perturbation_probe_cv": 0.47685185185185186,
    "representation": "image_train_pca",
    "seed_policy_count": 9
  },
  "leakage_controls": "Source state uses train-only control expression centroids by cell line and dose. Action input is a coarse program one-hot with fewer programs than perturbations, not exact heldout action one-hot. Targets are train-only condition-centroid image PCA. Eval rows are used only for scoring. No condition_key, biological_key, eval target means, or pooled train+test statistics are inputs.",
  "model_promoted": false,
  "observed_mean_abs_delta_optimism": 0.08390419514577224,
  "observed_mean_abs_transition_optimism": 0.06930811709065236,
  "observed_summary": {
    "max_abs_delta_optimism": 0.21088456814634915,
    "max_abs_transition_optimism": 0.23173865483323217,
    "mean_abs_delta_optimism": 0.08390419514577224,
    "mean_abs_transition_optimism": 0.06930811709065236,
    "mean_eval_cell_image_latent_cosine": 0.021238804382752434,
    "mean_eval_effective_rank_z": 7.888215441683916,
    "mean_real_delta_cosine": 0.9193703863700935,
    "mean_real_delta_rank": 7.275552102071973,
    "mean_real_recall_at_1": 0.8765432098765431,
    "mean_real_transition": 0.34965717745838854,
    "mean_train_batch_probe_cv": 0.27469135802469136,
    "mean_train_perturbation_probe_cv": 0.22067901234567902,
    "representation": "observed_rna_train_pca",
    "seed_policy_count": 9
  },
  "source_experiment": "F076",
  "source_state": "train_only_control_expression_centroid_by_cell_line_and_dose",
  "train_summary": {
    "mean_active_std_dims": 24.0,
    "mean_final_loss": 0.18126745687590706,
    "mean_relational_loss": 0.09093758546643788,
    "mean_train_prediction_target_cosine": 0.8451502455605401,
    "program_dim": 4.0
  }
}
