{
  "direct_delta_cosine": 0.9407144149558813,
  "direct_delta_rank": 9.010550991565466,
  "direct_recall_at_1": 0.6666666666666666,
  "direct_transition_improvement": 0.5417454119746387,
  "floor_delta_cosine": 0.9431525386455052,
  "floor_delta_rank": 6.935585076932139,
  "floor_init_error": 4.402179794027461e-07,
  "floor_recall_at_1": 0.6666666666666666,
  "floor_transition_improvement": 0.5445816542107146,
  "identity_violation": 0.0,
  "image_target_effective_rank": 8.996455832802338,
  "image_to_rna_recall_at_1": 0.6666666666666666,
  "leakage_flag": 0.0,
  "retrieval_broken_count": 0.0,
  "retrieval_broken_mean_delta_cosine_change": 0.0,
  "retrieval_broken_mean_floor_margin": 0.0,
  "retrieval_broken_mean_margin_change": 0.0,
  "retrieval_broken_mean_selected_margin": 0.0,
  "retrieval_broken_mean_transition_gain_change": 0.0,
  "retrieval_broken_near_tie_fraction": 0.0,
  "retrieval_floor_median_rank": 1.0,
  "retrieval_mean_floor_margin": 0.20493487904503735,
  "retrieval_mean_margin_change": -4.351985034328148e-05,
  "retrieval_mean_rank_change": 0.0,
  "retrieval_mean_residual_norm": 0.010381477178101669,
  "retrieval_mean_selected_margin": 0.20489135919469403,
  "retrieval_preserved_correct_count": 18.0,
  "retrieval_repaired_count": 0.0,
  "retrieval_row_count": 27.0,
  "retrieval_selected_median_rank": 1.0,
  "retrieval_still_wrong_count": 9.0,
  "rna_to_image_recall_at_1": 0.6296296296296297,
  "rowwise_active_fraction": 0.2962962962962963,
  "rowwise_effective_scale": 0.014814814814814815,
  "rowwise_risk_score_mean": -0.48838545126662597,
  "rowwise_selected_base_scale": 0.05,
  "seed": 34,
  "selected_action_negative_gap": 0.06609195052697836,
  "selected_cone_mix": 0.25,
  "selected_delta_cosine": 0.9432993884679384,
  "selected_delta_rank": 7.025388974568015,
  "selected_gap_delta_cosine": 0.00014684982243318156,
  "selected_gap_recall": 0.0,
  "selected_gap_transition": 8.590757067938881e-05,
  "selected_magnitude_ratio": 0.9543325826474225,
  "selected_recall_at_1": 0.6666666666666666,
  "selected_residual_scale": 0.014814814814814815,
  "selected_transition_improvement": 0.544667561781394,
  "target_effective_rank": 7.647189647161062,
  "train_rowwise_floor_delta_cosine": 0.9658461727019557,
  "train_rowwise_floor_recall_at_1": 0.4861111111111111,
  "train_rowwise_floor_transition": 0.6134445343613452,
  "train_rowwise_selected_active_fraction": 0.25,
  "train_rowwise_selected_broken_count": 0.0,
  "train_rowwise_selected_delta_cosine": 0.9661632200520077,
  "train_rowwise_selected_gap_delta_cosine": 0.00031704735005200213,
  "train_rowwise_selected_gap_recall": 0.0,
  "train_rowwise_selected_gap_transition": 0.00039398676607693695,
  "train_rowwise_selected_near_tie_erosions": 0.0,
  "train_rowwise_selected_near_tie_flips": 0.0,
  "train_rowwise_selected_recall_at_1": 0.4861111111111111,
  "train_rowwise_selected_scale": 0.05,
  "train_rowwise_selected_threshold": -0.24937170784647797,
  "train_rowwise_selected_transition": 0.6138385211274221,
  "train_rowwise_selected_unsafe_count": 27.0,
  "train_selected_safe_nonzero": true
}
