{
  "direct_delta_cosine": 0.9436406282711494,
  "direct_delta_rank": 7.9637438928841355,
  "direct_recall_at_1": 1.0,
  "direct_transition_improvement": 0.27378462823573746,
  "floor_delta_cosine": 0.932261923188985,
  "floor_delta_rank": 6.230242065351273,
  "floor_init_error": 1.1600628440078253e-06,
  "floor_recall_at_1": 1.0,
  "floor_transition_improvement": 0.2724394655216964,
  "identity_violation": 0.0,
  "image_target_effective_rank": 7.238290478159652,
  "image_to_rna_recall_at_1": 0.7037037037037037,
  "leakage_flag": 0.0,
  "rna_to_image_recall_at_1": 0.7037037037037037,
  "selected_action_negative_gap": 0.011237162770077802,
  "selected_delta_cosine": 0.9436406282711494,
  "selected_delta_rank": 7.9637438928841355,
  "selected_gap_delta_cosine": 0.01137870508216432,
  "selected_gap_recall": 0.0,
  "selected_gap_transition": 0.0013451627140410594,
  "selected_magnitude_ratio": 1.0265119299179883,
  "selected_recall_at_1": 1.0,
  "selected_residual_scale": 1.0,
  "selected_train_delta_cosine": 0.9662852428194066,
  "selected_train_recall_at_1": 0.5,
  "selected_train_transition_improvement": 0.3256358230556164,
  "selected_transition_improvement": 0.27378462823573746,
  "target_effective_rank": 5.545190988462882
}
