{
  "action_negative_gap": 8.673617379884035e-18,
  "calibration_residual_fit_metric": 0.0058458032994182976,
  "candidate_id": "program",
  "cv_lcb_recall_gap": 0.0,
  "cv_lcb_transition_gap": -3.446828235900885e-17,
  "decision_label": "BSG004_DISCARD_PROGRAM_RESIDUAL_FAILS_CV_GATE",
  "magnitude_ratio_mean": 0.7248685424975094,
  "mean_delta_cosine_gap": 1.3877787807814457e-16,
  "mean_delta_rank_gap": 8.881784197001252e-16,
  "mean_recall_gap": 0.0,
  "mean_transition_gap": 8.673617379884035e-18,
  "permutation_action_gap": 0.0,
  "residual_gate_mean": 0.0,
  "residual_gate_nonzero_fraction": 0.0,
  "residual_scale": 0.0,
  "residual_train_to_calibration_gap": 0.003902379535805361,
  "selected": false,
  "train_residual_fit_metric": 0.0019434237636129362
}
