{
  "action_negative_loss": 0.02204156666994095,
  "active_delta_std_dims": 24.0,
  "delta_cosine_train": 0.6265032887458801,
  "delta_variance_loss": 0.0,
  "device_used": "cuda",
  "image_to_rna_loss": 0.4424803853034973,
  "loss": 1.3984167575836182,
  "magnitude_loss": 0.44069764018058777,
  "pca_delta_direction_loss": 0.3734967112541199,
  "relational_loss": 0.1445131152868271,
  "rna_to_image_loss": 0.23344486951828003,
  "source_anchor_cosine": 0.9875999689102173,
  "source_anchor_loss": 0.014023615047335625,
  "source_improvement_hinge": 0.007959360256791115,
  "steps": 120.0,
  "target_anchor_cosine": 0.5342135429382324,
  "target_anchor_loss": 0.4887215495109558,
  "teacher_delta_direction_loss": 0.3550871014595032,
  "transition_anchor_cosine": 0.5795608758926392,
  "transition_anchor_loss": 0.44007766246795654,
  "transition_loss": 0.5395110845565796,
  "variance_loss": 0.0
}
