representation	seed_count	mean_same_condition_recall_at_1	mean_effective_rank	mean_perturbation_probe_cv	mean_batch_probe_cv	mean_same_cell_recall_at_1	mean_dropout_robustness_cosine	min_weighted_jepa_to_rec_ratio
celljepa_rna_z	5	0.3037037037037037	8.534979391531126	0.17777777777777776	0.28888888888888886	0.005555555555555555	0.9987188557636486	20.8021183013916
observed_rna_train_pca	5	0.8518518518518519	7.991993529808421	0.30277777777777776	0.23888888888888887	0.0	0.0	0.0
true_synthetic_z_bio	5	1.0	5.666920781350162	0.5722222222222222	0.12222222222222223	0.0	0.0	0.0
