{
  "action_negative_loss": 0.0017857144121080637,
  "active_delta_std_dims": 24.0,
  "delta_cosine_train": 0.9832391738891602,
  "delta_variance_loss": 0.0,
  "device_used": "cuda",
  "image_to_rna_loss": 0.09566239267587662,
  "loss": 0.09999722242355347,
  "magnitude_loss": 0.17963258922100067,
  "pca_delta_direction_loss": 0.016760826110839844,
  "relational_loss": 0.0026560467667877674,
  "rna_to_image_loss": 0.0017208147328346968,
  "source_anchor_cosine": 0.9997581243515015,
  "source_anchor_loss": 0.00027008866891264915,
  "source_improvement_hinge": 0.0,
  "steps": 120.0,
  "target_anchor_cosine": 0.9976202249526978,
  "target_anchor_loss": 0.007690843194723129,
  "teacher_delta_direction_loss": 0.05733180046081543,
  "transition_anchor_cosine": 0.9873101711273193,
  "transition_anchor_loss": 0.018429908901453018,
  "transition_loss": 0.027277588844299316,
  "variance_loss": 0.01004183478653431
}
