{
  "cache_dir": "outputs/autoresearch_total_autonomy_bioguard_wm_jepa/experiments/G002_multi_seed_source_state_stability/seed3_latent_cache",
  "cache_status": "loaded",
  "floor_delta_cosine": 0.4200548145191377,
  "floor_delta_rank": 10.486444270464679,
  "floor_init_error": 9.459221469998447e-08,
  "floor_magnitude_ratio": 0.8778340372856198,
  "floor_recall_at_1": 0.25925925925925924,
  "floor_transition_improvement": 0.0004243423315500173,
  "identity_violation": 0.0,
  "leakage_flag": 0.0,
  "retrieval_broken_count": 0.0,
  "retrieval_mean_margin_change": 3.171783712174336e-05,
  "retrieval_repaired_count": 0.0,
  "retrieval_selected_median_rank": 3.0,
  "seed": 3,
  "selected_action_negative_gap": -0.002135209695620043,
  "selected_delta_cosine": 0.4197255774601498,
  "selected_delta_rank": 10.546916310445019,
  "selected_gap_delta_cosine": -0.0003292370589878524,
  "selected_gap_recall": 0.0,
  "selected_gap_transition": 4.466289690451919e-06,
  "selected_magnitude_ratio": 0.8756921560643275,
  "selected_recall_at_1": 0.25925925925925924,
  "selected_residual_scale": 0.05,
  "selected_transition_improvement": 0.0004288086212404692,
  "train_small_cap_selected_gap_delta_cosine": 0.007456374462903148,
  "train_small_cap_selected_gap_recall": 0.01388888888888884,
  "train_small_cap_selected_gap_transition": 0.0004942525462058103,
  "train_small_cap_selected_train_broken_count_diagnostic_only": 0.0
}
