seed	scale	safe	transition_improvement	delta_cosine	recall_at_1	gap_transition	gap_delta_cosine	gap_recall	train_broken_count_diagnostic_only	train_mean_margin_change_diagnostic_only
3	0.0	True	0.04441490141607715	0.8328684888406718	0.9027777777777778	0.0	0.0	0.0	0.0	0.0
3	0.025	True	0.0446658238693169	0.8366412166998525	0.9166666666666666	0.000250922453239745	0.0037727278591807023	0.01388888888888884	0.0	0.00018555674460405617
3	0.05	True	0.04490915396228296	0.8403248633035749	0.9166666666666666	0.0004942525462058103	0.007456374462903148	0.01388888888888884	0.0	0.0003662398783668527
