{
  "direct_delta_cosine": 0.8636871498111456,
  "direct_delta_rank": 11.553397920936005,
  "direct_recall_at_1": 0.6666666666666666,
  "direct_transition_improvement": 0.2818578681147773,
  "floor_delta_cosine": 0.8040092606287692,
  "floor_delta_rank": 7.940612210457475,
  "floor_init_error": 3.911505450648889e-07,
  "floor_recall_at_1": 0.6296296296296297,
  "floor_transition_improvement": 0.2908084858015245,
  "identity_violation": 0.0,
  "image_target_effective_rank": 6.852467653663737,
  "image_to_rna_recall_at_1": 0.5555555555555556,
  "leakage_flag": 0.0,
  "retrieval_broken_count": 0.0,
  "retrieval_broken_mean_delta_cosine_change": 0.0,
  "retrieval_broken_mean_floor_margin": 0.0,
  "retrieval_broken_mean_margin_change": 0.0,
  "retrieval_broken_mean_selected_margin": 0.0,
  "retrieval_broken_mean_transition_gain_change": 0.0,
  "retrieval_broken_near_tie_fraction": 0.0,
  "retrieval_floor_median_rank": 1.0,
  "retrieval_mean_floor_margin": 0.0673575030536101,
  "retrieval_mean_margin_change": 0.0009150676061665695,
  "retrieval_mean_rank_change": 0.0,
  "retrieval_mean_residual_norm": 0.02766096821970637,
  "retrieval_mean_selected_margin": 0.06827257065977667,
  "retrieval_preserved_correct_count": 17.0,
  "retrieval_repaired_count": 0.0,
  "retrieval_row_count": 27.0,
  "retrieval_selected_median_rank": 1.0,
  "retrieval_still_wrong_count": 10.0,
  "rna_to_image_recall_at_1": 0.5925925925925926,
  "rowwise_active_fraction": 0.4444444444444444,
  "rowwise_effective_scale": 0.022222222222222223,
  "rowwise_risk_score_mean": -0.8048051151519796,
  "rowwise_selected_base_scale": 0.05,
  "seed": 26,
  "selected_action_negative_gap": 0.017424272720747647,
  "selected_delta_cosine": 0.8057754909590606,
  "selected_delta_rank": 8.24406783347456,
  "selected_gap_delta_cosine": 0.0017662303302914406,
  "selected_gap_recall": 0.0,
  "selected_gap_transition": -0.0004991557837905614,
  "selected_magnitude_ratio": 0.8593691530182695,
  "selected_recall_at_1": 0.6296296296296297,
  "selected_residual_scale": 0.022222222222222223,
  "selected_transition_improvement": 0.29030933001773396,
  "target_effective_rank": 7.520820606938229,
  "train_rowwise_floor_delta_cosine": 0.9102222376145817,
  "train_rowwise_floor_recall_at_1": 0.4861111111111111,
  "train_rowwise_floor_transition": 0.45701118830244525,
  "train_rowwise_selected_active_fraction": 0.5,
  "train_rowwise_selected_broken_count": 0.0,
  "train_rowwise_selected_delta_cosine": 0.9125766958277599,
  "train_rowwise_selected_gap_delta_cosine": 0.0023544582131782565,
  "train_rowwise_selected_gap_recall": 0.0,
  "train_rowwise_selected_gap_transition": 0.0015848338885106061,
  "train_rowwise_selected_near_tie_erosions": 0.0,
  "train_rowwise_selected_near_tie_flips": 0.0,
  "train_rowwise_selected_recall_at_1": 0.4861111111111111,
  "train_rowwise_selected_scale": 0.05,
  "train_rowwise_selected_threshold": -0.40308894641283705,
  "train_rowwise_selected_transition": 0.45859602219095585,
  "train_rowwise_selected_unsafe_count": 18.0
}
