{
  "base_action_negative_loss": 0.016300685703754425,
  "base_delta_direction_loss": 0.07152485847473145,
  "base_image_to_rna_loss": 0.042507193982601166,
  "base_loss": 0.20092236995697021,
  "base_mean_negative_transition_cosine": 0.6194685101509094,
  "base_mean_positive_transition_cosine": 0.9424219131469727,
  "base_pca_anchor_loss": 0.29224175214767456,
  "base_rna_to_image_loss": 0.005796925164759159,
  "base_source_improvement_hinge": 0.00016165024135261774,
  "base_transition_loss": 0.06111219525337219,
  "base_variance_loss": 0.0,
  "head_head_delta_loss": 0.042954444885253906,
  "head_head_endpoint_loss": 0.04663693904876709,
  "head_head_floor_delta_hinge": 0.0,
  "head_head_floor_endpoint_hinge": 0.000515897641889751,
  "head_head_loss": 0.0853670984506607,
  "head_head_residual_norm": 0.0005627667997032404,
  "head_head_residual_scale": 0.9451963305473328,
  "seed": 26
}
