seed	transition_improvement	delta_cosine	recall_at_1	delta_rank	magnitude_ratio	residual_scale	cv_lcb_transition_gap	cv_lcb_recall_gap	cv_lcb_delta_cosine_gap	action_negative_gap	decision_label
0	0.005661906516194076	0.39796251669473043	0.48148148148148145	10.283476977293052	0.7744371112179363	0.0	0.0	0.0	0.0	0.0	BGWM002_CLOSE_NO_SAFE_RESIDUAL_AFTER_ACTION_ADALN
1	0.021756478285427833	0.5404280277268804	0.3333333333333333	9.937518308977577	0.7933582487536444	0.0	0.0	0.0	0.0	0.0	BGWM002_CLOSE_NO_SAFE_RESIDUAL_AFTER_ACTION_ADALN
2	0.009402064646795659	0.4018851082029823	0.2962962962962963	9.632914633777684	0.5918627929859949	0.0	0.0	0.0	0.0	0.0	BGWM002_CLOSE_NO_SAFE_RESIDUAL_AFTER_ACTION_ADALN
3	0.0004243423315500173	0.4200548145191377	0.25925925925925924	10.486444270464679	0.8778340372856198	0.0	0.0	0.0	0.0	0.0	BGWM002_CLOSE_NO_SAFE_RESIDUAL_AFTER_ACTION_ADALN
4	0.019162402606056148	0.4972452146646043	0.2962962962962963	10.888689749023888	0.7407240625696372	0.0	0.0	0.0	0.0	0.0	BGWM002_CLOSE_NO_SAFE_RESIDUAL_AFTER_ACTION_ADALN
