representation	representation_class	seed_policy_count	mean_eval_cell_image_latent_cosine	mean_real_transition	mean_real_delta_cosine	mean_real_recall_at_1	mean_real_delta_rank	mean_abs_transition_optimism	mean_abs_delta_optimism	max_abs_transition_optimism	max_abs_delta_optimism	mean_eval_effective_rank_z	mean_train_perturbation_probe_cv	mean_train_batch_probe_cv
image_to_rna_pca_ridge	non_oracle	15	0.0220535260386737	0.2792328150836889	0.8955702047274676	0.9382716049382717	5.512997313824857	0.056903974654189754	0.045356624043706266	0.20603586980927419	0.15077371071603052	8.047062521401816	0.2638888888888889	0.38796296296296295
true_z_bio	oracle	15	0.0	0.16953120162800714	0.9648553302171389	1.0	3.55143600767371	0.016932093882304954	0.05119970601882025	0.0433457611885803	0.18267513554844383	5.574002608851815	0.4564814814814815	0.19444444444444445
image_train_pca	non_oracle	15	1.0	0.2210793177969661	0.9610878594234121	1.0	3.930076314759117	0.023179762794319766	0.05253429744632333	0.06684765086892674	0.18558537258369057	7.037998951748422	0.45370370370370366	0.3888888888888889
rna_image_concat_train_pca	non_oracle	15	0.030377327494714255	0.3014560209071067	0.9185375579259595	0.9333333333333333	7.284810262038877	0.05665713888271865	0.08814449384825866	0.22875267437009988	0.2186384946047495	7.840271563464424	0.23425925925925925	0.3722222222222222
observed_rna_train_pca	non_oracle	15	0.019497345459902646	0.3059951020058439	0.9178814850802357	0.9135802469135803	7.293701283503887	0.058406140545465425	0.08875146597741966	0.23173865483323217	0.21993576371878365	7.839206501615208	0.23425925925925925	0.36759259259259264
rna_to_image_pca_ridge	non_oracle	15	0.588567912685418	0.12915575640688481	0.7328248153870938	0.8518518518518519	4.724825760610754	0.06588829422720857	0.1674924278691487	0.15827167600448655	0.3409147719005555	6.849254130860022	0.337037037037037	0.3861111111111111
