{
  "best_non_oracle_representation": "image_to_rna_pca_ridge",
  "best_non_oracle_summary": {
    "max_abs_delta_optimism": 0.15077371071603052,
    "max_abs_transition_optimism": 0.20603586980927419,
    "mean_abs_delta_optimism": 0.045356624043706266,
    "mean_abs_transition_optimism": 0.056903974654189754,
    "mean_eval_cell_image_latent_cosine": 0.0220535260386737,
    "mean_eval_effective_rank_z": 8.047062521401816,
    "mean_real_delta_cosine": 0.8955702047274676,
    "mean_real_delta_rank": 5.512997313824857,
    "mean_real_recall_at_1": 0.9382716049382717,
    "mean_real_transition": 0.2792328150836889,
    "mean_train_batch_probe_cv": 0.38796296296296295,
    "mean_train_perturbation_probe_cv": 0.2638888888888889,
    "representation": "image_to_rna_pca_ridge",
    "representation_class": "non_oracle",
    "seed_policy_count": 15
  },
  "diagnostic_label": "F072_IMAGE_LATENT_NONORACLE_REDUCES_MISMATCH",
  "image_pca_mean_abs_delta_optimism": 0.05253429744632333,
  "image_pca_mean_abs_transition_optimism": 0.023179762794319766,
  "image_pca_summary": {
    "max_abs_delta_optimism": 0.18558537258369057,
    "max_abs_transition_optimism": 0.06684765086892674,
    "mean_abs_delta_optimism": 0.05253429744632333,
    "mean_abs_transition_optimism": 0.023179762794319766,
    "mean_eval_cell_image_latent_cosine": 1.0,
    "mean_eval_effective_rank_z": 7.037998951748422,
    "mean_real_delta_cosine": 0.9610878594234121,
    "mean_real_delta_rank": 3.930076314759117,
    "mean_real_recall_at_1": 1.0,
    "mean_real_transition": 0.2210793177969661,
    "mean_train_batch_probe_cv": 0.3888888888888889,
    "mean_train_perturbation_probe_cv": 0.45370370370370366,
    "representation": "image_train_pca",
    "representation_class": "non_oracle",
    "seed_policy_count": 15
  },
  "leakage_controls": "Image/RNA PCA and cross-modal ridge fits use train rows only. Eval rows are scoring-only. No synthetic z_bio target is used by the non-oracle image-latent branches.",
  "model_promoted": false,
  "observed_mean_abs_delta_optimism": 0.08875146597741966,
  "observed_mean_abs_transition_optimism": 0.058406140545465425,
  "observed_summary": {
    "max_abs_delta_optimism": 0.21993576371878365,
    "max_abs_transition_optimism": 0.23173865483323217,
    "mean_abs_delta_optimism": 0.08875146597741966,
    "mean_abs_transition_optimism": 0.058406140545465425,
    "mean_eval_cell_image_latent_cosine": 0.019497345459902646,
    "mean_eval_effective_rank_z": 7.839206501615208,
    "mean_real_delta_cosine": 0.9178814850802357,
    "mean_real_delta_rank": 7.293701283503887,
    "mean_real_recall_at_1": 0.9135802469135803,
    "mean_real_transition": 0.3059951020058439,
    "mean_train_batch_probe_cv": 0.36759259259259264,
    "mean_train_perturbation_probe_cv": 0.23425925925925925,
    "representation": "observed_rna_train_pca",
    "representation_class": "non_oracle",
    "seed_policy_count": 15
  },
  "rna_to_image_eval_image_latent_cosine": 0.588567912685418,
  "rna_to_image_mean_abs_delta_optimism": 0.1674924278691487,
  "rna_to_image_mean_abs_transition_optimism": 0.06588829422720857,
  "rna_to_image_summary": {
    "max_abs_delta_optimism": 0.3409147719005555,
    "max_abs_transition_optimism": 0.15827167600448655,
    "mean_abs_delta_optimism": 0.1674924278691487,
    "mean_abs_transition_optimism": 0.06588829422720857,
    "mean_eval_cell_image_latent_cosine": 0.588567912685418,
    "mean_eval_effective_rank_z": 6.849254130860022,
    "mean_real_delta_cosine": 0.7328248153870938,
    "mean_real_delta_rank": 4.724825760610754,
    "mean_real_recall_at_1": 0.8518518518518519,
    "mean_real_transition": 0.12915575640688481,
    "mean_train_batch_probe_cv": 0.3861111111111111,
    "mean_train_perturbation_probe_cv": 0.337037037037037,
    "representation": "rna_to_image_pca_ridge",
    "representation_class": "non_oracle",
    "seed_policy_count": 15
  },
  "source_experiment": "F071",
  "true_z_bio_summary": {
    "max_abs_delta_optimism": 0.18267513554844383,
    "max_abs_transition_optimism": 0.0433457611885803,
    "mean_abs_delta_optimism": 0.05119970601882025,
    "mean_abs_transition_optimism": 0.016932093882304954,
    "mean_eval_cell_image_latent_cosine": 0.0,
    "mean_eval_effective_rank_z": 5.574002608851815,
    "mean_real_delta_cosine": 0.9648553302171389,
    "mean_real_delta_rank": 3.55143600767371,
    "mean_real_recall_at_1": 1.0,
    "mean_real_transition": 0.16953120162800714,
    "mean_train_batch_probe_cv": 0.19444444444444445,
    "mean_train_perturbation_probe_cv": 0.4564814814814815,
    "representation": "true_z_bio",
    "representation_class": "oracle",
    "seed_policy_count": 15
  }
}
