{
  "action_negative_loss": 0.017877645790576935,
  "delta_direction_loss": 0.06164669990539551,
  "image_to_rna_loss": 0.0089265750721097,
  "loss": 0.16027577221393585,
  "mean_negative_transition_cosine": 0.8482983708381653,
  "mean_positive_transition_cosine": 0.9669517278671265,
  "pca_anchor_loss": 0.36227548122406006,
  "rna_to_image_loss": 0.005735393147915602,
  "source_improvement_hinge": 0.0,
  "transition_loss": 0.042906925082206726,
  "variance_loss": 0.0006409573252312839
}
