{
  "direct_delta_cosine": 0.9330257414801179,
  "direct_delta_rank": 10.488681400568783,
  "direct_recall_at_1": 1.0,
  "direct_transition_improvement": 0.30952199323345625,
  "floor_delta_cosine": 0.8598128774723361,
  "floor_delta_rank": 7.991735123137308,
  "floor_init_error": 7.270955590943373e-07,
  "floor_recall_at_1": 1.0,
  "floor_transition_improvement": 0.26880567986802334,
  "identity_violation": 0.0,
  "image_target_effective_rank": 8.311014177934762,
  "image_to_rna_recall_at_1": 0.8888888888888888,
  "leakage_flag": 0.0,
  "retrieval_broken_count": 0.0,
  "retrieval_broken_mean_delta_cosine_change": 0.0,
  "retrieval_broken_mean_floor_margin": 0.0,
  "retrieval_broken_mean_margin_change": 0.0,
  "retrieval_broken_mean_selected_margin": 0.0,
  "retrieval_broken_mean_transition_gain_change": 0.0,
  "retrieval_broken_near_tie_fraction": 0.0,
  "retrieval_floor_median_rank": 1.0,
  "retrieval_mean_floor_margin": 0.15060633838384138,
  "retrieval_mean_margin_change": -0.0006765562997654192,
  "retrieval_mean_rank_change": 0.0,
  "retrieval_mean_residual_norm": 0.03239088782595164,
  "retrieval_mean_selected_margin": 0.14992978208407592,
  "retrieval_preserved_correct_count": 27.0,
  "retrieval_repaired_count": 0.0,
  "retrieval_row_count": 27.0,
  "retrieval_selected_median_rank": 1.0,
  "retrieval_still_wrong_count": 0.0,
  "rna_to_image_recall_at_1": 0.7407407407407407,
  "rowwise_active_fraction": 0.4444444444444444,
  "rowwise_effective_scale": 0.022222222222222223,
  "rowwise_risk_score_mean": -0.582001016291337,
  "rowwise_selected_base_scale": 0.05,
  "seed": 18,
  "selected_action_negative_gap": 0.010231629300218426,
  "selected_delta_cosine": 0.8639002490337326,
  "selected_delta_rank": 8.133162279160922,
  "selected_gap_delta_cosine": 0.004087371561396491,
  "selected_gap_recall": 0.0,
  "selected_gap_transition": 0.002329024679061098,
  "selected_magnitude_ratio": 1.010269816996347,
  "selected_recall_at_1": 1.0,
  "selected_residual_scale": 0.022222222222222223,
  "selected_transition_improvement": 0.27113470454708444,
  "target_effective_rank": 6.383275649741031,
  "train_rowwise_floor_delta_cosine": 0.8999626286834626,
  "train_rowwise_floor_recall_at_1": 0.5,
  "train_rowwise_floor_transition": 0.3078009388576258,
  "train_rowwise_selected_active_fraction": 0.4444444444444444,
  "train_rowwise_selected_broken_count": 0.0,
  "train_rowwise_selected_delta_cosine": 0.9040398811828187,
  "train_rowwise_selected_gap_delta_cosine": 0.004077252499356199,
  "train_rowwise_selected_gap_recall": 0.0,
  "train_rowwise_selected_gap_transition": 0.0016081511076018185,
  "train_rowwise_selected_near_tie_erosions": 0.0,
  "train_rowwise_selected_near_tie_flips": 0.0,
  "train_rowwise_selected_recall_at_1": 0.5,
  "train_rowwise_selected_scale": 0.05,
  "train_rowwise_selected_threshold": -0.02589251320073385,
  "train_rowwise_selected_transition": 0.30940908996522765,
  "train_rowwise_selected_unsafe_count": 20.0
}
