{
  "base_action_negative_loss": 0.027225960046052933,
  "base_delta_direction_loss": 0.05994600057601929,
  "base_image_to_rna_loss": 0.015213685110211372,
  "base_loss": 0.1754920780658722,
  "base_mean_negative_transition_cosine": 0.6293403506278992,
  "base_mean_positive_transition_cosine": 0.9527786374092102,
  "base_pca_anchor_loss": 0.32437747716903687,
  "base_rna_to_image_loss": 0.00859887432307005,
  "base_source_improvement_hinge": 0.00011328724212944508,
  "base_transition_loss": 0.05681812763214111,
  "base_variance_loss": 0.0012112092226743698,
  "head_head_delta_loss": 0.024687767028808594,
  "head_head_endpoint_loss": 0.0123557448387146,
  "head_head_floor_delta_hinge": 0.0,
  "head_head_floor_endpoint_hinge": 3.8728521758457646e-05,
  "head_head_loss": 0.03495543450117111,
  "head_head_residual_norm": 0.0009987220400944352,
  "head_head_residual_scale": 1.0146275758743286,
  "seed": 18
}
