{
  "device_used": "cpu",
  "final_active_std_dims": 24.0,
  "final_loss": 0.30255112051963806,
  "final_mse": 0.13528777658939362,
  "final_prediction_target_cosine_train": 0.791235625743866,
  "final_relational_loss": 0.17404471337795258,
  "relational_weight": 0.5,
  "steps": 80.0
}
