{
  "action_negative_transition_gap": 0.09649874657947188,
  "direct_delta_cosine": 0.8878075957796429,
  "direct_delta_rank": 10.011618806668196,
  "direct_magnitude_ratio": 0.8559008721502152,
  "direct_recall_at_1": 0.8518518518518519,
  "direct_transition_improvement": 0.500051858346861,
  "identity_violation": 0.0,
  "image_target_effective_rank": 7.086538570348446,
  "image_to_rna_recall_at_1": 0.8888888888888888,
  "leakage_flag": 0.0,
  "local_floor_gap_delta_cosine": -0.03713726662093342,
  "local_floor_gap_recall": -0.03703703703703698,
  "local_floor_gap_transition": -0.034277080357912104,
  "protected_floor_gap_delta_cosine": 0.48980759577964283,
  "protected_floor_gap_recall": 0.3703518518518519,
  "protected_floor_gap_transition": 0.49435185834686096,
  "ridge_floor_delta_cosine": 0.9249448624005763,
  "ridge_floor_delta_rank": 5.868406613341141,
  "ridge_floor_recall_at_1": 0.8888888888888888,
  "ridge_floor_transition_improvement": 0.534328938704773,
  "rna_to_image_recall_at_1": 0.8148148148148148,
  "target_effective_rank": 7.109431669890667
}
