{
  "action_negative_loss": 0.0015625000232830644,
  "active_delta_std_dims": 24.0,
  "delta_cosine_train": 0.809280514717102,
  "delta_variance_loss": 0.0,
  "device_used": "cuda",
  "image_to_rna_loss": 0.0216384194791317,
  "loss": 0.5149562954902649,
  "magnitude_loss": 0.3652384281158447,
  "pca_delta_direction_loss": 0.19071948528289795,
  "relational_loss": 0.1046336442232132,
  "rna_to_image_loss": 0.00996618065983057,
  "source_anchor_cosine": 0.9981726408004761,
  "source_anchor_loss": 0.0027755401097238064,
  "source_improvement_hinge": 0.003685672301799059,
  "steps": 600.0,
  "target_anchor_cosine": 0.9864529371261597,
  "target_anchor_loss": 0.02344009280204773,
  "teacher_delta_direction_loss": 0.17354774475097656,
  "transition_anchor_cosine": 0.7858302593231201,
  "transition_anchor_loss": 0.23890939354896545,
  "transition_loss": 0.22539538145065308,
  "variance_loss": 0.017902478575706482
}
