{
  "final_loss": 0.751829206943512,
  "final_train_cosine": 0.7851875424385071
}
