{
  "action_negative_transition_gap": 0.019971702666985704,
  "direct_delta_cosine": 0.2641602930641669,
  "direct_delta_rank": 6.491847495608478,
  "direct_magnitude_ratio": 1.2832085209787845,
  "direct_recall_at_1": 0.8148148148148148,
  "direct_transition_improvement": 0.06782742380317341,
  "identity_violation": 0.0,
  "image_target_effective_rank": 5.792151142083556,
  "image_to_rna_recall_at_1": 0.8888888888888888,
  "leakage_flag": 0.0,
  "ridge_floor_delta_cosine": 0.8739639175133193,
  "ridge_floor_delta_rank": 5.520607315771544,
  "ridge_floor_recall_at_1": 0.7777777777777778,
  "ridge_floor_transition_improvement": 0.0964963193118168,
  "rna_to_image_recall_at_1": 0.7777777777777778,
  "target_effective_rank": 4.70653769072506
}
