{
  "action_negative_transition_gap": 0.0029304642776524087,
  "benchmark": "synth_program_aligned_extrapolative_holdout_lite",
  "calibrated_action_negative_gap": 0.0194224595874556,
  "calibrated_delta_cosine": 0.9047365628809659,
  "calibrated_delta_cosine_gain": 0.30539247702095274,
  "calibrated_delta_rank": 7.443545162822543,
  "calibrated_magnitude_ratio": 1.0165223638262417,
  "calibrated_recall_at_1": 1.0,
  "calibrated_recall_gain": 0.0,
  "calibrated_transition_gain": 0.02481354832609592,
  "calibrated_transition_improvement": 0.12491412882339287,
  "direct_delta_cosine": 0.5352315944671884,
  "direct_delta_rank": 9.68485618225502,
  "direct_magnitude_ratio": 1.339924873257383,
  "direct_recall_at_1": 0.8888888888888888,
  "direct_transition_improvement": 0.02224424798336672,
  "identity_violation": 0.0,
  "image_target_effective_rank": 6.328013329401921,
  "image_teacher_action_negative_gap": 0.01279411665791294,
  "image_teacher_delta_cosine": 0.5993440858600132,
  "image_teacher_delta_rank": 8.148375198731863,
  "image_teacher_magnitude_ratio": 1.9958545313068936,
  "image_teacher_recall_at_1": 1.0,
  "image_teacher_transition_improvement": 0.10010058049729695,
  "image_to_rna_recall_at_1": 0.7407407407407407,
  "leakage_flag": 0.0,
  "policy": "extrapolative_index",
  "ridge_floor_delta_cosine": 0.5725543104023868,
  "ridge_floor_delta_rank": 6.706419804061511,
  "ridge_floor_recall_at_1": 0.9259259259259259,
  "ridge_floor_transition_improvement": 0.030754500541249057,
  "rna_to_image_recall_at_1": 0.7037037037037037,
  "seed": 37,
  "source_image_cosine": 0.9802070646414689,
  "source_image_effective_rank": 3.3839706198947126,
  "target_effective_rank": 6.936683140871503,
  "target_image_cosine": 0.8596515084056077,
  "target_image_effective_rank": 6.978735824405894,
  "train_calibrated_delta_cosine": 0.9832877283796072,
  "train_calibrated_delta_rank": 8.429392668514797,
  "train_calibrated_magnitude_ratio": 0.9833870880906636,
  "train_calibrated_recall_at_1": 0.5,
  "train_calibrated_transition_improvement": 0.1928701644107145,
  "train_raw_delta_cosine": 0.684168036102847,
  "train_raw_delta_rank": 9.445114605189342,
  "train_raw_recall_at_1": 0.5,
  "train_raw_transition_improvement": 0.16226187163624556,
  "transition_image_cosine": 0.9484591731162104
}
