{
  "action_negative_loss": 0.015625,
  "active_delta_std_dims": 24.0,
  "delta_cosine_train": 0.9027713537216187,
  "delta_variance_loss": 0.0,
  "device_used": "cpu",
  "image_to_rna_loss": 0.013777757063508034,
  "loss": 0.2596662640571594,
  "magnitude_loss": 0.2992147207260132,
  "pca_delta_direction_loss": 0.09722864627838135,
  "relational_loss": 0.013506796211004257,
  "rna_to_image_loss": 0.012075618840754032,
  "source_anchor_cosine": 0.9775778651237488,
  "source_anchor_loss": 0.027353327721357346,
  "source_improvement_hinge": 0.0,
  "steps": 120.0,
  "target_anchor_cosine": 0.9548991918563843,
  "target_anchor_loss": 0.04998403787612915,
  "teacher_delta_direction_loss": 0.3032490015029907,
  "transition_anchor_cosine": 0.9670658707618713,
  "transition_anchor_loss": 0.03861533850431442,
  "transition_loss": 0.0676543340086937,
  "variance_loss": 0.032576993107795715
}
