{
  "direct_delta_cosine": 0.7627998356601197,
  "direct_delta_rank": 8.743844562236855,
  "direct_recall_at_1": 0.6666666666666666,
  "direct_transition_improvement": 0.025980871640888123,
  "floor_delta_cosine": 0.802668188957527,
  "floor_delta_rank": 6.140644192712312,
  "floor_init_error": 1.3872938087189368e-06,
  "floor_recall_at_1": 0.7037037037037037,
  "floor_transition_improvement": 0.09150019724766734,
  "identity_violation": 0.0,
  "image_target_effective_rank": 7.999227119420741,
  "image_to_rna_recall_at_1": 0.6666666666666666,
  "leakage_flag": 0.0,
  "retrieval_broken_count": 0.0,
  "retrieval_broken_mean_delta_cosine_change": 0.0,
  "retrieval_broken_mean_floor_margin": 0.0,
  "retrieval_broken_mean_margin_change": 0.0,
  "retrieval_broken_mean_selected_margin": 0.0,
  "retrieval_broken_mean_transition_gain_change": 0.0,
  "retrieval_broken_near_tie_fraction": 0.0,
  "retrieval_floor_median_rank": 1.0,
  "retrieval_mean_floor_margin": -0.04128638924090401,
  "retrieval_mean_margin_change": -0.006798906276376681,
  "retrieval_mean_rank_change": -0.037037037037037035,
  "retrieval_mean_residual_norm": 0.06452096261083719,
  "retrieval_mean_selected_margin": -0.048085295517280705,
  "retrieval_preserved_correct_count": 19.0,
  "retrieval_repaired_count": 0.0,
  "retrieval_row_count": 27.0,
  "retrieval_selected_median_rank": 1.0,
  "retrieval_still_wrong_count": 8.0,
  "rna_to_image_recall_at_1": 0.7407407407407407,
  "rowwise_active_fraction": 0.6666666666666666,
  "rowwise_effective_scale": 0.03333333333333333,
  "rowwise_risk_score_mean": -1.4462427645261382,
  "rowwise_selected_base_scale": 0.05,
  "seed": 36,
  "selected_action_negative_gap": 0.014338528259394204,
  "selected_cone_mix": 0.0,
  "selected_delta_cosine": 0.8014581143521347,
  "selected_delta_rank": 6.34007716858248,
  "selected_gap_delta_cosine": -0.0012100746053923528,
  "selected_gap_recall": 0.0,
  "selected_gap_transition": -0.003157108904245115,
  "selected_magnitude_ratio": 1.0607057288520967,
  "selected_recall_at_1": 0.7037037037037037,
  "selected_residual_scale": 0.03333333333333333,
  "selected_transition_improvement": 0.08834308834342222,
  "target_effective_rank": 6.035901535289181,
  "train_rowwise_floor_delta_cosine": 0.9474792601703567,
  "train_rowwise_floor_recall_at_1": 0.4722222222222222,
  "train_rowwise_floor_transition": 0.33616364104945845,
  "train_rowwise_selected_active_fraction": 0.5555555555555556,
  "train_rowwise_selected_broken_count": 0.0,
  "train_rowwise_selected_delta_cosine": 0.9499711499167055,
  "train_rowwise_selected_gap_delta_cosine": 0.002491889746348841,
  "train_rowwise_selected_gap_recall": 0.02777777777777779,
  "train_rowwise_selected_gap_transition": 0.0022456187746994205,
  "train_rowwise_selected_near_tie_erosions": 0.0,
  "train_rowwise_selected_near_tie_flips": 0.0,
  "train_rowwise_selected_recall_at_1": 0.5,
  "train_rowwise_selected_scale": 0.05,
  "train_rowwise_selected_threshold": -0.5081506853947825,
  "train_rowwise_selected_transition": 0.33840925982415787,
  "train_rowwise_selected_unsafe_count": 15.0,
  "train_selected_safe_nonzero": true
}
