seed	loss	transition_loss	rna_to_image_loss	image_to_rna_loss	target_anchor_loss	source_anchor_loss	transition_anchor_loss	pca_delta_direction_loss	teacher_delta_direction_loss	source_improvement_hinge	action_negative_loss	magnitude_loss	variance_loss	delta_variance_loss	relational_loss	target_anchor_cosine	source_anchor_cosine	transition_anchor_cosine	delta_cosine_train	active_delta_std_dims	steps	device_used
37	0.5196847319602966	0.21633793413639069	0.01197975967079401	0.02321789227426052	0.021648257970809937	0.00945487804710865	0.21930047869682312	0.2178434133529663	0.17767882347106934	0.004840048961341381	0.013115872628986835	0.35964930057525635	0.018567435443401337	0.0	0.10207123309373856	0.9855909943580627	0.9925471544265747	0.7972807884216309	0.7821565866470337	24.0	600.0	cuda
38	0.5673695802688599	0.23156122863292694	0.013838850893080235	0.027372505515813828	0.022177385166287422	0.00680819246917963	0.23185372352600098	0.25257861614227295	0.1939699649810791	0.01829364337027073	0.000617758953012526	0.26364704966545105	0.020632563158869743	0.0	0.11993738263845444	0.9825059175491333	0.9953022599220276	0.7833260297775269	0.747421383857727	24.0	600.0	cuda
39	0.5149562954902649	0.22539538145065308	0.00996618065983057	0.0216384194791317	0.02344009280204773	0.0027755401097238064	0.23890939354896545	0.19071948528289795	0.17354774475097656	0.003685672301799059	0.0015625000232830644	0.3652384281158447	0.017902478575706482	0.0	0.1046336442232132	0.9864529371261597	0.9981726408004761	0.7858302593231201	0.809280514717102	24.0	600.0	cuda
