dataset	seed	eval_split	status	bag_count	rna_to_rna_same_bag_recall@1	image_to_image_same_bag_recall@1	rna_to_image_same_bio_recall@1	rna_to_image_same_bio_recall@5	rna_half_batch_probe_balanced_accuracy	rna_half_batch_probe_majority_accuracy	image_half_batch_probe_balanced_accuracy	image_half_batch_probe_majority_accuracy
synth_genetic_anchor_lite	0	test_heldout_perturbation	ok	108	0.32407407407407407	0.9814814814814815	0.6388888888888888	0.8888888888888888	0.6666666666666666	0.3333333333333333	0.9722222222222223	0.3333333333333333
synth_genetic_anchor_lite	1	test_heldout_perturbation	ok	108	0.3055555555555556	0.9351851851851852	0.4351851851851852	0.7037037037037037	0.5370370370370371	0.3333333333333333	0.8935185185185185	0.3333333333333333
synth_genetic_anchor_lite	2	test_heldout_perturbation	ok	108	0.2777777777777778	0.8981481481481481	0.5277777777777778	0.7129629629629629	0.5601851851851852	0.3333333333333333	0.7824074074074074	0.3333333333333333
synth_batch_confound_lite	0	test	ok	126	0.3492063492063492	0.8412698412698413	0.30158730158730157	0.626984126984127	0.6472222222222221	0.35714285714285715	0.9537037037037037	0.35714285714285715
synth_batch_confound_lite	1	test	ok	126	0.373015873015873	0.8253968253968254	0.15873015873015872	0.5158730158730159	0.6851851851851852	0.35714285714285715	0.9518518518518518	0.35714285714285715
synth_batch_confound_lite	2	test	ok	126	0.42063492063492064	0.8650793650793651	0.16666666666666666	0.5158730158730159	0.7111111111111111	0.35714285714285715	0.9138888888888889	0.35714285714285715
