{
  "floor_delta_cosine": 0.8418910341147743,
  "floor_recall_at_1": 0.5925925925925926,
  "floor_transition_improvement": 0.1707350373131547,
  "identity_violation": 0.0,
  "inner_val_floor_delta_cosine": 0.8934681092460667,
  "inner_val_floor_recall_at_1": 0.5,
  "inner_val_floor_transition": 0.20186171108345005,
  "inner_val_selected_delta_cosine": 0.94284515949237,
  "inner_val_selected_gap_delta_cosine": 0.049377050246303344,
  "inner_val_selected_gap_recall": 0.09090909090909094,
  "inner_val_selected_gap_transition": 0.018512555896985805,
  "inner_val_selected_recall_at_1": 0.5909090909090909,
  "inner_val_selected_scale": 1.0,
  "inner_val_selected_transition": 0.22037426698043586,
  "leakage_flag": 0.0,
  "retrieval_broken_count": 4.0,
  "retrieval_broken_mean_delta_cosine_change": 0.02367164385108772,
  "retrieval_broken_mean_floor_margin": 0.0010041597064095742,
  "retrieval_broken_mean_margin_change": -0.002360323592456942,
  "retrieval_broken_mean_selected_margin": -0.001356163886047368,
  "retrieval_broken_mean_transition_gain_change": 0.0014027506815658675,
  "retrieval_broken_near_tie_fraction": 1.0,
  "retrieval_floor_median_rank": 1.0,
  "retrieval_mean_floor_margin": -0.0017944427586545578,
  "retrieval_mean_margin_change": 0.05740645767798362,
  "retrieval_mean_rank_change": -0.3333333333333333,
  "retrieval_mean_residual_norm": 1.4390963029203543,
  "retrieval_mean_selected_margin": 0.055612014919329066,
  "retrieval_preserved_correct_count": 12.0,
  "retrieval_repaired_count": 6.0,
  "retrieval_row_count": 27.0,
  "retrieval_selected_median_rank": 1.0,
  "retrieval_still_wrong_count": 5.0,
  "seed": 1,
  "selected_delta_cosine": 0.907612517266586,
  "selected_delta_rank": 10.371741735540782,
  "selected_gap_delta_cosine": 0.0657214831518117,
  "selected_gap_recall": 0.07407407407407407,
  "selected_gap_transition": 0.01766911339596622,
  "selected_magnitude_ratio": 1.0482673532287006,
  "selected_recall_at_1": 0.6666666666666666,
  "selected_residual_scale": 1.0,
  "selected_transition_improvement": 0.18840415070912092
}
