{
  "action_negative_loss": 0.0017857144121080637,
  "active_delta_std_dims": 24.0,
  "delta_cosine_train": 0.8435933589935303,
  "delta_variance_loss": 0.0,
  "device_used": "cuda",
  "image_to_rna_loss": 0.13986319303512573,
  "loss": 0.5664507746696472,
  "magnitude_loss": 0.8168519139289856,
  "pca_delta_direction_loss": 0.15640664100646973,
  "relational_loss": 0.10617011040449142,
  "rna_to_image_loss": 0.006181769538670778,
  "source_anchor_cosine": 0.9834640026092529,
  "source_anchor_loss": 0.018141085281968117,
  "source_improvement_hinge": 0.0013886683154851198,
  "steps": 120.0,
  "target_anchor_cosine": 0.9637506604194641,
  "target_anchor_loss": 0.06120629608631134,
  "teacher_delta_direction_loss": 0.17919766902923584,
  "transition_anchor_cosine": 0.7920530438423157,
  "transition_anchor_loss": 0.25355949997901917,
  "transition_loss": 0.21047617495059967,
  "variance_loss": 0.014707231894135475
}
