{
  "direct_delta_cosine": 0.8607322738319985,
  "direct_delta_rank": 9.04214296154892,
  "direct_recall_at_1": 0.5555555555555556,
  "direct_transition_improvement": 0.43643896623972417,
  "floor_delta_cosine": 0.8728070115030019,
  "floor_delta_rank": 6.461749231903911,
  "floor_init_error": 5.589253340154698e-07,
  "floor_recall_at_1": 0.7037037037037037,
  "floor_transition_improvement": 0.4469103177162808,
  "identity_violation": 0.0,
  "image_target_effective_rank": 7.267879006787531,
  "image_to_rna_recall_at_1": 0.7037037037037037,
  "leakage_flag": 0.0,
  "retrieval_broken_count": 0.0,
  "retrieval_broken_mean_delta_cosine_change": 0.0,
  "retrieval_broken_mean_floor_margin": 0.0,
  "retrieval_broken_mean_margin_change": 0.0,
  "retrieval_broken_mean_selected_margin": 0.0,
  "retrieval_broken_mean_transition_gain_change": 0.0,
  "retrieval_broken_near_tie_fraction": 0.0,
  "retrieval_floor_median_rank": 1.0,
  "retrieval_mean_floor_margin": 0.08714160365190943,
  "retrieval_mean_margin_change": -0.00057456397244771,
  "retrieval_mean_rank_change": 0.0,
  "retrieval_mean_residual_norm": 0.05525759488181291,
  "retrieval_mean_selected_margin": 0.08656703967946172,
  "retrieval_preserved_correct_count": 19.0,
  "retrieval_repaired_count": 0.0,
  "retrieval_row_count": 27.0,
  "retrieval_selected_median_rank": 1.0,
  "retrieval_still_wrong_count": 8.0,
  "rna_to_image_recall_at_1": 0.7037037037037037,
  "seed": 10,
  "selected_action_negative_gap": 0.022559506379201566,
  "selected_delta_cosine": 0.8730262897090926,
  "selected_delta_rank": 6.695430032498728,
  "selected_gap_delta_cosine": 0.0002192782060906895,
  "selected_gap_recall": 0.0,
  "selected_gap_transition": 0.00015685301724743805,
  "selected_magnitude_ratio": 1.081785291358679,
  "selected_recall_at_1": 0.7037037037037037,
  "selected_residual_scale": 0.05,
  "selected_transition_improvement": 0.44706717073352825,
  "target_effective_rank": 8.485393849699653,
  "train_small_cap_floor_delta_cosine": 0.9474093185173393,
  "train_small_cap_floor_recall_at_1": 0.5,
  "train_small_cap_floor_transition": 0.5922423185021983,
  "train_small_cap_selected_delta_cosine": 0.9504686861416989,
  "train_small_cap_selected_gap_delta_cosine": 0.0030593676243595436,
  "train_small_cap_selected_gap_recall": 0.0,
  "train_small_cap_selected_gap_transition": 0.0019042478694332177,
  "train_small_cap_selected_recall_at_1": 0.5,
  "train_small_cap_selected_scale": 0.05,
  "train_small_cap_selected_train_broken_count_diagnostic_only": 1.0,
  "train_small_cap_selected_train_mean_margin_change_diagnostic_only": 3.919511670487683e-05,
  "train_small_cap_selected_transition": 0.5941465663716315
}
