{
  "action_negative_loss": 0.003362121060490608,
  "active_delta_std_dims": 24.0,
  "delta_cosine_train": 0.6018069386482239,
  "delta_variance_loss": 0.0,
  "device_used": "cuda",
  "image_to_rna_loss": 0.23014672100543976,
  "loss": 1.1401269435882568,
  "magnitude_loss": 0.35444769263267517,
  "pca_delta_direction_loss": 0.3981930613517761,
  "relational_loss": 0.13627804815769196,
  "rna_to_image_loss": 0.0994984582066536,
  "source_anchor_cosine": 0.9860576391220093,
  "source_anchor_loss": 0.0168414618819952,
  "source_improvement_hinge": 0.00862190593034029,
  "steps": 120.0,
  "target_anchor_cosine": 0.8350139260292053,
  "target_anchor_loss": 0.17792588472366333,
  "teacher_delta_direction_loss": 0.2973671555519104,
  "transition_anchor_cosine": 0.5785331726074219,
  "transition_anchor_loss": 0.4468456208705902,
  "transition_loss": 0.4757711589336395,
  "variance_loss": 9.736667561810464e-05
}
