{
  "action_negative_loss": 0.049593813717365265,
  "active_delta_std_dims": 24.0,
  "delta_cosine_train": 0.01413510087877512,
  "delta_variance_loss": 0.0,
  "device_used": "cuda",
  "image_to_rna_loss": 0.039312899112701416,
  "loss": 120566.296875,
  "magnitude_loss": 6.340531826019287,
  "pca_delta_direction_loss": 0.9858648777008057,
  "relational_loss": 0.23644444346427917,
  "rna_to_image_loss": 0.032844677567481995,
  "source_anchor_cosine": 0.8982466459274292,
  "source_anchor_loss": 8931.9951171875,
  "source_improvement_hinge": 0.00825281348079443,
  "steps": 120.0,
  "target_anchor_cosine": 0.7907069325447083,
  "target_anchor_loss": 130489.109375,
  "teacher_delta_direction_loss": 0.37047553062438965,
  "transition_anchor_cosine": 0.9128432273864746,
  "transition_anchor_loss": 130486.765625,
  "transition_loss": 0.3629390597343445,
  "variance_loss": 0.031291037797927856
}
