{
  "final_loss": 0.5568091869354248,
  "final_train_cosine": 0.8345418572425842
}
