{
  "action_negative_transition_gap": 0.005964191141534028,
  "benchmark": "synth_program_aligned_random_holdout_lite",
  "calibrated_action_negative_gap": 0.03450922096553502,
  "calibrated_delta_cosine": 0.9388418469860139,
  "calibrated_delta_cosine_gain": 0.1903280901576384,
  "calibrated_delta_rank": 6.637622792730137,
  "calibrated_magnitude_ratio": 1.0112652212355961,
  "calibrated_recall_at_1": 1.0,
  "calibrated_recall_gain": 0.0,
  "calibrated_transition_gain": 0.014510469201176268,
  "calibrated_transition_improvement": 0.18934949054442232,
  "direct_delta_cosine": 0.6107214244595469,
  "direct_delta_rank": 8.278563468335092,
  "direct_magnitude_ratio": 1.0221719303981405,
  "direct_recall_at_1": 0.6296296296296297,
  "direct_transition_improvement": 0.0680542876080573,
  "identity_violation": 0.0,
  "image_target_effective_rank": 6.517966024066204,
  "image_teacher_action_negative_gap": 0.02822623622313364,
  "image_teacher_delta_cosine": 0.7485137568283755,
  "image_teacher_delta_rank": 8.114935766153296,
  "image_teacher_magnitude_ratio": 1.5876537963248927,
  "image_teacher_recall_at_1": 1.0,
  "image_teacher_transition_improvement": 0.17483902134324605,
  "image_to_rna_recall_at_1": 0.7777777777777778,
  "leakage_flag": 0.0,
  "policy": "random_perturbation",
  "ridge_floor_delta_cosine": 0.6390653681594815,
  "ridge_floor_delta_rank": 5.484481140870611,
  "ridge_floor_recall_at_1": 0.6666666666666666,
  "ridge_floor_transition_improvement": 0.05554803302006114,
  "rna_to_image_recall_at_1": 0.7407407407407407,
  "seed": 39,
  "source_image_cosine": 0.9947649026161183,
  "source_image_effective_rank": 3.206815011825058,
  "target_effective_rank": 10.208764941816227,
  "target_image_cosine": 0.778929560936262,
  "target_image_effective_rank": 7.065660090286324,
  "train_calibrated_delta_cosine": 0.9820745859760636,
  "train_calibrated_delta_rank": 8.021581291171834,
  "train_calibrated_magnitude_ratio": 0.9825622338083468,
  "train_calibrated_recall_at_1": 0.5,
  "train_calibrated_transition_improvement": 0.20809401042050688,
  "train_raw_delta_cosine": 0.7976667646875077,
  "train_raw_delta_rank": 9.476984745304712,
  "train_raw_recall_at_1": 0.5,
  "train_raw_transition_improvement": 0.19291246928887867,
  "transition_image_cosine": 0.9574380981386669
}
