{
  "action_negative_loss": 0.014062500558793545,
  "active_delta_std_dims": 24.0,
  "delta_cosine_train": 0.9360292553901672,
  "delta_variance_loss": 0.0,
  "device_used": "cpu",
  "image_to_rna_loss": 0.02486012689769268,
  "loss": 0.2142132818698883,
  "magnitude_loss": 0.40292489528656006,
  "pca_delta_direction_loss": 0.06397074460983276,
  "relational_loss": 0.009361290372908115,
  "rna_to_image_loss": 0.003870935644954443,
  "source_anchor_cosine": 0.9947914481163025,
  "source_anchor_loss": 0.008760960772633553,
  "source_improvement_hinge": 0.0,
  "steps": 120.0,
  "target_anchor_cosine": 0.9824376106262207,
  "target_anchor_loss": 0.02119298279285431,
  "teacher_delta_direction_loss": 0.2104017734527588,
  "transition_anchor_cosine": 0.9793697595596313,
  "transition_anchor_loss": 0.023895958438515663,
  "transition_loss": 0.09279290586709976,
  "variance_loss": 0.0559951476752758
}
