{
  "action_negative_transition_gap": 0.02381596585185724,
  "benchmark": "synth_program_aligned_stratified_holdout_lite",
  "calibrated_action_negative_gap": 0.07776298986248104,
  "calibrated_delta_cosine": 0.9537105368235542,
  "calibrated_delta_cosine_gain": 0.19582365770049726,
  "calibrated_delta_rank": 6.5131396217093736,
  "calibrated_magnitude_ratio": 1.0433908294809993,
  "calibrated_recall_at_1": 1.0,
  "calibrated_recall_gain": 0.0,
  "calibrated_transition_gain": 0.018690539683311413,
  "calibrated_transition_improvement": 0.22972469046621682,
  "direct_delta_cosine": 0.6047217627042455,
  "direct_delta_rank": 8.406579798556942,
  "direct_magnitude_ratio": 1.3630015204143706,
  "direct_recall_at_1": 0.8888888888888888,
  "direct_transition_improvement": -0.005743426483524731,
  "identity_violation": 0.0,
  "image_target_effective_rank": 7.329582259268787,
  "image_teacher_action_negative_gap": 0.06109797568763861,
  "image_teacher_delta_cosine": 0.757886879123057,
  "image_teacher_delta_rank": 8.299425917554542,
  "image_teacher_magnitude_ratio": 1.4264172908005892,
  "image_teacher_recall_at_1": 1.0,
  "image_teacher_transition_improvement": 0.2110341507829054,
  "image_to_rna_recall_at_1": 0.5925925925925926,
  "leakage_flag": 0.0,
  "policy": "stratified_program",
  "ridge_floor_delta_cosine": 0.6234589658232439,
  "ridge_floor_delta_rank": 5.985372943361789,
  "ridge_floor_recall_at_1": 0.9629629629629629,
  "ridge_floor_transition_improvement": -0.036567280903485086,
  "rna_to_image_recall_at_1": 0.6296296296296297,
  "seed": 36,
  "source_image_cosine": 0.9923626913061363,
  "source_image_effective_rank": 3.3127697905917763,
  "target_effective_rank": 8.758004101746138,
  "target_image_cosine": 0.8289343947188355,
  "target_image_effective_rank": 7.002894761853632,
  "train_calibrated_delta_cosine": 0.9879385186815823,
  "train_calibrated_delta_rank": 7.669226730649929,
  "train_calibrated_magnitude_ratio": 0.9871797305858566,
  "train_calibrated_recall_at_1": 0.5,
  "train_calibrated_transition_improvement": 0.28552918327964255,
  "train_raw_delta_cosine": 0.7861846301580624,
  "train_raw_delta_rank": 9.533056331276054,
  "train_raw_recall_at_1": 0.5,
  "train_raw_transition_improvement": 0.2575854077657971,
  "transition_image_cosine": 0.9576854439681732
}
