{
  "action_negative_loss": 0.01250000111758709,
  "active_delta_std_dims": 24.0,
  "delta_cosine_train": 0.9459328651428223,
  "delta_variance_loss": 0.0,
  "device_used": "cpu",
  "image_to_rna_loss": 0.026570869609713554,
  "loss": 0.21826894581317902,
  "magnitude_loss": 0.2155926525592804,
  "pca_delta_direction_loss": 0.054067134857177734,
  "relational_loss": 0.03505022078752518,
  "rna_to_image_loss": 0.008518963120877743,
  "source_anchor_cosine": 0.9929733276367188,
  "source_anchor_loss": 0.010380256921052933,
  "source_improvement_hinge": 0.0,
  "steps": 120.0,
  "target_anchor_cosine": 0.9689779281616211,
  "target_anchor_loss": 0.0348949134349823,
  "teacher_delta_direction_loss": 0.23994094133377075,
  "transition_anchor_cosine": 0.9614472389221191,
  "transition_anchor_loss": 0.04216441512107849,
  "transition_loss": 0.0801420733332634,
  "variance_loss": 0.0396047979593277
}
