seed	source	transition_improvement	delta_cosine	condition_recall_at_1	condition_median_rank	delta_prediction_effective_rank	delta_magnitude_ratio
0	protected_current_seed0_BGWM000	0.005662	0.397963	0.481481	2.0	10.283477	0.774437
1	fresh_seed_floor_reproduction	0.0217564782854278	0.5404280277268804	0.3333333333333333	2.0	9.937518308977577	0.7933582487536444
2	fresh_seed_floor_reproduction	0.0094020646467956	0.4018851082029823	0.2962962962962963	5.0	9.632914633777684	0.5918627929859949
3	fresh_seed_floor_reproduction	0.00042434233155	0.4200548145191377	0.2592592592592592	3.0	10.48644427046468	0.8778340372856198
4	fresh_seed_floor_reproduction	0.0191624026060561	0.4972452146646043	0.2962962962962963	2.0	10.888689749023888	0.7407240625696372
