{
  "floor_delta_cosine": 0.9348091301779191,
  "floor_recall_at_1": 0.8888888888888888,
  "floor_transition_improvement": 0.14366915588425286,
  "identity_violation": 0.0,
  "inner_val_floor_delta_cosine": 0.9278397509937192,
  "inner_val_floor_recall_at_1": 0.5,
  "inner_val_floor_transition": 0.14653098784106897,
  "inner_val_selected_delta_cosine": 0.9658708032552284,
  "inner_val_selected_gap_delta_cosine": 0.03803105226150927,
  "inner_val_selected_gap_recall": 0.0,
  "inner_val_selected_gap_transition": 0.008831404316974018,
  "inner_val_selected_recall_at_1": 0.5,
  "inner_val_selected_scale": 1.0,
  "inner_val_selected_transition": 0.15536239215804298,
  "leakage_flag": 0.0,
  "retrieval_broken_count": 3.0,
  "retrieval_broken_mean_delta_cosine_change": 0.015530890009343898,
  "retrieval_broken_mean_floor_margin": 0.005743249971804569,
  "retrieval_broken_mean_margin_change": -0.007630664353645011,
  "retrieval_broken_mean_selected_margin": -0.0018874143818404427,
  "retrieval_broken_mean_transition_gain_change": 0.012682357378398623,
  "retrieval_broken_near_tie_fraction": 1.0,
  "retrieval_floor_median_rank": 1.0,
  "retrieval_mean_floor_margin": 0.04787862585862564,
  "retrieval_mean_margin_change": 0.014328353805305796,
  "retrieval_mean_rank_change": 0.1111111111111111,
  "retrieval_mean_residual_norm": 0.9008005581007865,
  "retrieval_mean_selected_margin": 0.06220697966393143,
  "retrieval_preserved_correct_count": 21.0,
  "retrieval_repaired_count": 0.0,
  "retrieval_row_count": 27.0,
  "retrieval_selected_median_rank": 1.0,
  "retrieval_still_wrong_count": 3.0,
  "seed": 0,
  "selected_delta_cosine": 0.9553143432543786,
  "selected_delta_rank": 10.006084527613568,
  "selected_gap_delta_cosine": 0.020505213076459472,
  "selected_gap_recall": -0.11111111111111105,
  "selected_gap_transition": 0.004586320397882676,
  "selected_magnitude_ratio": 1.023538631645759,
  "selected_recall_at_1": 0.7777777777777778,
  "selected_residual_scale": 1.0,
  "selected_transition_improvement": 0.14825547628213553
}
