{
  "direct_delta_cosine": 0.9553143432543786,
  "direct_delta_rank": 10.006084527613565,
  "direct_recall_at_1": 0.7777777777777778,
  "direct_transition_improvement": 0.14825547628213553,
  "floor_delta_cosine": 0.9348091301779191,
  "floor_delta_rank": 7.653265271940026,
  "floor_init_error": 6.146275541851765e-07,
  "floor_recall_at_1": 0.8888888888888888,
  "floor_transition_improvement": 0.14366915588425286,
  "identity_violation": 0.0,
  "image_target_effective_rank": 5.965925413995415,
  "image_to_rna_recall_at_1": 0.7777777777777778,
  "inner_val_floor_delta_cosine": 0.9278397509937192,
  "inner_val_floor_recall_at_1": 0.5,
  "inner_val_floor_transition": 0.14653098784106897,
  "inner_val_selected_delta_cosine": 0.9658708032552284,
  "inner_val_selected_gap_delta_cosine": 0.03803105226150927,
  "inner_val_selected_gap_recall": 0.0,
  "inner_val_selected_gap_transition": 0.008831404316974018,
  "inner_val_selected_recall_at_1": 0.5,
  "inner_val_selected_scale": 1.0,
  "inner_val_selected_transition": 0.15536239215804298,
  "leakage_flag": 0.0,
  "rna_to_image_recall_at_1": 0.8148148148148148,
  "selected_action_negative_gap": 0.02438739739335631,
  "selected_delta_cosine": 0.9553143432543786,
  "selected_delta_rank": 10.006084527613568,
  "selected_gap_delta_cosine": 0.020505213076459472,
  "selected_gap_recall": -0.11111111111111105,
  "selected_gap_transition": 0.004586320397882676,
  "selected_magnitude_ratio": 1.023538631645759,
  "selected_recall_at_1": 0.7777777777777778,
  "selected_residual_scale": 1.0,
  "selected_transition_improvement": 0.14825547628213553,
  "target_effective_rank": 4.9867390041693875
}
