{
  "base_action_negative_loss": 0.017877645790576935,
  "base_delta_direction_loss": 0.06164669990539551,
  "base_image_to_rna_loss": 0.0089265750721097,
  "base_loss": 0.16027577221393585,
  "base_mean_negative_transition_cosine": 0.8482983708381653,
  "base_mean_positive_transition_cosine": 0.9669517278671265,
  "base_pca_anchor_loss": 0.36227548122406006,
  "base_rna_to_image_loss": 0.005735393147915602,
  "base_source_improvement_hinge": 0.0,
  "base_transition_loss": 0.042906925082206726,
  "base_variance_loss": 0.0006409573252312839,
  "full_head_delta_loss": 0.017121970653533936,
  "full_head_endpoint_loss": 0.00494307279586792,
  "full_head_floor_delta_hinge": 0.00017019215738400817,
  "full_head_floor_endpoint_hinge": 0.00019469752442091703,
  "full_head_loss": 0.020872123539447784,
  "full_head_residual_norm": 0.00042498152470216155,
  "full_head_residual_scale": 0.9662563800811768,
  "inner_head_delta_loss": 0.014696657657623291,
  "inner_head_endpoint_loss": 0.0038862228393554688,
  "inner_head_floor_delta_hinge": 0.0,
  "inner_head_floor_endpoint_hinge": 2.6225392502965406e-05,
  "inner_head_loss": 0.016910092905163765,
  "inner_head_residual_norm": 0.0003693655307870358,
  "inner_head_residual_scale": 0.9804415702819824,
  "seed": 0
}
