{
  "action_negative_transition_gap": 0.020377481528111606,
  "benchmark": "synth_program_aligned_extrapolative_holdout_lite",
  "calibrated_action_negative_gap": 0.0432379901302542,
  "calibrated_delta_cosine": 0.9475604241945917,
  "calibrated_delta_cosine_gain": 0.20119099042312305,
  "calibrated_delta_rank": 6.664745148036687,
  "calibrated_magnitude_ratio": 0.9641050814458594,
  "calibrated_recall_at_1": 1.0,
  "calibrated_recall_gain": 0.0,
  "calibrated_transition_gain": 0.019479867298192177,
  "calibrated_transition_improvement": 0.1897493449902402,
  "direct_delta_cosine": 0.6133243650315653,
  "direct_delta_rank": 8.085857695599637,
  "direct_magnitude_ratio": 0.9909076361154148,
  "direct_recall_at_1": 0.8888888888888888,
  "direct_transition_improvement": 0.08073272118730017,
  "identity_violation": 0.0,
  "image_target_effective_rank": 6.969346086072031,
  "image_teacher_action_negative_gap": 0.03558398580334213,
  "image_teacher_delta_cosine": 0.7463694337714687,
  "image_teacher_delta_rank": 8.287783120102963,
  "image_teacher_magnitude_ratio": 1.6032123347746923,
  "image_teacher_recall_at_1": 1.0,
  "image_teacher_transition_improvement": 0.17026947769204803,
  "image_to_rna_recall_at_1": 0.8888888888888888,
  "leakage_flag": 0.0,
  "policy": "extrapolative_index",
  "ridge_floor_delta_cosine": 0.6437260572434922,
  "ridge_floor_delta_rank": 5.468757841177439,
  "ridge_floor_recall_at_1": 0.8888888888888888,
  "ridge_floor_transition_improvement": 0.06561870234857725,
  "rna_to_image_recall_at_1": 0.9259259259259259,
  "seed": 39,
  "source_image_cosine": 0.9926883751509588,
  "source_image_effective_rank": 3.2052432071988664,
  "target_effective_rank": 10.117781357039119,
  "target_image_cosine": 0.8497219742571105,
  "target_image_effective_rank": 7.051433863136122,
  "train_calibrated_delta_cosine": 0.9806563750014716,
  "train_calibrated_delta_rank": 8.165524681936478,
  "train_calibrated_magnitude_ratio": 0.9804933242205358,
  "train_calibrated_recall_at_1": 0.5,
  "train_calibrated_transition_improvement": 0.21010034967897073,
  "train_raw_delta_cosine": 0.7633787840968967,
  "train_raw_delta_rank": 9.831879850539918,
  "train_raw_recall_at_1": 0.5,
  "train_raw_transition_improvement": 0.19119657433172876,
  "transition_image_cosine": 0.9601387265557381
}
