{
  "action_negative_loss": 0.01093750074505806,
  "active_delta_std_dims": 24.0,
  "delta_cosine_train": 0.9327743053436279,
  "delta_variance_loss": 0.0,
  "device_used": "cpu",
  "image_to_rna_loss": 0.0267860796302557,
  "loss": 0.22747661173343658,
  "magnitude_loss": 0.34852391481399536,
  "pca_delta_direction_loss": 0.06722569465637207,
  "relational_loss": 0.013335025869309902,
  "rna_to_image_loss": 0.006230202969163656,
  "source_anchor_cosine": 0.9928064346313477,
  "source_anchor_loss": 0.011141505092382431,
  "source_improvement_hinge": 0.0,
  "steps": 120.0,
  "target_anchor_cosine": 0.9788549542427063,
  "target_anchor_loss": 0.02531960792839527,
  "teacher_delta_direction_loss": 0.23362231254577637,
  "transition_anchor_cosine": 0.972997784614563,
  "transition_anchor_loss": 0.030722372233867645,
  "transition_loss": 0.09372853487730026,
  "variance_loss": 0.038232333958148956
}
