{
  "device_used": "cpu",
  "final_active_std_dims": 24.0,
  "final_loss": 0.17341291904449463,
  "final_mse": 0.06845387816429138,
  "final_prediction_target_cosine_train": 0.8499018549919128,
  "final_relational_loss": 0.0795234888792038,
  "relational_weight": 0.25,
  "steps": 100.0
}
