{
  "base_action_negative_loss": 0.015741830691695213,
  "base_delta_direction_loss": 0.0572587251663208,
  "base_image_to_rna_loss": 0.035634595900774,
  "base_loss": 0.15935103595256805,
  "base_mean_negative_transition_cosine": 0.6774934530258179,
  "base_mean_positive_transition_cosine": 0.9516561031341553,
  "base_pca_anchor_loss": 0.17363525927066803,
  "base_rna_to_image_loss": 0.0077150734141469,
  "base_source_improvement_hinge": 0.0003369493642821908,
  "base_transition_loss": 0.052456777542829514,
  "base_variance_loss": 0.0,
  "head_head_delta_loss": 0.03316831588745117,
  "head_head_endpoint_loss": 0.02227109670639038,
  "head_head_floor_delta_hinge": 0.0,
  "head_head_floor_endpoint_hinge": 0.00017804920207709074,
  "head_head_loss": 0.05426060035824776,
  "head_head_residual_norm": 0.0007003231439739466,
  "head_head_residual_scale": 0.9973874092102051,
  "seed": 31
}
