{
  "best_second_gate": {
    "direction": "ge",
    "feature": "action_support",
    "mean_active_fraction": 0.7259259259259259,
    "mean_delta_cosine_gap": 0.01992438727878043,
    "mean_oracle_safe_active_fraction": 0.4962962962962963,
    "mean_recall_gap": 0.0,
    "mean_transition_gap": 0.0033640604045363518,
    "mean_unsafe_active_fraction": 0.22962962962962963,
    "min_delta_cosine_gap": 0.005005763929576856,
    "min_recall_gap": -0.1111111111111111,
    "min_transition_gap": 0.0016896395566159197,
    "threshold": 0.4999999999999999
  },
  "diagnostic_label": "F019_NO_SIMPLE_SECOND_GATE_REPAIRS_F018_FAILURE",
  "f018_selected_rule": {
    "alpha": 0.35,
    "candidate": "pooled_full_ridge",
    "direction": "ge",
    "feature": "support_gain",
    "mean_active_fraction": 0.8,
    "mean_delta_cosine_gap": 0.013311639572739665,
    "mean_oracle_overlap_fraction": 0.513888888888889,
    "mean_recall_gap": 0.011111111111111108,
    "mean_transition_gap": 0.0020471398540877245,
    "mean_unsafe_active_fraction": 0.28611111111111115,
    "min_delta_cosine_gap": -0.036031497545519375,
    "min_recall_gap": -0.11111111111111116,
    "min_transition_gap": -0.0026232637098723005,
    "selection_label": "F018_TRAIN_ONLY_RISK_PROXY_SELECTS_NONZERO_RULE",
    "threshold": -0.024370889608110912
  },
  "leakage_controls": "F019 uses held-out labels only for failure localization and oracle second-gate capacity; no rule is promoted",
  "model_promoted": false,
  "seed_rows": [
    {
      "active_fraction": 0.8518518518518519,
      "condition_recall_at_1": 0.37037037037037035,
      "delta_cosine": 0.4051888463292762,
      "delta_cosine_gap": 0.007226329634545781,
      "recall_gap": -0.1111111111111111,
      "safe_active_fraction": 0.5185185185185185,
      "seed": 0,
      "transition_gap": 0.005107354795793779,
      "transition_improvement": 0.010769261311987854,
      "unsafe_active_fraction": 0.3333333333333333
    },
    {
      "active_fraction": 0.5925925925925926,
      "condition_recall_at_1": 0.3333333333333333,
      "delta_cosine": 0.5454337916564572,
      "delta_cosine_gap": 0.005005763929576856,
      "recall_gap": 0.0,
      "safe_active_fraction": 0.3333333333333333,
      "seed": 1,
      "transition_gap": 0.0016896395566159197,
      "transition_improvement": 0.023446117842043753,
      "unsafe_active_fraction": 0.25925925925925924
    },
    {
      "active_fraction": 0.8148148148148148,
      "condition_recall_at_1": 0.3333333333333333,
      "delta_cosine": 0.4567167296868186,
      "delta_cosine_gap": 0.0548316214838363,
      "recall_gap": 0.037037037037037035,
      "safe_active_fraction": 0.7037037037037037,
      "seed": 2,
      "transition_gap": 0.0037303654719119464,
      "transition_improvement": 0.013132430118707605,
      "unsafe_active_fraction": 0.1111111111111111
    },
    {
      "active_fraction": 0.6666666666666666,
      "condition_recall_at_1": 0.2962962962962963,
      "delta_cosine": 0.4373689385905414,
      "delta_cosine_gap": 0.017314124071403703,
      "recall_gap": 0.037037037037037035,
      "safe_active_fraction": 0.5185185185185185,
      "seed": 3,
      "transition_gap": 0.003463837639415778,
      "transition_improvement": 0.0038881799709657955,
      "unsafe_active_fraction": 0.14814814814814814
    },
    {
      "active_fraction": 0.7037037037037037,
      "condition_recall_at_1": 0.3333333333333333,
      "delta_cosine": 0.5124893119391438,
      "delta_cosine_gap": 0.015244097274539514,
      "recall_gap": 0.037037037037037035,
      "safe_active_fraction": 0.4074074074074074,
      "seed": 4,
      "transition_gap": 0.002829104558944334,
      "transition_improvement": 0.021991507165000482,
      "unsafe_active_fraction": 0.2962962962962963
    }
  ]
}
