{
  "action_only_passes_active_gates": false,
  "action_only_summary": {
    "baseline": "action_only_ridge",
    "mean_delta_cosine": 0.10869584936936771,
    "mean_delta_gap_vs_full": -0.3428192869922993,
    "mean_effective_rank": 1.9208609388465372,
    "mean_magnitude_ratio": 0.47228026509712784,
    "mean_recall_at_1": 0.36296296296296293,
    "mean_recall_gap_vs_full": 0.029629629629629627,
    "mean_transition_gap_vs_full": -0.016703793283487464,
    "mean_transition_improvement": -0.005422354406282718,
    "min_delta_cosine": -0.02962439157384325,
    "min_recall_at_1": 0.2962962962962963,
    "min_transition_improvement": -0.021508798470111817,
    "seed_count": 5
  },
  "diagnostic_label": "F023_OLD_LATENT_ACTION_CONTRACT_AMBIGUOUS",
  "full_summary": {
    "baseline": "full_action_ridge_floor",
    "mean_delta_cosine": 0.45151513636166707,
    "mean_delta_gap_vs_full": 0.0,
    "mean_effective_rank": 10.245808787907375,
    "mean_magnitude_ratio": 0.7556432505625665,
    "mean_recall_at_1": 0.3333333333333333,
    "mean_recall_gap_vs_full": 0.0,
    "mean_transition_gap_vs_full": 0.0,
    "mean_transition_improvement": 0.011281438877204748,
    "min_delta_cosine": 0.39796251669473043,
    "min_recall_at_1": 0.25925925925925924,
    "min_transition_improvement": 0.0004243423315500173,
    "seed_count": 5
  },
  "gates": {
    "primary_delta_cosine_gate": 0.3943880553384362,
    "primary_transition_gate": 0.0032213672056209536,
    "secondary_recall_gate": 0.25564378902443324
  },
  "mean_full_minus_permuted_train_action_transition": 0.0007132073349822663,
  "mean_full_minus_source_transition": 0.0014153053334741098,
  "mean_full_minus_wrong_eval_action_transition": 0.0032910447502627477,
  "metadata_cell_mean_summary": {
    "baseline": "metadata_cell_mean_delta",
    "mean_delta_cosine": 0.177920560902218,
    "mean_delta_gap_vs_full": -0.273594575459449,
    "mean_effective_rank": 1.8525505510138243,
    "mean_magnitude_ratio": 0.45805255784166565,
    "mean_recall_at_1": 0.3333333333333333,
    "mean_recall_gap_vs_full": 0.0,
    "mean_transition_gap_vs_full": -0.012871501393208029,
    "mean_transition_improvement": -0.0015900625160032837,
    "min_delta_cosine": 0.006513284420175926,
    "min_recall_at_1": 0.2222222222222222,
    "min_transition_improvement": -0.014870832021689455,
    "seed_count": 5
  },
  "model_promoted": false,
  "permuted_train_action_summary": {
    "baseline": "source_plus_permuted_train_action_fit",
    "mean_delta_cosine": 0.43131734869863536,
    "mean_delta_gap_vs_full": -0.020197787663031673,
    "mean_effective_rank": 10.148198173641136,
    "mean_magnitude_ratio": 0.7261486051106479,
    "mean_recall_at_1": 0.28888888888888886,
    "mean_recall_gap_vs_full": -0.04444444444444444,
    "mean_transition_gap_vs_full": -0.0007132073349822648,
    "mean_transition_improvement": 0.010568231542222481,
    "min_delta_cosine": 0.3332535010717072,
    "min_recall_at_1": 0.18518518518518517,
    "min_transition_improvement": 0.003038180412623328,
    "seed_count": 5
  },
  "source_only_summary": {
    "baseline": "source_only_ridge",
    "mean_delta_cosine": 0.42764472546686944,
    "mean_delta_gap_vs_full": -0.023870410894797623,
    "mean_effective_rank": 9.778554663094674,
    "mean_magnitude_ratio": 0.7167147237905473,
    "mean_recall_at_1": 0.25925925925925924,
    "mean_recall_gap_vs_full": -0.07407407407407407,
    "mean_transition_gap_vs_full": -0.0014153053334741096,
    "mean_transition_improvement": 0.009866133543730638,
    "min_delta_cosine": 0.31040365825169414,
    "min_recall_at_1": 0.2222222222222222,
    "min_transition_improvement": 0.002179689139244399,
    "seed_count": 5
  },
  "summary": [
    {
      "baseline": "full_action_ridge_floor",
      "mean_delta_cosine": 0.45151513636166707,
      "mean_delta_gap_vs_full": 0.0,
      "mean_effective_rank": 10.245808787907375,
      "mean_magnitude_ratio": 0.7556432505625665,
      "mean_recall_at_1": 0.3333333333333333,
      "mean_recall_gap_vs_full": 0.0,
      "mean_transition_gap_vs_full": 0.0,
      "mean_transition_improvement": 0.011281438877204748,
      "min_delta_cosine": 0.39796251669473043,
      "min_recall_at_1": 0.25925925925925924,
      "min_transition_improvement": 0.0004243423315500173,
      "seed_count": 5
    },
    {
      "baseline": "source_plus_permuted_train_action_fit",
      "mean_delta_cosine": 0.43131734869863536,
      "mean_delta_gap_vs_full": -0.020197787663031673,
      "mean_effective_rank": 10.148198173641136,
      "mean_magnitude_ratio": 0.7261486051106479,
      "mean_recall_at_1": 0.28888888888888886,
      "mean_recall_gap_vs_full": -0.04444444444444444,
      "mean_transition_gap_vs_full": -0.0007132073349822648,
      "mean_transition_improvement": 0.010568231542222481,
      "min_delta_cosine": 0.3332535010717072,
      "min_recall_at_1": 0.18518518518518517,
      "min_transition_improvement": 0.003038180412623328,
      "seed_count": 5
    },
    {
      "baseline": "source_only_ridge",
      "mean_delta_cosine": 0.42764472546686944,
      "mean_delta_gap_vs_full": -0.023870410894797623,
      "mean_effective_rank": 9.778554663094674,
      "mean_magnitude_ratio": 0.7167147237905473,
      "mean_recall_at_1": 0.25925925925925924,
      "mean_recall_gap_vs_full": -0.07407407407407407,
      "mean_transition_gap_vs_full": -0.0014153053334741096,
      "mean_transition_improvement": 0.009866133543730638,
      "min_delta_cosine": 0.31040365825169414,
      "min_recall_at_1": 0.2222222222222222,
      "min_transition_improvement": 0.002179689139244399,
      "seed_count": 5
    },
    {
      "baseline": "source_plus_wrong_eval_action",
      "mean_delta_cosine": 0.4182155078685453,
      "mean_delta_gap_vs_full": -0.03329962849312179,
      "mean_effective_rank": 10.123678383626297,
      "mean_magnitude_ratio": 0.7698231644126007,
      "mean_recall_at_1": 0.2814814814814815,
      "mean_recall_gap_vs_full": -0.05185185185185185,
      "mean_transition_gap_vs_full": -0.0032910447502627464,
      "mean_transition_improvement": 0.007990394126942,
      "min_delta_cosine": 0.31006550613522765,
      "min_recall_at_1": 0.25925925925925924,
      "min_transition_improvement": -0.0013528073297371563,
      "seed_count": 5
    },
    {
      "baseline": "metadata_cell_batch_mean_delta",
      "mean_delta_cosine": 0.3298984086919207,
      "mean_delta_gap_vs_full": -0.12161672766974627,
      "mean_effective_rank": 6.44163954254883,
      "mean_magnitude_ratio": 0.6333882953759868,
      "mean_recall_at_1": 0.31111111111111106,
      "mean_recall_gap_vs_full": -0.02222222222222222,
      "mean_transition_gap_vs_full": -0.008069841799810814,
      "mean_transition_improvement": 0.0032115970773939307,
      "min_delta_cosine": 0.17960778731000546,
      "min_recall_at_1": 0.2222222222222222,
      "min_transition_improvement": -0.013096602123142075,
      "seed_count": 5
    },
    {
      "baseline": "metadata_cell_mean_delta",
      "mean_delta_cosine": 0.177920560902218,
      "mean_delta_gap_vs_full": -0.273594575459449,
      "mean_effective_rank": 1.8525505510138243,
      "mean_magnitude_ratio": 0.45805255784166565,
      "mean_recall_at_1": 0.3333333333333333,
      "mean_recall_gap_vs_full": 0.0,
      "mean_transition_gap_vs_full": -0.012871501393208029,
      "mean_transition_improvement": -0.0015900625160032837,
      "min_delta_cosine": 0.006513284420175926,
      "min_recall_at_1": 0.2222222222222222,
      "min_transition_improvement": -0.014870832021689455,
      "seed_count": 5
    },
    {
      "baseline": "mean_delta",
      "mean_delta_cosine": 0.045608679625420735,
      "mean_delta_gap_vs_full": -0.4059064567362463,
      "mean_effective_rank": 0.0,
      "mean_magnitude_ratio": 0.36133968772552244,
      "mean_recall_at_1": 0.2962962962962963,
      "mean_recall_gap_vs_full": -0.037037037037037035,
      "mean_transition_gap_vs_full": -0.016238810456565375,