{
  "cache_dir": "outputs/autoresearch_total_autonomy_bioguard_wm_jepa/experiments/G001_fresh_synthetic_seed_cache/seed1_latent_cache",
  "cache_status": "loaded",
  "floor_delta_cosine": 0.5404280277268804,
  "floor_delta_rank": 9.937518308977577,
  "floor_init_error": 1.7799167917331715e-07,
  "floor_magnitude_ratio": 0.7933582487536444,
  "floor_recall_at_1": 0.3333333333333333,
  "floor_transition_improvement": 0.021756478285427833,
  "identity_violation": 0.0,
  "leakage_flag": 0.0,
  "retrieval_broken_count": 0.0,
  "retrieval_mean_margin_change": -6.987137209073184e-05,
  "retrieval_repaired_count": 1.0,
  "retrieval_selected_median_rank": 2.0,
  "seed": 1,
  "selected_action_negative_gap": -7.414507676253498e-05,
  "selected_delta_cosine": 0.5433684708199755,
  "selected_delta_rank": 9.96494976532515,
  "selected_gap_delta_cosine": 0.0029404430930951575,
  "selected_gap_recall": 0.037037037037037035,
  "selected_gap_transition": -2.511006554795081e-06,
  "selected_magnitude_ratio": 0.798212476637268,
  "selected_recall_at_1": 0.37037037037037035,
  "selected_residual_scale": 0.05,
  "selected_transition_improvement": 0.02175396727887304,
  "train_small_cap_selected_gap_delta_cosine": 0.005055838763573073,
  "train_small_cap_selected_gap_recall": 0.02777777777777779,
  "train_small_cap_selected_gap_transition": 0.0004415181595667922,
  "train_small_cap_selected_train_broken_count_diagnostic_only": 0.0
}
