seed	scale	safe	transition_improvement	delta_cosine	recall_at_1	gap_transition	gap_delta_cosine	gap_recall	train_broken_count_diagnostic_only	train_mean_margin_change_diagnostic_only
1	0.0	True	0.0651417032888139	0.8392860510311897	0.7916666666666666	0.0	0.0	0.0	0.0	0.0
1	0.025	True	0.06536539365314649	0.8418389280629562	0.8194444444444444	0.00022369036433259049	0.002552877031766543	0.02777777777777779	0.0	0.00013773881031918202
1	0.05	True	0.06558322144838069	0.8443418897947628	0.8194444444444444	0.0004415181595667922	0.005055838763573073	0.02777777777777779	0.0	0.00027375171597930474
