{
  "action_negative_transition_gap": 0.03122347697781751,
  "benchmark": "synth_program_aligned_random_holdout_lite",
  "calibrated_action_negative_gap": 0.04112817153142098,
  "calibrated_delta_cosine": 0.9321480009404771,
  "calibrated_delta_cosine_gain": 0.1976492696190183,
  "calibrated_delta_rank": 7.42548032459906,
  "calibrated_magnitude_ratio": 0.973635225355835,
  "calibrated_recall_at_1": 1.0,
  "calibrated_recall_gain": 0.0,
  "calibrated_transition_gain": 0.016005727938969483,
  "calibrated_transition_improvement": 0.18701305983515898,
  "direct_delta_cosine": 0.6540084121108533,
  "direct_delta_rank": 8.63082848845675,
  "direct_magnitude_ratio": 1.134403286671328,
  "direct_recall_at_1": 0.8888888888888888,
  "direct_transition_improvement": 0.06020594293201169,
  "identity_violation": 0.0,
  "image_target_effective_rank": 7.4415666269254785,
  "image_teacher_action_negative_gap": 0.038618969921699164,
  "image_teacher_delta_cosine": 0.7344987313214588,
  "image_teacher_delta_rank": 8.444498492767364,
  "image_teacher_magnitude_ratio": 1.592461836785022,
  "image_teacher_recall_at_1": 1.0,
  "image_teacher_transition_improvement": 0.1710073318961895,
  "image_to_rna_recall_at_1": 0.8148148148148148,
  "leakage_flag": 0.0,
  "policy": "random_perturbation",
  "ridge_floor_delta_cosine": 0.6177228773156231,
  "ridge_floor_delta_rank": 5.96574350569262,
  "ridge_floor_recall_at_1": 0.8888888888888888,
  "ridge_floor_transition_improvement": 0.03035035804472814,
  "rna_to_image_recall_at_1": 0.8148148148148148,
  "seed": 41,
  "source_image_cosine": 0.994750033499898,
  "source_image_effective_rank": 3.4978846844670834,
  "target_effective_rank": 9.640190573023892,
  "target_image_cosine": 0.8262853229516566,
  "target_image_effective_rank": 7.379150394097751,
  "train_calibrated_delta_cosine": 0.9886655162039327,
  "train_calibrated_delta_rank": 8.336977053399838,
  "train_calibrated_magnitude_ratio": 0.9886839155116554,
  "train_calibrated_recall_at_1": 0.5,
  "train_calibrated_transition_improvement": 0.24053607889706757,
  "train_raw_delta_cosine": 0.8140390288188128,
  "train_raw_delta_rank": 9.74039142066953,
  "train_raw_recall_at_1": 0.5,
  "train_raw_transition_improvement": 0.22673026893507886,
  "transition_image_cosine": 0.9578616694396686
}
