{
  "action_negative_loss": 0.02031250111758709,
  "active_delta_std_dims": 24.0,
  "delta_cosine_train": 0.9529845714569092,
  "delta_variance_loss": 0.0,
  "device_used": "cpu",
  "image_to_rna_loss": 0.01901451125741005,
  "loss": 0.157820925116539,
  "magnitude_loss": 0.3978416323661804,
  "pca_delta_direction_loss": 0.04701542854309082,
  "relational_loss": 0.008742118254303932,
  "rna_to_image_loss": 0.006209850776940584,
  "source_anchor_cosine": 0.9948630928993225,
  "source_anchor_loss": 0.008825480006635189,
  "source_improvement_hinge": 0.0,
  "steps": 120.0,
  "target_anchor_cosine": 0.9816291928291321,
  "target_anchor_loss": 0.022189509123563766,
  "teacher_delta_direction_loss": 0.14359426498413086,
  "transition_anchor_cosine": 0.9801679849624634,
  "transition_anchor_loss": 0.023428911343216896,
  "transition_loss": 0.05341310799121857,
  "variance_loss": 0.0504477433860302
}
