{
  "action_negative_loss": 0.000617758953012526,
  "active_delta_std_dims": 24.0,
  "delta_cosine_train": 0.747421383857727,
  "delta_variance_loss": 0.0,
  "device_used": "cuda",
  "image_to_rna_loss": 0.027372505515813828,
  "loss": 0.5673695802688599,
  "magnitude_loss": 0.26364704966545105,
  "pca_delta_direction_loss": 0.25257861614227295,
  "relational_loss": 0.11993738263845444,
  "rna_to_image_loss": 0.013838850893080235,
  "source_anchor_cosine": 0.9953022599220276,
  "source_anchor_loss": 0.00680819246917963,
  "source_improvement_hinge": 0.01829364337027073,
  "steps": 600.0,
  "target_anchor_cosine": 0.9825059175491333,
  "target_anchor_loss": 0.022177385166287422,
  "teacher_delta_direction_loss": 0.1939699649810791,
  "transition_anchor_cosine": 0.7833260297775269,
  "transition_anchor_loss": 0.23185372352600098,
  "transition_loss": 0.23156122863292694,
  "variance_loss": 0.020632563158869743
}
