{
  "direct_delta_cosine": 0.7685853208361983,
  "direct_delta_rank": 8.682422689412586,
  "direct_recall_at_1": 0.6296296296296297,
  "direct_transition_improvement": 0.0907557031669646,
  "floor_delta_cosine": 0.8150828859436943,
  "floor_delta_rank": 6.264602419436722,
  "floor_init_error": 1.1436514748552895e-06,
  "floor_recall_at_1": 0.5185185185185185,
  "floor_transition_improvement": 0.15929304184059578,
  "identity_violation": 0.0,
  "image_target_effective_rank": 8.5346938865578,
  "image_to_rna_recall_at_1": 0.5185185185185185,
  "inner_gate_safe_nonzero": true,
  "inner_selected_broken_count": 0.0,
  "inner_selected_mean_gap_delta_cosine": 0.004181548644691224,
  "inner_selected_mean_gap_transition": 0.0037640164710606855,
  "inner_selected_min_gap_delta_cosine": 0.0016383891908577919,
  "inner_selected_min_gap_recall": 0.0,
  "inner_selected_min_gap_transition": 0.0006452559163925842,
  "inner_selected_nonzero_fraction": 1.0,
  "leakage_flag": 0.0,
  "retrieval_broken_count": 0.0,
  "retrieval_broken_mean_delta_cosine_change": 0.0,
  "retrieval_broken_mean_floor_margin": 0.0,
  "retrieval_broken_mean_margin_change": 0.0,
  "retrieval_broken_mean_selected_margin": 0.0,
  "retrieval_broken_mean_transition_gain_change": 0.0,
  "retrieval_broken_near_tie_fraction": 0.0,
  "retrieval_floor_median_rank": 1.0,
  "retrieval_mean_floor_margin": -0.03493494099995616,
  "retrieval_mean_margin_change": -0.005926063945620691,
  "retrieval_mean_rank_change": 0.0,
  "retrieval_mean_residual_norm": 0.053504732534238146,
  "retrieval_mean_selected_margin": -0.040861004945576845,
  "retrieval_preserved_correct_count": 14.0,
  "retrieval_repaired_count": 0.0,
  "retrieval_row_count": 27.0,
  "retrieval_selected_median_rank": 1.0,
  "retrieval_still_wrong_count": 13.0,
  "rna_to_image_recall_at_1": 0.48148148148148145,
  "rowwise_active_fraction": 0.7037037037037037,
  "rowwise_effective_scale": 0.03518518518518519,
  "rowwise_risk_score_mean": -1.2933198644628858,
  "rowwise_selected_base_scale": 0.05,
  "seed": 36,
  "selected_action_negative_gap": 0.01148196694343559,
  "selected_cone_mix": 0.0,
  "selected_delta_cosine": 0.8141503773779724,
  "selected_delta_rank": 6.430509422933349,
  "selected_gap_delta_cosine": -0.0009325085657219123,
  "selected_gap_recall": 0.0,
  "selected_gap_transition": -0.002939818923693105,
  "selected_magnitude_ratio": 1.0472437827306138,
  "selected_recall_at_1": 0.5185185185185185,
  "selected_residual_scale": 0.03518518518518519,
  "selected_transition_improvement": 0.15635322291690268,
  "target_effective_rank": 5.991903088853742,
  "train_rowwise_floor_delta_cosine": 0.9479587974725869,
  "train_rowwise_floor_recall_at_1": 0.5,
  "train_rowwise_floor_transition": 0.41355991268799364,
  "train_rowwise_selected_active_fraction": 0.5555555555555556,
  "train_rowwise_selected_broken_count": 0.0,
  "train_rowwise_selected_delta_cosine": 0.9496822809025814,
  "train_rowwise_selected_gap_delta_cosine": 0.00172348342999451,
  "train_rowwise_selected_gap_recall": 0.0,
  "train_rowwise_selected_gap_transition": 0.001471554535384223,
  "train_rowwise_selected_near_tie_erosions": 0.0,
  "train_rowwise_selected_near_tie_flips": 0.0,
  "train_rowwise_selected_recall_at_1": 0.5,
  "train_rowwise_selected_scale": 0.05,
  "train_rowwise_selected_threshold": -0.5919377987858792,
  "train_rowwise_selected_transition": 0.41503146722337786,
  "train_rowwise_selected_unsafe_count": 16.0
}
