{
  "base_action_negative_loss": 0.022247951477766037,
  "base_delta_direction_loss": 0.06025761365890503,
  "base_image_to_rna_loss": 0.021889831870794296,
  "base_loss": 0.1968490481376648,
  "base_mean_negative_transition_cosine": 0.8314529061317444,
  "base_mean_positive_transition_cosine": 0.9494527578353882,
  "base_pca_anchor_loss": 0.4309723973274231,
  "base_rna_to_image_loss": 0.00871860422194004,
  "base_source_improvement_hinge": 0.0,
  "base_transition_loss": 0.05763570964336395,
  "base_variance_loss": 0.0013573883334174752,
  "head_head_delta_loss": 0.014514565467834473,
  "head_head_endpoint_loss": 0.0161440372467041,
  "head_head_floor_delta_hinge": 0.00030013028299435973,
  "head_head_floor_endpoint_hinge": 0.00027940317522734404,
  "head_head_loss": 0.03213424235582352,
  "head_head_residual_norm": 0.0009833094663918018,
  "head_head_residual_scale": 1.0150747299194336,
  "inner_gate_safe_nonzero": true,
  "inner_selection_label": "inner_action_heldout_safe_nonzero",
  "seed": 36,
  "selected_cone_mix": 0.0
}
