seed	base_loss	base_transition_loss	base_delta_direction_loss	base_source_improvement_hinge	base_rna_to_image_loss	base_image_to_rna_loss	base_pca_anchor_loss	base_action_negative_loss	base_variance_loss	base_mean_positive_transition_cosine	base_mean_negative_transition_cosine	head_head_loss	head_head_endpoint_loss	head_head_delta_loss	head_head_floor_endpoint_hinge	head_head_floor_delta_hinge	head_head_residual_norm	head_head_residual_scale
22	0.22173775732517242	0.06148258596658707	0.09325873851776123	0.0029794229194521904	0.010103397071361542	0.010628107003867626	0.42304515838623047	0.034353721886873245	0.0	0.9591617584228516	0.9205620288848877	0.03210166096687317	0.008620619773864746	0.02356952428817749	0.0003339002141728997	0.0008425948326475918	0.00037917878944426775	0.9517020583152771
23	0.15912513434886932	0.04907183721661568	0.0625162124633789	0.0	0.005759557243436575	0.031010566279292107	0.19875258207321167	0.01761002466082573	0.00016675393271725625	0.9543185234069824	0.5337597131729126	0.05079164728522301	0.02417600154876709	0.026845097541809082	0.0005817247438244522	0.00039004842983558774	0.0005344970268197358	0.9732261300086975
24	0.13966970145702362	0.03861277550458908	0.04108881950378418	0.0	0.006040384527295828	0.0129119623452425	0.33990439772605896	0.019862212240695953	0.00013197895896155387	0.9701199531555176	0.8796055316925049	0.02022068202495575	0.007179737091064453	0.013220727443695068	4.284723399905488e-05	0.0	0.00046963809290900826	0.9780360460281372
25	0.1709691733121872	0.051128704100847244	0.07000076770782471	0.0	0.007359514012932777	0.017090313136577606	0.28685587644577026	0.01649397984147072	0.0	0.954756498336792	0.7726703882217407	0.03509584441781044	0.011441469192504883	0.026898443698883057	0.0	0.0	0.000863286608364433	0.9564667344093323
26	0.20092236995697021	0.06111219525337219	0.07152485847473145	0.00016165024135261774	0.005796925164759159	0.042507193982601166	0.29224175214767456	0.016300685703754425	0.0	0.9424219131469727	0.6194685101509094	0.0853670984506607	0.04663693904876709	0.042954444885253906	0.000515897641889751	0.0	0.0005627667997032404	0.9451963305473328
27	0.16911885142326355	0.05013709142804146	0.053353190422058105	0.0	0.008959103375673294	0.021763494238257408	0.334428995847702	0.02060878276824951	3.158735853503458e-05	0.9546048045158386	0.8368390202522278	0.017342014238238335	0.006324410438537598	0.010915279388427734	0.0003268875880166888	0.0	0.0007220307597890496	0.9819847941398621
