{
  "action_negative_transition_gap": 0.03711988703352642,
  "benchmark": "synth_program_aligned_extrapolative_holdout_lite",
  "direct_delta_cosine": 0.7992645948307583,
  "direct_delta_rank": 8.494053594656096,
  "direct_magnitude_ratio": 1.0092837500393204,
  "direct_recall_at_1": 0.7407407407407407,
  "direct_transition_improvement": 0.1865689820967253,
  "identity_violation": 0.0,
  "image_target_effective_rank": 8.145339230931283,
  "image_teacher_action_negative_gap": 0.033216421288059655,
  "image_teacher_delta_cosine": 0.7688761173235209,
  "image_teacher_delta_rank": 8.364350398830226,
  "image_teacher_magnitude_ratio": 1.5538499445263956,
  "image_teacher_recall_at_1": 1.0,
  "image_teacher_transition_improvement": 0.28296492139372653,
  "image_to_rna_recall_at_1": 0.7037037037037037,
  "leakage_flag": 0.0,
  "policy": "extrapolative_index",
  "ridge_floor_delta_cosine": 0.7866714156938319,
  "ridge_floor_delta_rank": 5.735652650094773,
  "ridge_floor_recall_at_1": 0.7407407407407407,
  "ridge_floor_transition_improvement": 0.17393051517186658,
  "rna_to_image_recall_at_1": 0.5555555555555556,
  "seed": 34,
  "source_image_cosine": 0.9944834224978556,
  "source_image_effective_rank": 3.735868303631328,
  "target_effective_rank": 10.056820550093843,
  "target_image_cosine": 0.8131239293405222,
  "target_image_effective_rank": 7.414169980975018,
  "transition_image_cosine": 0.9505984024138547
}
