{
  "action_negative_loss": 0.010937499813735485,
  "active_delta_std_dims": 24.0,
  "delta_cosine_train": 0.9673590064048767,
  "delta_variance_loss": 0.0,
  "device_used": "cpu",
  "image_to_rna_loss": 0.02400743030011654,
  "loss": 0.13728176057338715,
  "magnitude_loss": 0.4744149446487427,
  "pca_delta_direction_loss": 0.03264099359512329,
  "relational_loss": 0.0056420909240841866,
  "rna_to_image_loss": 0.004926836583763361,
  "source_anchor_cosine": 0.9940009117126465,
  "source_anchor_loss": 0.009869741275906563,
  "source_improvement_hinge": 0.0,
  "steps": 120.0,
  "target_anchor_cosine": 0.9892743229866028,
  "target_anchor_loss": 0.014575452543795109,
  "teacher_delta_direction_loss": 0.09270447492599487,
  "transition_anchor_cosine": 0.9807037711143494,
  "transition_anchor_loss": 0.02305625006556511,
  "transition_loss": 0.053947217762470245,
  "variance_loss": 0.05407221242785454
}
