{
  "action_negative_transition_gap": 0.04515754074216713,
  "benchmark": "synth_program_aligned_stratified_holdout_lite",
  "calibrated_action_negative_gap": 0.05622373181905527,
  "calibrated_delta_cosine": 0.9523668227944101,
  "calibrated_delta_cosine_gain": 0.1840456601943542,
  "calibrated_delta_rank": 6.595168576592012,
  "calibrated_magnitude_ratio": 0.9918816361128431,
  "calibrated_recall_at_1": 1.0,
  "calibrated_recall_gain": 0.0,
  "calibrated_transition_gain": 0.012875235059852552,
  "calibrated_transition_improvement": 0.21442824035521435,
  "direct_delta_cosine": 0.7532739010704232,
  "direct_delta_rank": 8.181009032349628,
  "direct_magnitude_ratio": 0.9413035583210542,
  "direct_recall_at_1": 1.0,
  "direct_transition_improvement": 0.16771797266653415,
  "identity_violation": 0.0,
  "image_target_effective_rank": 7.961752181421017,
  "image_teacher_action_negative_gap": 0.051640361050289435,
  "image_teacher_delta_cosine": 0.7683211626000559,
  "image_teacher_delta_rank": 8.019742312801007,
  "image_teacher_magnitude_ratio": 1.6358546476942348,
  "image_teacher_recall_at_1": 1.0,
  "image_teacher_transition_improvement": 0.2015530052953618,
  "image_to_rna_recall_at_1": 1.0,
  "leakage_flag": 0.0,
  "policy": "stratified_program",
  "ridge_floor_delta_cosine": 0.7639725547506836,
  "ridge_floor_delta_rank": 5.706588656950879,
  "ridge_floor_recall_at_1": 1.0,
  "ridge_floor_transition_improvement": 0.16153576544194956,
  "rna_to_image_recall_at_1": 0.7037037037037037,
  "seed": 41,
  "source_image_cosine": 0.9923866747306955,
  "source_image_effective_rank": 3.495776863932911,
  "target_effective_rank": 9.465668923237374,
  "target_image_cosine": 0.8712540951244812,
  "target_image_effective_rank": 7.149560327988047,
  "train_calibrated_delta_cosine": 0.9844431946092386,
  "train_calibrated_delta_rank": 8.215361914595709,
  "train_calibrated_magnitude_ratio": 0.984758462361833,
  "train_calibrated_recall_at_1": 0.5,
  "train_calibrated_transition_improvement": 0.23160728199214897,
  "train_raw_delta_cosine": 0.7576308973998402,
  "train_raw_delta_rank": 9.854047601264142,
  "train_raw_recall_at_1": 0.5,
  "train_raw_transition_improvement": 0.21424852108697634,
  "transition_image_cosine": 0.9670059752637776
}
