{
  "action_negative_loss": 0.01875000074505806,
  "active_delta_std_dims": 24.0,
  "delta_cosine_train": 0.947178065776825,
  "delta_variance_loss": 0.0,
  "device_used": "cpu",
  "image_to_rna_loss": 0.021514788269996643,
  "loss": 0.180323526263237,
  "magnitude_loss": 0.3319159150123596,
  "pca_delta_direction_loss": 0.05282193422317505,
  "relational_loss": 0.014305041171610355,
  "rna_to_image_loss": 0.00514158234000206,
  "source_anchor_cosine": 0.9911099672317505,
  "source_anchor_loss": 0.013513384386897087,
  "source_improvement_hinge": 0.0,
  "steps": 120.0,
  "target_anchor_cosine": 0.9817143082618713,
  "target_anchor_loss": 0.022643238306045532,
  "teacher_delta_direction_loss": 0.1842656135559082,
  "transition_anchor_cosine": 0.9735094308853149,
  "transition_anchor_loss": 0.031206654384732246,
  "transition_loss": 0.05929207801818848,
  "variance_loss": 0.045197684317827225
}
