{
  "action_negative_transition_gap": 0.05017837190165042,
  "direct_delta_cosine": 0.8369982232875627,
  "direct_delta_rank": 10.0257850140624,
  "direct_magnitude_ratio": 0.8113030683807234,
  "direct_recall_at_1": 0.7037037037037037,
  "direct_transition_improvement": 0.313565862373732,
  "identity_violation": 0.0,
  "image_target_effective_rank": 7.918672994591841,
  "image_to_rna_recall_at_1": 0.8148148148148148,
  "leakage_flag": 0.0,
  "local_floor_gap_delta_cosine": -0.03707736412300966,
  "local_floor_gap_recall": 0.07407407407407407,
  "local_floor_gap_transition": -0.005390234116388559,
  "protected_floor_gap_delta_cosine": 0.43899822328756266,
  "protected_floor_gap_recall": 0.22220370370370374,
  "protected_floor_gap_transition": 0.30786586237373204,
  "ridge_floor_delta_cosine": 0.8740755874105723,
  "ridge_floor_delta_rank": 6.904786175771537,
  "ridge_floor_recall_at_1": 0.6296296296296297,
  "ridge_floor_transition_improvement": 0.3189560964901206,
  "rna_to_image_recall_at_1": 0.7407407407407407,
  "target_effective_rank": 6.0157455538310955
}
