{
  "direct_delta_cosine": 0.957840429231444,
  "direct_delta_rank": 9.938564815446153,
  "direct_recall_at_1": 0.8518518518518519,
  "direct_transition_improvement": 0.1490161009516617,
  "floor_delta_cosine": 0.9348091301779191,
  "floor_delta_rank": 7.653265271940026,
  "floor_init_error": 6.146275541851765e-07,
  "floor_recall_at_1": 0.8888888888888888,
  "floor_transition_improvement": 0.14366915588425286,
  "identity_violation": 0.0,
  "image_target_effective_rank": 5.965925413995415,
  "image_to_rna_recall_at_1": 0.7777777777777778,
  "leakage_flag": 0.0,
  "rna_to_image_recall_at_1": 0.8148148148148148,
  "selected_action_negative_gap": 0.02449093517871305,
  "selected_delta_cosine": 0.957840429231444,
  "selected_delta_rank": 9.938564815446153,
  "selected_gap_delta_cosine": 0.023031299053524856,
  "selected_gap_recall": -0.03703703703703698,
  "selected_gap_transition": 0.005346945067408848,
  "selected_magnitude_ratio": 1.0342560588708685,
  "selected_recall_at_1": 0.8518518518518519,
  "selected_residual_scale": 1.0,
  "selected_train_delta_cosine": 0.9815055983872016,
  "selected_train_recall_at_1": 0.5,
  "selected_train_transition_improvement": 0.15149331137486147,
  "selected_transition_improvement": 0.1490161009516617,
  "target_effective_rank": 4.9867390041693875
}
