{
  "base_action_negative_loss": 0.017877645790576935,
  "base_delta_direction_loss": 0.06164669990539551,
  "base_image_to_rna_loss": 0.0089265750721097,
  "base_loss": 0.16027577221393585,
  "base_mean_negative_transition_cosine": 0.8482983708381653,
  "base_mean_positive_transition_cosine": 0.9669517278671265,
  "base_pca_anchor_loss": 0.36227548122406006,
  "base_rna_to_image_loss": 0.005735393147915602,
  "base_source_improvement_hinge": 0.0,
  "base_transition_loss": 0.042906925082206726,
  "base_variance_loss": 0.0006409573252312839,
  "head_delta_loss": 0.018056750297546387,
  "head_endpoint_loss": 0.0058165788650512695,
  "head_floor_delta_hinge": 0.00038509524893015623,
  "head_floor_endpoint_hinge": 0.0004951415467076004,
  "head_loss": 0.02366705611348152,
  "head_residual_norm": 0.000366276188287884,
  "head_residual_scale": 0.9681767225265503,
  "seed": 0
}
