{
  "action_negative_loss": 0.001471146591939032,
  "active_delta_std_dims": 18.0,
  "delta_cosine_train": 0.6535471677780151,
  "delta_variance_loss": 0.0,
  "device_used": "cuda",
  "image_to_rna_loss": 0.27392828464508057,
  "loss": 1.072230339050293,
  "magnitude_loss": 0.3672633767127991,
  "pca_delta_direction_loss": 0.34645283222198486,
  "relational_loss": 0.15224158763885498,
  "rna_to_image_loss": 0.08852549642324448,
  "source_anchor_cosine": 0.9971903562545776,
  "source_anchor_loss": 0.004112615250051022,
  "source_improvement_hinge": 0.028225712478160858,
  "steps": 120.0,
  "target_anchor_cosine": 0.8651984333992004,
  "target_anchor_loss": 0.15196682512760162,
  "teacher_delta_direction_loss": 0.30818527936935425,
  "transition_anchor_cosine": 0.6249051690101624,
  "transition_anchor_loss": 0.40658894181251526,
  "transition_loss": 0.445950448513031,
  "variance_loss": 0.0008372507290914655
}
