{
  "direct_delta_cosine": 0.940191988855745,
  "direct_delta_rank": 10.476194143468273,
  "direct_recall_at_1": 0.9629629629629629,
  "direct_transition_improvement": 0.5191221428747907,
  "floor_delta_cosine": 0.9320907531731707,
  "floor_delta_rank": 7.051391799370344,
  "floor_init_error": 6.175035700550779e-07,
  "floor_recall_at_1": 1.0,
  "floor_transition_improvement": 0.5212980055525284,
  "identity_violation": 0.0,
  "image_target_effective_rank": 7.65144492648573,
  "image_to_rna_recall_at_1": 1.0,
  "leakage_flag": 0.0,
  "rna_to_image_recall_at_1": 0.8518518518518519,
  "selected_action_negative_gap": 0.07077163130488867,
  "selected_delta_cosine": 0.940191988855745,
  "selected_delta_rank": 10.476194143468273,
  "selected_gap_delta_cosine": 0.00810123568257426,
  "selected_gap_recall": -0.03703703703703709,
  "selected_gap_transition": -0.0021758626777376167,
  "selected_magnitude_ratio": 1.0514435002246036,
  "selected_recall_at_1": 0.9629629629629629,
  "selected_residual_scale": 1.0,
  "selected_train_delta_cosine": 0.9786194906664755,
  "selected_train_recall_at_1": 0.5,
  "selected_train_transition_improvement": 0.6217244319178702,
  "selected_transition_improvement": 0.5191221428747907,
  "target_effective_rank": 7.845789275370145
}
