{
  "action_negative_loss": 0.007916328497231007,
  "active_delta_std_dims": 18.0,
  "delta_cosine_train": 0.774075984954834,
  "delta_variance_loss": 0.0,
  "device_used": "cuda",
  "image_to_rna_loss": 0.2836970388889313,
  "loss": 0.8198173642158508,
  "magnitude_loss": 0.31130316853523254,
  "pca_delta_direction_loss": 0.22592401504516602,
  "relational_loss": 0.09335863590240479,
  "rna_to_image_loss": 0.0851278007030487,
  "source_anchor_cosine": 0.9977629780769348,
  "source_anchor_loss": 0.003707525786012411,
  "source_improvement_hinge": 0.0,
  "steps": 120.0,
  "target_anchor_cosine": 0.8595789074897766,
  "target_anchor_loss": 0.15405867993831635,
  "teacher_delta_direction_loss": 0.25184595584869385,
  "transition_anchor_cosine": 0.7512587904930115,
  "transition_anchor_loss": 0.26607102155685425,
  "transition_loss": 0.35881584882736206,
  "variance_loss": 0.00016257994866464287
}
