{
  "direct_delta_cosine": 0.9286557114562548,
  "direct_delta_rank": 9.718974710083899,
  "direct_recall_at_1": 0.7407407407407407,
  "direct_transition_improvement": 0.500410819377772,
  "floor_delta_cosine": 0.9150140716839448,
  "floor_delta_rank": 6.933738822139743,
  "floor_init_error": 5.160616307620103e-07,
  "floor_recall_at_1": 0.7037037037037037,
  "floor_transition_improvement": 0.48751075725076337,
  "identity_violation": 0.0,
  "image_target_effective_rank": 6.793841203328245,
  "image_to_rna_recall_at_1": 0.7407407407407407,
  "leakage_flag": 0.0,
  "retrieval_broken_count": 0.0,
  "retrieval_broken_mean_delta_cosine_change": 0.0,
  "retrieval_broken_mean_floor_margin": 0.0,
  "retrieval_broken_mean_margin_change": 0.0,
  "retrieval_broken_mean_selected_margin": 0.0,
  "retrieval_broken_mean_transition_gain_change": 0.0,
  "retrieval_broken_near_tie_fraction": 0.0,
  "retrieval_floor_median_rank": 1.0,
  "retrieval_mean_floor_margin": 0.04655645935403333,
  "retrieval_mean_margin_change": 0.0004950576369508361,
  "retrieval_mean_rank_change": -0.07407407407407407,
  "retrieval_mean_residual_norm": 0.05148667220550908,
  "retrieval_mean_selected_margin": 0.04705151699098416,
  "retrieval_preserved_correct_count": 19.0,
  "retrieval_repaired_count": 0.0,
  "retrieval_row_count": 27.0,
  "retrieval_selected_median_rank": 1.0,
  "retrieval_still_wrong_count": 8.0,
  "rna_to_image_recall_at_1": 0.6296296296296297,
  "seed": 9,
  "selected_action_negative_gap": 0.0967743710482562,
  "selected_delta_cosine": 0.9168034737382077,
  "selected_delta_rank": 7.194733772636631,
  "selected_gap_delta_cosine": 0.001789402054262923,
  "selected_gap_recall": 0.0,
  "selected_gap_transition": 0.0014446740831081106,
  "selected_magnitude_ratio": 1.0519457971124417,
  "selected_recall_at_1": 0.7037037037037037,
  "selected_residual_scale": 0.05,
  "selected_transition_improvement": 0.4889554313338715,
  "target_effective_rank": 6.8893714538910915,
  "train_small_cap_floor_delta_cosine": 0.9532263339583251,
  "train_small_cap_floor_recall_at_1": 0.5,
  "train_small_cap_floor_transition": 0.5354548127931863,
  "train_small_cap_selected_delta_cosine": 0.9562470867655907,
  "train_small_cap_selected_gap_delta_cosine": 0.0030207528072655476,
  "train_small_cap_selected_gap_recall": 0.0,
  "train_small_cap_selected_gap_transition": 0.0022902627765015726,
  "train_small_cap_selected_recall_at_1": 0.5,
  "train_small_cap_selected_scale": 0.05,
  "train_small_cap_selected_train_broken_count_diagnostic_only": 0.0,
  "train_small_cap_selected_train_mean_margin_change_diagnostic_only": 2.1302256891786442e-05,
  "train_small_cap_selected_transition": 0.5377450755696879
}
