seed	scale	safe	transition_improvement	delta_cosine	recall_at_1	gap_transition	gap_delta_cosine	gap_recall	train_broken_count_diagnostic_only	train_mean_margin_change_diagnostic_only
9	0.0	True	0.5354548127931863	0.9532263339583251	0.5	0.0	0.0	0.0	0.0	0.0
9	0.025	True	0.5366176334967854	0.954757438940016	0.5	0.0011628207035990767	0.001531104981690845	0.0	0.0	1.1183591850572667e-05
9	0.05	True	0.5377450755696879	0.9562470867655907	0.5	0.0022902627765015726	0.0030207528072655476	0.0	0.0	2.1302256891786442e-05
