{
  "latent/cosine_mean_pairwise": 0.99983149766922,
  "latent/image_collapse_fraction_dims_below_0.05": 1.0,
  "latent/image_effective_rank": 1.9915211200714111,
  "latent/image_std_mean": 0.00276710232719779,
  "latent/joint_collapse_fraction_dims_below_0.05": 1.0,
  "latent/joint_effective_rank": 1.4592241048812866,
  "latent/joint_std_mean": 0.0022540600039064884,
  "latent/rna_collapse_fraction_dims_below_0.05": 0.9375,
  "latent/rna_effective_rank": 1.6095223426818848,
  "latent/rna_std_mean": 0.024452131241559982,
  "latent/transition_pred_std_mean": 0.0003885290934704244,
  "teacher/pred_norm_mean": 1.0,
  "teacher/pred_target_cosine": 0.43885740637779236,
  "teacher/target_norm_mean": 0.9999999403953552
}
