{
  "diagnostic_label": "F025_NON_EXACT_PROGRAM_ACTION_DESCRIPTOR_PRESERVES_OLD_FLOOR",
  "full_summary": {
    "baseline": "full_action_descriptor",
    "mean_delta_cosine": 0.45151513636166707,
    "mean_delta_gap_vs_full": 0.0,
    "mean_effective_rank": 10.245808787907375,
    "mean_feature_dim": 44.0,
    "mean_magnitude_ratio": 0.7556432505625665,
    "mean_recall_at_1": 0.3333333333333333,
    "mean_recall_gap_vs_full": 0.0,
    "mean_transition_gap_vs_full": 0.0,
    "mean_transition_improvement": 0.011281438877204748,
    "min_delta_cosine": 0.39796251669473043,
    "min_recall_at_1": 0.25925925925925924,
    "min_transition_improvement": 0.0004243423315500173,
    "seed_count": 5
  },
  "gates": {
    "primary_delta_cosine_gate": 0.3943880553384362,
    "primary_transition_gate": 0.0032213672056209536,
    "secondary_recall_gate": 0.25564378902443324
  },
  "model_promoted": false,
  "program_action_summary": {
    "baseline": "source_plus_program_action",
    "mean_delta_cosine": 0.41430055906889274,
    "mean_delta_gap_vs_full": -0.037214577292774234,
    "mean_effective_rank": 9.924756829135067,
    "mean_feature_dim": 32.0,
    "mean_magnitude_ratio": 0.8964676502220573,
    "mean_recall_at_1": 0.3555555555555555,
    "mean_recall_gap_vs_full": 0.022222222222222233,
    "mean_transition_gap_vs_full": -0.008897020108411858,
    "mean_transition_improvement": 0.002384418768792888,
    "min_delta_cosine": 0.3292559025001556,
    "min_recall_at_1": 0.2222222222222222,
    "min_transition_improvement": -0.012583759247016761,
    "seed_count": 5
  },
  "program_minus_source_transition": -0.00748171477493775,
  "program_preserves_floor": false,
  "source_only_summary": {
    "baseline": "source_only",
    "mean_delta_cosine": 0.42764472546686944,
    "mean_delta_gap_vs_full": -0.023870410894797623,
    "mean_effective_rank": 9.778554663094674,
    "mean_feature_dim": 24.0,
    "mean_magnitude_ratio": 0.7167147237905473,
    "mean_recall_at_1": 0.25925925925925924,
    "mean_recall_gap_vs_full": -0.07407407407407407,
    "mean_transition_gap_vs_full": -0.0014153053334741096,
    "mean_transition_improvement": 0.009866133543730638,
    "min_delta_cosine": 0.31040365825169414,
    "min_recall_at_1": 0.2222222222222222,
    "min_transition_improvement": 0.002179689139244399,
    "seed_count": 5
  },
  "summary": [
    {
      "baseline": "source_plus_supported_action_dims",
      "mean_delta_cosine": 0.4515151363616764,
      "mean_delta_gap_vs_full": 9.370282327836322e-15,
      "mean_effective_rank": 10.24580878790742,
      "mean_feature_dim": 40.0,
      "mean_magnitude_ratio": 0.7556432505625732,
      "mean_recall_at_1": 0.3333333333333333,
      "mean_recall_gap_vs_full": 0.0,
      "mean_transition_gap_vs_full": 1.1191785345698868e-15,
      "mean_transition_improvement": 0.011281438877205865,
      "min_delta_cosine": 0.39796251669475374,
      "min_recall_at_1": 0.25925925925925924,
      "min_transition_improvement": 0.0004243423315503873,
      "seed_count": 5
    },
    {
      "baseline": "full_action_descriptor",
      "mean_delta_cosine": 0.45151513636166707,
      "mean_delta_gap_vs_full": 0.0,
      "mean_effective_rank": 10.245808787907375,
      "mean_feature_dim": 44.0,
      "mean_magnitude_ratio": 0.7556432505625665,
      "mean_recall_at_1": 0.3333333333333333,
      "mean_recall_gap_vs_full": 0.0,
      "mean_transition_gap_vs_full": 0.0,
      "mean_transition_improvement": 0.011281438877204748,
      "min_delta_cosine": 0.39796251669473043,
      "min_recall_at_1": 0.25925925925925924,
      "min_transition_improvement": 0.0004243423315500173,
      "seed_count": 5
    },
    {
      "baseline": "source_only",
      "mean_delta_cosine": 0.42764472546686944,
      "mean_delta_gap_vs_full": -0.023870410894797623,
      "mean_effective_rank": 9.778554663094674,
      "mean_feature_dim": 24.0,
      "mean_magnitude_ratio": 0.7167147237905473,
      "mean_recall_at_1": 0.25925925925925924,
      "mean_recall_gap_vs_full": -0.07407407407407407,
      "mean_transition_gap_vs_full": -0.0014153053334741096,
      "mean_transition_improvement": 0.009866133543730638,
      "min_delta_cosine": 0.31040365825169414,
      "min_recall_at_1": 0.2222222222222222,
      "min_transition_improvement": 0.002179689139244399,
      "seed_count": 5
    },
    {
      "baseline": "source_plus_program_action",
      "mean_delta_cosine": 0.41430055906889274,
      "mean_delta_gap_vs_full": -0.037214577292774234,
      "mean_effective_rank": 9.924756829135067,
      "mean_feature_dim": 32.0,
      "mean_magnitude_ratio": 0.8964676502220573,
      "mean_recall_at_1": 0.3555555555555555,
      "mean_recall_gap_vs_full": 0.022222222222222233,
      "mean_transition_gap_vs_full": -0.008897020108411858,
      "mean_transition_improvement": 0.002384418768792888,
      "min_delta_cosine": 0.3292559025001556,
      "min_recall_at_1": 0.2222222222222222,
      "min_transition_improvement": -0.012583759247016761,
      "seed_count": 5
    },
    {
      "baseline": "source_plus_supported_program_action",
      "mean_delta_cosine": 0.41430055906889274,
      "mean_delta_gap_vs_full": -0.037214577292774234,
      "mean_effective_rank": 9.924756829135067,
      "mean_feature_dim": 32.0,
      "mean_magnitude_ratio": 0.8964676502220573,
      "mean_recall_at_1": 0.3555555555555555,
      "mean_recall_gap_vs_full": 0.022222222222222233,
      "mean_transition_gap_vs_full": -0.008897020108411858,
      "mean_transition_improvement": 0.002384418768792888,
      "min_delta_cosine": 0.3292559025001556,
      "min_recall_at_1": 0.2222222222222222,
      "min_transition_improvement": -0.012583759247016761,
      "seed_count": 5
    },
    {
      "baseline": "program_action_only",
      "mean_delta_cosine": 0.12512618968036088,
      "mean_delta_gap_vs_full": -0.32638894668130614,
      "mean_effective_rank": 1.9208609388465292,
      "mean_feature_dim": 8.0,
      "mean_magnitude_ratio": 0.694698416204398,
      "mean_recall_at_1": 0.4148148148148148,
      "mean_recall_gap_vs_full": 0.08148148148148147,
      "mean_transition_gap_vs_full": -0.024793297356261026,
      "mean_transition_improvement": -0.013511858479056279,
      "min_delta_cosine": 0.006402578321282766,
      "min_recall_at_1": 0.3333333333333333,
      "min_transition_improvement": -0.03470555839563512,
      "seed_count": 5
    },
    {
      "baseline": "supported_program_action_only",
      "mean_delta_cosine": 0.12512618968036088,
      "mean_delta_gap_vs_full": -0.32638894668130614,
      "mean_effective_rank": 1.9208609388465292,
      "mean_feature_dim": 8.0,
      "mean_magnitude_ratio": 0.694698416204398,
      "mean_recall_at_1": 0.4148148148148148,
      "mean_recall_gap_vs_full": 0.08148148148148147,
      "mean_transition_gap_vs_full": -0.024793297356261026,
      "mean_transition_improvement": -0.013511858479056279,
      "min_delta_cosine": 0.006402578321282766,
      "min_recall_at_1": 0.3333333333333333,
      "min_transition_improvement": -0.03470555839563512,
      "seed_count": 5
    }
  ],
  "supported_action_summary": {
    "baseline": "source_plus_supported_action_dims",
    "mean_delta_cosine": 0.4515151363616764,
    "mean_delta_gap_vs_full": 9.370282327836322e-15,
    "mean_effective_rank": 10.24580878790742,
    "mean_feature_dim": 40.0,
    "mean_magnitude_ratio": 0.7556432505625732,
    "mean_recall_at_1": 0.3333333333333333,
    "mean_recall_gap_vs_full": 0.0,
    "mean_transition_gap_vs_full": 1.1191785345698868e-15,
    "mean_transition_improvement": 0.011281438877205865,
    "min_delta_cosine": 0.39796251669475374,
    "min_recall_at_1": 0.25925925925925924,
    "min_transition_improvement": 0.0004243423315503873,
    "seed_count": 5
  },
  "supported_minus_source_transition": 0.001415305333475227,
  "supported_preserves_floor": true
}
