{
  "candidate_eval_image_latent_cosine": 0.7020791819273168,
  "candidate_mean_abs_delta_optimism": 0.07454739545372312,
  "candidate_mean_abs_transition_optimism": 0.049724756216931475,
  "candidate_mean_effective_rank": 4.608700589463766,
  "candidate_summary": {
    "max_abs_delta_optimism": 0.21114801094508973,
    "max_abs_transition_optimism": 0.1376679396534598,
    "mean_abs_delta_optimism": 0.07454739545372312,
    "mean_abs_transition_optimism": 0.049724756216931475,
    "mean_eval_cell_image_latent_cosine": 0.7020791819273168,
    "mean_eval_effective_rank_z": 4.608700589463766,
    "mean_real_delta_cosine": 0.7421262084728943,
    "mean_real_delta_rank": 4.611544138265251,
    "mean_real_recall_at_1": 0.6666666666666666,
    "mean_real_transition": 0.12031329064108855,
    "mean_train_batch_probe_cv": 0.26851851851851855,
    "mean_train_perturbation_probe_cv": 0.13117283950617284,
    "representation": "rna_student_predicted_image_latent",
    "seed_policy_count": 9
  },
  "diagnostic_label": "F073_RNA_STUDENT_IMAGE_TEACHER_WEAK_OR_UNSTABLE",
  "image_pca_mean_abs_delta_optimism": 0.049570270387477335,
  "image_pca_mean_abs_transition_optimism": 0.014696945177998494,
  "image_pca_summary": {
    "max_abs_delta_optimism": 0.14868730077098713,
    "max_abs_transition_optimism": 0.027852848302330396,
    "mean_abs_delta_optimism": 0.049570270387477335,
    "mean_abs_transition_optimism": 0.014696945177998494,
    "mean_eval_cell_image_latent_cosine": 1.0,
    "mean_eval_effective_rank_z": 6.944036289249385,
    "mean_real_delta_cosine": 0.9651967046519121,
    "mean_real_delta_rank": 3.938511271441266,
    "mean_real_recall_at_1": 1.0,
    "mean_real_transition": 0.23617088653404206,
    "mean_train_batch_probe_cv": 0.30864197530864196,
    "mean_train_perturbation_probe_cv": 0.47685185185185186,
    "representation": "image_train_pca",
    "seed_policy_count": 9
  },
  "leakage_controls": "RNA student trains on train rows only against stop-gradient train-only image PCA targets. Eval rows are used only for scoring. No synthetic z_bio, condition_key, biological_key, exact heldout action one-hot, eval target means, or pooled train+test statistics are inputs.",
  "model_promoted": false,
  "observed_mean_abs_delta_optimism": 0.08390419514577224,
  "observed_mean_abs_transition_optimism": 0.06930811709065236,
  "observed_summary": {
    "max_abs_delta_optimism": 0.21088456814634915,
    "max_abs_transition_optimism": 0.23173865483323217,
    "mean_abs_delta_optimism": 0.08390419514577224,
    "mean_abs_transition_optimism": 0.06930811709065236,
    "mean_eval_cell_image_latent_cosine": 0.021238804382752434,
    "mean_eval_effective_rank_z": 7.888215441683916,
    "mean_real_delta_cosine": 0.9193703863700935,
    "mean_real_delta_rank": 7.275552102071973,
    "mean_real_recall_at_1": 0.8765432098765431,
    "mean_real_transition": 0.34965717745838854,
    "mean_train_batch_probe_cv": 0.27469135802469136,
    "mean_train_perturbation_probe_cv": 0.22067901234567902,
    "representation": "observed_rna_train_pca",
    "seed_policy_count": 9
  },
  "source_experiment": "F072",
  "student_embedding_summary": {
    "max_abs_delta_optimism": 0.12921042128971982,
    "max_abs_transition_optimism": 0.1188028824132921,
    "mean_abs_delta_optimism": 0.031559213514123906,
    "mean_abs_transition_optimism": 0.06250522111813146,
    "mean_eval_cell_image_latent_cosine": -0.041727622015698525,
    "mean_eval_effective_rank_z": 5.658171940945721,
    "mean_real_delta_cosine": 0.8468045604507213,
    "mean_real_delta_rank": 5.836128443589136,
    "mean_real_recall_at_1": 0.794238683127572,
    "mean_real_transition": 0.15470795655227068,
    "mean_train_batch_probe_cv": 0.25617283950617287,
    "mean_train_perturbation_probe_cv": 0.16512345679012347,
    "representation": "rna_student_embedding",
    "seed_policy_count": 9
  },
  "train_summary": {
    "mean_active_std_dims": 24.0,
    "mean_final_loss": 0.20373551381958854,
    "mean_train_prediction_target_cosine": 0.80034824874666
  }
}
