{
  "action_negative_loss": 0.04197642207145691,
  "active_delta_std_dims": 24.0,
  "delta_cosine_train": 0.7034350633621216,
  "delta_variance_loss": 0.0,
  "device_used": "cuda",
  "image_to_rna_loss": 0.1858520209789276,
  "loss": 2927436.0,
  "magnitude_loss": 3.5889718532562256,
  "pca_delta_direction_loss": 0.2965649366378784,
  "relational_loss": 0.2439793348312378,
  "rna_to_image_loss": 0.04162627458572388,
  "source_anchor_cosine": 0.8699460625648499,
  "source_anchor_loss": 114460.90625,
  "source_improvement_hinge": 0.013618465512990952,
  "steps": 120.0,
  "target_anchor_cosine": 0.8004064559936523,
  "target_anchor_loss": 3207998.75,
  "teacher_delta_direction_loss": 0.49142760038375854,
  "transition_anchor_cosine": 0.9033709764480591,
  "transition_anchor_loss": 3208290.25,
  "transition_loss": 0.2575773000717163,
  "variance_loss": 0.004379508085548878
}
