{
  "floor_delta_cosine": 0.9627429561530982,
  "floor_init_error": 9.659903428271832e-07,
  "floor_recall_at_1": 1.0,
  "floor_transition_improvement": 0.7169548032475339,
  "identity_violation": 0.0,
  "leakage_flag": 0.0,
  "oracle_broken_count": 0.0,
  "oracle_cone_mix": 0.25,
  "oracle_delta_cosine": 0.963000176307579,
  "oracle_delta_rank": 6.469541455225977,
  "oracle_effective_scale": 0.022222222222222223,
  "oracle_gap_delta_cosine": 0.00025722015448070845,
  "oracle_gap_recall": 0.0,
  "oracle_gap_transition": 0.00014906059383190673,
  "oracle_magnitude_ratio": 0.9949474203169837,
  "oracle_nonzero": true,
  "oracle_recall_at_1": 1.0,
  "oracle_rowwise_active_fraction": 0.4444444444444444,
  "oracle_safe": true,
  "oracle_transition_improvement": 0.7171038638413658,
  "seed": 33
}
