{
  "device_used": "cpu",
  "final_active_std_dims": 24.0,
  "final_loss": 0.19126318395137787,
  "final_mse": 0.05501252040266991,
  "final_prediction_target_cosine_train": 0.8114874362945557,
  "steps": 80.0
}
