{
  "device_used": "cpu",
  "final_active_std_dims": 24.0,
  "final_loss": 0.27230095863342285,
  "final_mse": 0.12009593844413757,
  "final_prediction_target_cosine_train": 0.7840918302536011,
  "final_relational_loss": 0.20155198872089386,
  "relational_weight": 0.25,
  "steps": 80.0
}
