{
  "action_negative_transition_gap": 0.05013230769190177,
  "benchmark": "synth_program_aligned_extrapolative_holdout_lite",
  "calibrated_action_negative_gap": 0.048307366293825954,
  "calibrated_delta_cosine": 0.9699281562982482,
  "calibrated_delta_cosine_gain": 0.1876039563476336,
  "calibrated_delta_rank": 6.41017810074046,
  "calibrated_magnitude_ratio": 1.022874079726783,
  "calibrated_recall_at_1": 1.0,
  "calibrated_recall_gain": 0.0,
  "calibrated_transition_gain": 0.017084926074460133,
  "calibrated_transition_improvement": 0.17793663942682977,
  "direct_delta_cosine": 0.6255998650497544,
  "direct_delta_rank": 7.8175149454791795,
  "direct_magnitude_ratio": 0.9994664940677187,
  "direct_recall_at_1": 0.8888888888888888,
  "direct_transition_improvement": 0.19014463689725986,
  "identity_violation": 0.0,
  "image_target_effective_rank": 6.834405079249507,
  "image_teacher_action_negative_gap": 0.04872422402704624,
  "image_teacher_delta_cosine": 0.7823241999506146,
  "image_teacher_delta_rank": 7.731416562096684,
  "image_teacher_magnitude_ratio": 1.5254924345978527,
  "image_teacher_recall_at_1": 1.0,
  "image_teacher_transition_improvement": 0.16085171335236964,
  "image_to_rna_recall_at_1": 0.8888888888888888,
  "leakage_flag": 0.0,
  "policy": "extrapolative_index",
  "ridge_floor_delta_cosine": 0.5911108613494889,
  "ridge_floor_delta_rank": 5.605639004692556,
  "ridge_floor_recall_at_1": 0.7777777777777778,
  "ridge_floor_transition_improvement": 0.16018752410822992,
  "rna_to_image_recall_at_1": 0.5925925925925926,
  "seed": 35,
  "source_image_cosine": 0.9912718715491061,
  "source_image_effective_rank": 2.9752650223264436,
  "target_effective_rank": 9.526129763369822,
  "target_image_cosine": 0.7052123440144614,
  "target_image_effective_rank": 6.385389434876231,
  "train_calibrated_delta_cosine": 0.9896709432354712,
  "train_calibrated_delta_rank": 7.9743640110165765,
  "train_calibrated_magnitude_ratio": 0.9891739964667831,
  "train_calibrated_recall_at_1": 0.5,
  "train_calibrated_transition_improvement": 0.18178668347205618,
  "train_raw_delta_cosine": 0.7953323089108157,
  "train_raw_delta_rank": 9.252105177999816,
  "train_raw_recall_at_1": 0.5,
  "train_raw_transition_improvement": 0.16424594054035513,
  "transition_image_cosine": 0.9723404940496972
}
