{
  "action_negative_loss": 0.01406249962747097,
  "active_delta_std_dims": 24.0,
  "delta_cosine_train": 0.9357979893684387,
  "delta_variance_loss": 0.0,
  "device_used": "cpu",
  "image_to_rna_loss": 0.0373440682888031,
  "loss": 0.23868270218372345,
  "magnitude_loss": 0.2968694567680359,
  "pca_delta_direction_loss": 0.06420201063156128,
  "relational_loss": 0.007373049855232239,
  "rna_to_image_loss": 0.009540705010294914,
  "source_anchor_cosine": 0.9909572601318359,
  "source_anchor_loss": 0.012989427894353867,
  "source_improvement_hinge": 0.0,
  "steps": 120.0,
  "target_anchor_cosine": 0.9631441831588745,
  "target_anchor_loss": 0.04074085131287575,
  "teacher_delta_direction_loss": 0.26684820652008057,
  "transition_anchor_cosine": 0.9771429300308228,
  "transition_anchor_loss": 0.02653469704091549,
  "transition_loss": 0.092531718313694,
  "variance_loss": 0.046995144337415695
}
