{
  "direct_delta_cosine": 0.9236623876422484,
  "direct_delta_rank": 8.85956364435422,
  "direct_recall_at_1": 0.8148148148148148,
  "direct_transition_improvement": 0.22579422838011598,
  "floor_delta_cosine": 0.8841919619068369,
  "floor_delta_rank": 6.6670134782722945,
  "floor_init_error": 6.316427860753038e-07,
  "floor_recall_at_1": 0.8888888888888888,
  "floor_transition_improvement": 0.21494288214861523,
  "identity_violation": 0.0,
  "image_target_effective_rank": 7.0354177573053,
  "image_to_rna_recall_at_1": 0.8148148148148148,
  "leakage_flag": 0.0,
  "retrieval_broken_count": 0.0,
  "retrieval_broken_mean_delta_cosine_change": 0.0,
  "retrieval_broken_mean_floor_margin": 0.0,
  "retrieval_broken_mean_margin_change": 0.0,
  "retrieval_broken_mean_selected_margin": 0.0,
  "retrieval_broken_mean_transition_gain_change": 0.0,
  "retrieval_broken_near_tie_fraction": 0.0,
  "retrieval_floor_median_rank": 1.0,
  "retrieval_mean_floor_margin": 0.05986052888182966,
  "retrieval_mean_margin_change": 0.0016194966909116098,
  "retrieval_mean_rank_change": 0.0,
  "retrieval_mean_residual_norm": 0.052778923362462864,
  "retrieval_mean_selected_margin": 0.061480025572741286,
  "retrieval_preserved_correct_count": 24.0,
  "retrieval_repaired_count": 0.0,
  "retrieval_row_count": 27.0,
  "retrieval_selected_median_rank": 1.0,
  "retrieval_still_wrong_count": 3.0,
  "rna_to_image_recall_at_1": 0.7407407407407407,
  "seed": 8,
  "selected_action_negative_gap": 0.024397537057946755,
  "selected_delta_cosine": 0.887620975635156,
  "selected_delta_rank": 6.873463365970112,
  "selected_gap_delta_cosine": 0.0034290137283190525,
  "selected_gap_recall": 0.0,
  "selected_gap_transition": 0.0011858309635756903,
  "selected_magnitude_ratio": 1.2445560189612481,
  "selected_recall_at_1": 0.8888888888888888,
  "selected_residual_scale": 0.05,
  "selected_transition_improvement": 0.21612871311219092,
  "target_effective_rank": 6.427017181555485,
  "train_small_cap_floor_delta_cosine": 0.93476654473733,
  "train_small_cap_floor_recall_at_1": 0.3888888888888889,
  "train_small_cap_floor_transition": 0.31579696602095114,
  "train_small_cap_selected_delta_cosine": 0.9384323895436155,
  "train_small_cap_selected_gap_delta_cosine": 0.003665844806285512,
  "train_small_cap_selected_gap_recall": 0.013888888888888895,
  "train_small_cap_selected_gap_transition": 0.0014341382526025792,
  "train_small_cap_selected_recall_at_1": 0.4027777777777778,
  "train_small_cap_selected_scale": 0.05,
  "train_small_cap_selected_train_broken_count_diagnostic_only": 0.0,
  "train_small_cap_selected_train_mean_margin_change_diagnostic_only": 0.0003243664828656629,
  "train_small_cap_selected_transition": 0.3172311042735537
}
