seed	scale	safe	transition_improvement	delta_cosine	recall_at_1	gap_transition	gap_delta_cosine	gap_recall	train_broken_count_diagnostic_only	train_mean_margin_change_diagnostic_only
8	0.0	True	0.31579696602095114	0.93476654473733	0.3888888888888889	0.0	0.0	0.0	0.0	0.0
8	0.025	True	0.31652457340924806	0.9366101592541612	0.4027777777777778	0.0007276073882969136	0.001843614516831238	0.013888888888888895	0.0	0.0001643733517398842
8	0.05	True	0.3172311042735537	0.9384323895436155	0.4027777777777778	0.0014341382526025792	0.003665844806285512	0.013888888888888895	0.0	0.0003243664828656629
