{
  "base_action_negative_loss": 0.029856573790311813,
  "base_delta_direction_loss": 0.06547743082046509,
  "base_image_to_rna_loss": 0.015476039610803127,
  "base_loss": 0.14983586966991425,
  "base_mean_negative_transition_cosine": 0.884709358215332,
  "base_mean_positive_transition_cosine": 0.9589332342147827,
  "base_pca_anchor_loss": 0.1948232650756836,
  "base_rna_to_image_loss": 0.007600902114063501,
  "base_source_improvement_hinge": 0.0,
  "base_transition_loss": 0.04644424095749855,
  "base_variance_loss": 0.0,
  "head_head_delta_loss": 0.016059398651123047,
  "head_head_endpoint_loss": 0.006065785884857178,
  "head_head_floor_delta_hinge": 0.00011872434697579592,
  "head_head_floor_endpoint_hinge": 0.00010456678865011781,
  "head_head_loss": 0.021055661141872406,
  "head_head_residual_norm": 0.0006067551439628005,
  "head_head_residual_scale": 0.9569316506385803,
  "seed": 8
}
