seed	base_loss	base_transition_loss	base_delta_direction_loss	base_source_improvement_hinge	base_rna_to_image_loss	base_image_to_rna_loss	base_pca_anchor_loss	base_action_negative_loss	base_variance_loss	base_mean_positive_transition_cosine	base_mean_negative_transition_cosine	head_loss	head_endpoint_loss	head_delta_loss	head_floor_endpoint_hinge	head_floor_delta_hinge	head_residual_norm	head_residual_scale
0	0.16027577221393585	0.042906925082206726	0.06164669990539551	0.0	0.005735393147915602	0.0089265750721097	0.36227548122406006	0.017877645790576935	0.0006409573252312839	0.9669517278671265	0.8482983708381653	0.02366705611348152	0.0058165788650512695	0.018056750297546387	0.0004951415467076004	0.00038509524893015623	0.000366276188287884	0.9681767225265503
1	0.21368111670017242	0.0700187236070633	0.08337175846099854	5.5604265071451664e-05	0.00886311661452055	0.01728464663028717	0.36450663208961487	0.017669091001152992	0.0	0.9425914287567139	0.77274489402771	0.02116694487631321	0.007355749607086182	0.014239668846130371	0.0	0.0	0.0010068498086184263	1.0221915245056152
2	0.18918584287166595	0.05712373927235603	0.057543158531188965	0.00011895468924194574	0.008048300631344318	0.011624930426478386	0.45576485991477966	0.018246091902256012	0.002230615122243762	0.9541540741920471	0.8039163947105408	0.02848636358976364	0.0066789984703063965	0.020818471908569336	0.0006309865275397897	0.0001870476407930255	0.0004712584486696869	0.9610569477081299
3	0.1467561274766922	0.04899032786488533	0.04434967041015625	0.0	0.005613824352622032	0.038374174386262894	0.18229082226753235	0.012818683870136738	0.0005729447002522647	0.9538708925247192	0.3837938904762268	0.030927620828151703	0.016560792922973633	0.015127241611480713	0.0	0.0	0.0005650686798617244	0.9585700631141663
4	0.14618735015392303	0.04965891316533089	0.044378697872161865	0.0	0.00579799385741353	0.02551700361073017	0.2359301596879959	0.014062500558793545	0.0008063887362368405	0.9531789422035217	0.3052143156528473	0.023100463673472404	0.011636734008789062	0.01174163818359375	3.521557300700806e-05	0.0	0.0006268660072237253	0.9799676537513733
