representation	representation_class	seed_policy_count	mean_real_transition	mean_real_delta_cosine	mean_real_recall_at_1	mean_real_delta_rank	mean_abs_transition_optimism	mean_abs_delta_optimism	max_abs_transition_optimism	max_abs_delta_optimism	mean_eval_effective_rank_z	mean_train_perturbation_probe_cv	mean_train_batch_probe_cv
true_z_bio	oracle	15	0.16953120162800714	0.9648553302171389	1.0	3.55143600767371	0.016932093882304954	0.05119970601882025	0.0433457611885803	0.18267513554844383	5.574002608851815	0.4564814814814815	0.19444444444444445
clean_rna_train_pca	oracle	15	0.2729658988526275	0.9632298412422523	0.980246913580247	2.171835458400968	0.05716793228280701	0.05320629193273309	0.19797478091074489	0.2132965768768217	3.055306217900503	0.2675925925925926	0.24259259259259258
observed_counts_log_train_pca	train_only_candidate	15	0.3059951020058439	0.9178814850802357	0.9135802469135803	7.293701283503887	0.058406140545465425	0.08875146597741966	0.23173865483323217	0.21993576371878365	7.839206501615208	0.23425925925925925	0.36759259259259264
observed_rna_train_pca	train_only_candidate	15	0.3059951020058439	0.9178814850802357	0.9135802469135803	7.293701283503887	0.058406140545465425	0.08875146597741966	0.23173865483323217	0.21993576371878365	7.839206501615208	0.23425925925925925	0.36759259259259264
batch_residualized_observed_rna_train_pca	train_only_candidate	15	0.3089413399956221	0.9200147445434822	0.9111111111111111	7.329661278258265	0.05770801464893583	0.09025021560884454	0.23291612448746296	0.22223553566563303	7.672315281267935	0.23703703703703702	0.22222222222222224
