{
  "best_candidate_mean_abs_delta_optimism": 0.08875146597741966,
  "best_candidate_mean_abs_transition_optimism": 0.058406140545465425,
  "best_candidate_representation": "observed_counts_log_train_pca",
  "best_candidate_summary": {
    "max_abs_delta_optimism": 0.21993576371878365,
    "max_abs_transition_optimism": 0.23173865483323217,
    "mean_abs_delta_optimism": 0.08875146597741966,
    "mean_abs_transition_optimism": 0.058406140545465425,
    "mean_eval_effective_rank_z": 7.839206501615208,
    "mean_real_delta_cosine": 0.9178814850802357,
    "mean_real_delta_rank": 7.293701283503887,
    "mean_real_recall_at_1": 0.9135802469135803,
    "mean_real_transition": 0.3059951020058439,
    "mean_train_batch_probe_cv": 0.36759259259259264,
    "mean_train_perturbation_probe_cv": 0.23425925925925925,
    "representation": "observed_counts_log_train_pca",
    "representation_class": "train_only_candidate",
    "seed_policy_count": 15
  },
  "clean_rna_mean_abs_delta_optimism": 0.05320629193273309,
  "clean_rna_mean_abs_transition_optimism": 0.05716793228280701,
  "clean_rna_summary": {
    "max_abs_delta_optimism": 0.2132965768768217,
    "max_abs_transition_optimism": 0.19797478091074489,
    "mean_abs_delta_optimism": 0.05320629193273309,
    "mean_abs_transition_optimism": 0.05716793228280701,
    "mean_eval_effective_rank_z": 3.055306217900503,
    "mean_real_delta_cosine": 0.9632298412422523,
    "mean_real_delta_rank": 2.171835458400968,
    "mean_real_recall_at_1": 0.980246913580247,
    "mean_real_transition": 0.2729658988526275,
    "mean_train_batch_probe_cv": 0.24259259259259258,
    "mean_train_perturbation_probe_cv": 0.2675925925925926,
    "representation": "clean_rna_train_pca",
    "representation_class": "oracle",
    "seed_policy_count": 15
  },
  "diagnostic_label": "F070_TRUE_ZBIO_ONLY_REDUCES_MISMATCH_RNA_OBSERVATION_LIMIT",
  "leakage_controls": "PCA and batch residualization use train rows only. Eval target rows are scoring-only. Batch labels are used only for diagnostic technical correction, not as biological transition inputs.",
  "model_promoted": false,
  "observed_mean_abs_delta_optimism": 0.08875146597741966,
  "observed_mean_abs_transition_optimism": 0.058406140545465425,
  "observed_summary": {
    "max_abs_delta_optimism": 0.21993576371878365,
    "max_abs_transition_optimism": 0.23173865483323217,
    "mean_abs_delta_optimism": 0.08875146597741966,
    "mean_abs_transition_optimism": 0.058406140545465425,
    "mean_eval_effective_rank_z": 7.839206501615208,
    "mean_real_delta_cosine": 0.9178814850802357,
    "mean_real_delta_rank": 7.293701283503887,
    "mean_real_recall_at_1": 0.9135802469135803,
    "mean_real_transition": 0.3059951020058439,
    "mean_train_batch_probe_cv": 0.36759259259259264,
    "mean_train_perturbation_probe_cv": 0.23425925925925925,
    "representation": "observed_rna_train_pca",
    "representation_class": "train_only_candidate",
    "seed_policy_count": 15
  },
  "source_experiment": "F069",
  "true_z_bio_mean_abs_delta_optimism": 0.05119970601882025,
  "true_z_bio_mean_abs_transition_optimism": 0.016932093882304954,
  "true_z_bio_summary": {
    "max_abs_delta_optimism": 0.18267513554844383,
    "max_abs_transition_optimism": 0.0433457611885803,
    "mean_abs_delta_optimism": 0.05119970601882025,
    "mean_abs_transition_optimism": 0.016932093882304954,
    "mean_eval_effective_rank_z": 5.574002608851815,
    "mean_real_delta_cosine": 0.9648553302171389,
    "mean_real_delta_rank": 3.55143600767371,
    "mean_real_recall_at_1": 1.0,
    "mean_real_transition": 0.16953120162800714,
    "mean_train_batch_probe_cv": 0.19444444444444445,
    "mean_train_perturbation_probe_cv": 0.4564814814814815,
    "representation": "true_z_bio",
    "representation_class": "oracle",
    "seed_policy_count": 15
  }
}
