{
  "action_negative_transition_gap": 0.02546101432527303,
  "benchmark": "synth_program_aligned_extrapolative_holdout_lite",
  "calibrated_action_negative_gap": 0.08423760935462402,
  "calibrated_delta_cosine": 0.9533560786179879,
  "calibrated_delta_cosine_gain": 0.22962252320993426,
  "calibrated_delta_rank": 6.574714704514438,
  "calibrated_magnitude_ratio": 0.9510142373965381,
  "calibrated_recall_at_1": 1.0,
  "calibrated_recall_gain": 0.0,
  "calibrated_transition_gain": 0.029513129185454595,
  "calibrated_transition_improvement": 0.2661019137832341,
  "direct_delta_cosine": 0.5986750475744513,
  "direct_delta_rank": 8.753365700400975,
  "direct_magnitude_ratio": 1.257025455755888,
  "direct_recall_at_1": 0.8148148148148148,
  "direct_transition_improvement": 0.005499332949353675,
  "identity_violation": 0.0,
  "image_target_effective_rank": 7.797090990797652,
  "image_teacher_action_negative_gap": 0.06679896755930118,
  "image_teacher_delta_cosine": 0.7237335554080536,
  "image_teacher_delta_rank": 8.410073295622409,
  "image_teacher_magnitude_ratio": 1.3228357638336297,
  "image_teacher_recall_at_1": 1.0,
  "image_teacher_transition_improvement": 0.23658878459777952,
  "image_to_rna_recall_at_1": 0.8518518518518519,
  "leakage_flag": 0.0,
  "policy": "extrapolative_index",
  "ridge_floor_delta_cosine": 0.621606195553771,
  "ridge_floor_delta_rank": 6.062532400469241,
  "ridge_floor_recall_at_1": 0.7777777777777778,
  "ridge_floor_transition_improvement": -0.026952080709022715,
  "rna_to_image_recall_at_1": 0.7037037037037037,
  "seed": 36,
  "source_image_cosine": 0.9940037058021169,
  "source_image_effective_rank": 3.318082866194236,
  "target_effective_rank": 8.980795212964397,
  "target_image_cosine": 0.7898243289402755,
  "target_image_effective_rank": 7.1032114607633465,
  "train_calibrated_delta_cosine": 0.9880319571523677,
  "train_calibrated_delta_rank": 7.777633603654743,
  "train_calibrated_magnitude_ratio": 0.9875135761433579,
  "train_calibrated_recall_at_1": 0.5,
  "train_calibrated_transition_improvement": 0.2726871105626569,
  "train_raw_delta_cosine": 0.7954067532834448,
  "train_raw_delta_rank": 9.698621740292188,
  "train_raw_recall_at_1": 0.5,
  "train_raw_transition_improvement": 0.2503305162873226,
  "transition_image_cosine": 0.9480045126116451
}
