{
  "action_negative_loss": 0.01718750037252903,
  "active_delta_std_dims": 24.0,
  "delta_cosine_train": 0.9429738521575928,
  "delta_variance_loss": 0.0,
  "device_used": "cpu",
  "image_to_rna_loss": 0.02201993018388748,
  "loss": 0.20607182383537292,
  "magnitude_loss": 0.23293368518352509,
  "pca_delta_direction_loss": 0.05702614784240723,
  "relational_loss": 0.019962366670370102,
  "rna_to_image_loss": 0.007085095159709454,
  "source_anchor_cosine": 0.9942532777786255,
  "source_anchor_loss": 0.009096549823880196,
  "source_improvement_hinge": 0.0,
  "steps": 120.0,
  "target_anchor_cosine": 0.9688256978988647,
  "target_anchor_loss": 0.03469127044081688,
  "teacher_delta_direction_loss": 0.23564279079437256,
  "transition_anchor_cosine": 0.9743154048919678,
  "transition_anchor_loss": 0.028861405327916145,
  "transition_loss": 0.07700331509113312,
  "variance_loss": 0.041294164955616
}
