{
  "action_negative_gap": 0.0003999431065619466,
  "calibration_residual_fit_metric": 0.005920044346230418,
  "candidate_id": "kernel",
  "cv_lcb_recall_gap": -0.044453702739398436,
  "cv_lcb_transition_gap": 9.480582315730084e-05,
  "decision_label": "BSG003_DISCARD_KERNEL_RESIDUAL_FAILS_CV_GATE",
  "magnitude_ratio_mean": 0.7282364752386078,
  "mean_delta_cosine_gap": 0.005223782224266213,
  "mean_delta_rank_gap": 0.05879236658981757,
  "mean_recall_gap": 0.0,
  "mean_transition_gap": 0.0003999431065619466,
  "permutation_action_gap": 0.0,
  "residual_gate_mean": 0.0,
  "residual_gate_nonzero_fraction": 0.0,
  "residual_scale": 0.0,
  "residual_train_to_calibration_gap": 0.0043125039813279855,
  "selected": false,
  "train_residual_fit_metric": 0.0016075403649024322
}
