{
  "direct_delta_cosine": 0.9632192927510709,
  "direct_delta_rank": 7.033760878726791,
  "direct_recall_at_1": 0.8888888888888888,
  "direct_transition_improvement": 0.6990249111206028,
  "floor_delta_cosine": 0.9244966469013084,
  "floor_delta_rank": 5.18503368940262,
  "floor_init_error": 7.598325814095475e-07,
  "floor_recall_at_1": 0.8888888888888888,
  "floor_transition_improvement": 0.6647616525017305,
  "identity_violation": 0.0,
  "image_target_effective_rank": 7.088991903582171,
  "image_to_rna_recall_at_1": 0.8148148148148148,
  "inner_gate_safe_nonzero": true,
  "inner_selected_broken_count": 0.0,
  "inner_selected_mean_gap_delta_cosine": 0.005196953357411896,
  "inner_selected_mean_gap_transition": 0.005518795570269845,
  "inner_selected_min_gap_delta_cosine": 0.001021271041269145,
  "inner_selected_min_gap_recall": 0.0,
  "inner_selected_min_gap_transition": 0.002402927754320827,
  "inner_selected_nonzero_fraction": 1.0,
  "leakage_flag": 0.0,
  "retrieval_broken_count": 0.0,
  "retrieval_broken_mean_delta_cosine_change": 0.0,
  "retrieval_broken_mean_floor_margin": 0.0,
  "retrieval_broken_mean_margin_change": 0.0,
  "retrieval_broken_mean_selected_margin": 0.0,
  "retrieval_broken_mean_transition_gain_change": 0.0,
  "retrieval_broken_near_tie_fraction": 0.0,
  "retrieval_floor_median_rank": 1.0,
  "retrieval_mean_floor_margin": 0.1099246989641068,
  "retrieval_mean_margin_change": -0.0001335438855440058,
  "retrieval_mean_rank_change": 0.0,
  "retrieval_mean_residual_norm": 0.023732254892978404,
  "retrieval_mean_selected_margin": 0.1097911550785628,
  "retrieval_preserved_correct_count": 24.0,
  "retrieval_repaired_count": 0.0,
  "retrieval_row_count": 27.0,
  "retrieval_selected_median_rank": 1.0,
  "retrieval_still_wrong_count": 3.0,
  "rna_to_image_recall_at_1": 0.6296296296296297,
  "rowwise_active_fraction": 0.37037037037037035,
  "rowwise_effective_scale": 0.018518518518518517,
  "rowwise_risk_score_mean": -0.5869988774433826,
  "rowwise_selected_base_scale": 0.05,
  "seed": 35,
  "selected_action_negative_gap": 0.12608036617593976,
  "selected_cone_mix": 0.0,
  "selected_delta_cosine": 0.924966230733041,
  "selected_delta_rank": 5.274723263848486,
  "selected_gap_delta_cosine": 0.00046958383173256735,
  "selected_gap_recall": 0.0,
  "selected_gap_transition": 0.0002842235249367331,
  "selected_magnitude_ratio": 0.971445257558557,
  "selected_recall_at_1": 0.8888888888888888,
  "selected_residual_scale": 0.018518518518518517,
  "selected_transition_improvement": 0.6650458760266672,
  "target_effective_rank": 6.263619809635999,
  "train_rowwise_floor_delta_cosine": 0.9320126419208563,
  "train_rowwise_floor_recall_at_1": 0.5,
  "train_rowwise_floor_transition": 0.6422852873858286,
  "train_rowwise_selected_active_fraction": 0.4444444444444444,
  "train_rowwise_selected_broken_count": 0.0,
  "train_rowwise_selected_delta_cosine": 0.9344240297723891,
  "train_rowwise_selected_gap_delta_cosine": 0.0024113878515328313,
  "train_rowwise_selected_gap_recall": 0.0,
  "train_rowwise_selected_gap_transition": 0.002279406956842478,
  "train_rowwise_selected_near_tie_erosions": 0.0,
  "train_rowwise_selected_near_tie_flips": 0.0,
  "train_rowwise_selected_recall_at_1": 0.5,
  "train_rowwise_selected_scale": 0.05,
  "train_rowwise_selected_threshold": -0.008106601566628917,
  "train_rowwise_selected_transition": 0.644564694342671,
  "train_rowwise_selected_unsafe_count": 20.0
}
