{
  "base_action_negative_loss": 0.016166862100362778,
  "base_delta_direction_loss": 0.048951685428619385,
  "base_image_to_rna_loss": 0.02114526554942131,
  "base_loss": 0.16577322781085968,
  "base_mean_negative_transition_cosine": 0.3476994037628174,
  "base_mean_positive_transition_cosine": 0.9533714652061462,
  "base_pca_anchor_loss": 0.35527902841567993,
  "base_rna_to_image_loss": 0.005624266806989908,
  "base_source_improvement_hinge": 0.0,
  "base_transition_loss": 0.05081784725189209,
  "base_variance_loss": 0.0,
  "head_head_delta_loss": 0.018098831176757812,
  "head_head_endpoint_loss": 0.020406901836395264,
  "head_head_floor_delta_hinge": 0.0,
  "head_head_floor_endpoint_hinge": 0.0,
  "head_head_loss": 0.03821801021695137,
  "head_head_residual_norm": 0.0012873394880443811,
  "head_head_residual_scale": 1.0320054292678833,
  "inner_gate_safe_nonzero": true,
  "inner_selection_label": "inner_action_heldout_safe_nonzero",
  "seed": 35,
  "selected_cone_mix": 0.0
}
