{
  "action_negative_loss": 0.028981203213334084,
  "active_delta_std_dims": 24.0,
  "delta_cosine_train": 0.5341249704360962,
  "delta_variance_loss": 0.0,
  "device_used": "cuda",
  "image_to_rna_loss": 0.30106526613235474,
  "loss": 1.3652164936065674,
  "magnitude_loss": 0.40265023708343506,
  "pca_delta_direction_loss": 0.4658750295639038,
  "relational_loss": 0.1511373519897461,
  "rna_to_image_loss": 0.11131064593791962,
  "source_anchor_cosine": 0.9859843254089355,
  "source_anchor_loss": 0.015690874308347702,
  "source_improvement_hinge": 0.04562404751777649,
  "steps": 120.0,
  "target_anchor_cosine": 0.7826492786407471,
  "target_anchor_loss": 0.23537881672382355,
  "teacher_delta_direction_loss": 0.3554288148880005,
  "transition_anchor_cosine": 0.48350656032562256,
  "transition_anchor_loss": 0.541899561882019,
  "transition_loss": 0.5398250818252563,
  "variance_loss": 0.0
}
