left_out_perturbation_id	rows	nearest_train_action_by_l2	nearest_train_delta_l2	nearest_train_action_by_cosine	nearest_train_delta_cosine	heldout_delta_norm	transition_improvement	delta_cosine	recall_at_1
8	9	6	0.25167086055153565	6	0.2642035292011436	0.2230368314800771	-0.018999318877425946	0.1725483296665374	0.4444444444444444
2	9	8	0.3242702094890573	8	0.255688418223135	0.2992219186666126	-0.006793939518271268	0.39200953537420535	0.3333333333333333
5	9	6	0.23221808646250028	4	0.5117810370967464	0.19331399464031054	0.01845665132929523	0.48037401211633907	0.7777777777777778
1	9	3	0.192594082563687	3	0.833387570346857	0.22415085092039994	0.023028965137528685	0.48590465293160473	0.8888888888888888
6	9	5	0.23221808646250028	3	0.45473580429105337	0.18956095395769065	0.04312902570158434	0.6155503279254639	1.0
4	9	1	0.19809314364240888	7	0.7603353891504975	0.26237113119526656	0.05159785686543264	0.6456696326496965	1.0
3	9	1	0.192594082563687	1	0.833387570346857	0.33426574907432766	0.05799531482670972	0.717307876498913	0.6666666666666666
7	9	3	0.24490967410368344	3	0.8285843882865164	0.43494867038696566	0.05811407395532012	0.679365341052053	0.7777777777777778
