{
  "final_loss": 0.6391327381134033,
  "final_train_cosine": 0.798462450504303
}
