{
  "device_used": "cpu",
  "final_active_delta_std_dims": 24.0,
  "final_delta_cosine_train": 0.8209683895111084,
  "final_loss": 0.29437828063964844,
  "final_prediction_source_cosine_train": 0.9392861127853394,
  "final_prediction_target_cosine_train": 0.9500719308853149,
  "final_relational_loss": 0.012407025322318077,
  "final_source_improvement_hinge": 0.005624999757856131,
  "relational_weight": 0.2,
  "steps": 120.0
}
