{
  "action_negative_loss": 0.015150836668908596,
  "active_delta_std_dims": 24.0,
  "delta_cosine_train": 0.6061212420463562,
  "delta_variance_loss": 0.0,
  "device_used": "cuda",
  "image_to_rna_loss": 0.26238536834716797,
  "loss": 1.1836837530136108,
  "magnitude_loss": 0.3888227343559265,
  "pca_delta_direction_loss": 0.3938787579536438,
  "relational_loss": 0.15322931110858917,
  "rna_to_image_loss": 0.08850046992301941,
  "source_anchor_cosine": 0.9876646995544434,
  "source_anchor_loss": 0.014693952165544033,
  "source_improvement_hinge": 0.012352130375802517,
  "steps": 120.0,
  "target_anchor_cosine": 0.8474456071853638,
  "target_anchor_loss": 0.17006239295005798,
  "teacher_delta_direction_loss": 0.2782774567604065,
  "transition_anchor_cosine": 0.54456627368927,
  "transition_anchor_loss": 0.4875350594520569,
  "transition_loss": 0.499787837266922,
  "variance_loss": 0.0006975922733545303
}
