{
  "direct_delta_cosine": 0.8321305906647707,
  "direct_delta_rank": 10.471092260479605,
  "direct_recall_at_1": 0.8148148148148148,
  "direct_transition_improvement": 0.23683803702812847,
  "floor_delta_cosine": 0.932261923188985,
  "floor_delta_rank": 6.230242065351273,
  "floor_recall_at_1": 1.0,
  "floor_transition_improvement": 0.2724394655216964,
  "identity_violation": 0.0,
  "image_target_effective_rank": 7.238290478159652,
  "image_to_rna_recall_at_1": 0.7037037037037037,
  "leakage_flag": 0.0,
  "rna_to_image_recall_at_1": 0.7037037037037037,
  "selected_action_negative_gap": 0.011208213803511113,
  "selected_delta_cosine": 0.9323958736585993,
  "selected_delta_rank": 7.346462144436023,
  "selected_gap_delta_cosine": 0.0001339504696142857,
  "selected_gap_recall": 0.0,
  "selected_gap_transition": -0.00022057843246764408,
  "selected_magnitude_ratio": 0.9084696417913483,
  "selected_recall_at_1": 1.0,
  "selected_residual_scale": 0.25,
  "selected_train_delta_cosine": 0.9477723485495315,
  "selected_train_recall_at_1": 0.5,
  "selected_train_transition_improvement": 0.3167934826158152,
  "selected_transition_improvement": 0.27221888708922876,
  "target_effective_rank": 5.545190988462882
}
