{
  "action_negative_loss": 0.018246091902256012,
  "delta_direction_loss": 0.057543158531188965,
  "image_to_rna_loss": 0.011624930426478386,
  "loss": 0.18918584287166595,
  "mean_negative_transition_cosine": 0.8039163947105408,
  "mean_positive_transition_cosine": 0.9541540741920471,
  "pca_anchor_loss": 0.45576485991477966,
  "rna_to_image_loss": 0.008048300631344318,
  "source_improvement_hinge": 0.00011895468924194574,
  "transition_loss": 0.05712373927235603,
  "variance_loss": 0.002230615122243762
}
