{
  "final_loss": 0.9360364675521851,
  "final_train_cosine": 0.7335532307624817
}
