{
  "action_negative_loss": 0.013115872628986835,
  "active_delta_std_dims": 24.0,
  "delta_cosine_train": 0.7821565866470337,
  "delta_variance_loss": 0.0,
  "device_used": "cuda",
  "image_to_rna_loss": 0.02321789227426052,
  "loss": 0.5196847319602966,
  "magnitude_loss": 0.35964930057525635,
  "pca_delta_direction_loss": 0.2178434133529663,
  "relational_loss": 0.10207123309373856,
  "rna_to_image_loss": 0.01197975967079401,
  "source_anchor_cosine": 0.9925471544265747,
  "source_anchor_loss": 0.00945487804710865,
  "source_improvement_hinge": 0.004840048961341381,
  "steps": 600.0,
  "target_anchor_cosine": 0.9855909943580627,
  "target_anchor_loss": 0.021648257970809937,
  "teacher_delta_direction_loss": 0.17767882347106934,
  "transition_anchor_cosine": 0.7972807884216309,
  "transition_anchor_loss": 0.21930047869682312,
  "transition_loss": 0.21633793413639069,
  "variance_loss": 0.018567435443401337
}
