{
  "floor_delta_cosine": 0.8180165151670288,
  "floor_init_error": 1.0731888888670937e-06,
  "floor_recall_at_1": 0.7037037037037037,
  "floor_transition_improvement": 0.2566772606430877,
  "identity_violation": 0.0,
  "leakage_flag": 0.0,
  "oracle_broken_count": 0.0,
  "oracle_cone_mix": 0.0,
  "oracle_delta_cosine": 0.8193136969644819,
  "oracle_delta_rank": 5.982994963881995,
  "oracle_effective_scale": 0.018518518518518517,
  "oracle_gap_delta_cosine": 0.0012971817974530842,
  "oracle_gap_recall": 0.0,
  "oracle_gap_transition": 0.00033990040939596566,
  "oracle_magnitude_ratio": 0.9904312035640468,
  "oracle_nonzero": true,
  "oracle_recall_at_1": 0.7037037037037037,
  "oracle_rowwise_active_fraction": 0.37037037037037035,
  "oracle_safe": true,
  "oracle_transition_improvement": 0.2570171610524837,
  "seed": 32
}
