seed	base_loss	base_transition_loss	base_delta_direction_loss	base_source_improvement_hinge	base_rna_to_image_loss	base_image_to_rna_loss	base_pca_anchor_loss	base_action_negative_loss	base_variance_loss	base_mean_positive_transition_cosine	base_mean_negative_transition_cosine	head_head_loss	head_head_endpoint_loss	head_head_delta_loss	head_head_floor_endpoint_hinge	head_head_floor_delta_hinge	head_head_residual_norm	head_head_residual_scale
34	0.12921211123466492	0.040309470146894455	0.040074706077575684	0.0	0.006264356896281242	0.01848946511745453	0.23574964702129364	0.01939181238412857	0.00012592288840096444	0.962529182434082	0.5245105028152466	0.02007187157869339	0.009848237037658691	0.010468840599060059	0.0	0.0	0.0005982096190564334	0.9794785380363464
35	0.1558397114276886	0.04639548063278198	0.0431099534034729	0.0	0.00651252968236804	0.032800592482089996	0.28690382838249207	0.01561465673148632	0.001873225555755198	0.9571872353553772	0.08719402551651001	0.03362775966525078	0.018030762672424316	0.015592813491821289	8.27799885882996e-06	1.2174652511021122e-05	0.0011652534594759345	1.023428201675415
36	0.17075563967227936	0.05393725261092186	0.05508899688720703	0.0	0.006622433662414551	0.022352056577801704	0.3251037299633026	0.015005004592239857	0.0	0.9511974453926086	0.7216619253158569	0.023833326995372772	0.009911894798278809	0.01228398084640503	2.186226993217133e-05	0.0	0.0015033457893878222	1.0282034873962402
