{
  "direct_delta_cosine": 0.948596127919991,
  "direct_delta_rank": 8.643228143986384,
  "direct_recall_at_1": 0.9259259259259259,
  "direct_transition_improvement": 0.5677151900707219,
  "floor_delta_cosine": 0.9200586293997617,
  "floor_delta_rank": 6.089894692766619,
  "floor_init_error": 4.288532871044026e-07,
  "floor_recall_at_1": 0.8148148148148148,
  "floor_transition_improvement": 0.5571293539076213,
  "identity_violation": 0.0,
  "image_target_effective_rank": 6.623638804543242,
  "image_to_rna_recall_at_1": 0.7777777777777778,
  "inner_val_floor_delta_cosine": 0.943364234409648,
  "inner_val_floor_recall_at_1": 0.7272727272727273,
  "inner_val_floor_transition": 0.6604840138916077,
  "inner_val_selected_delta_cosine": 0.9553443136401601,
  "inner_val_selected_gap_delta_cosine": 0.011980079230512142,
  "inner_val_selected_gap_recall": 0.0,
  "inner_val_selected_gap_transition": 0.007887562815285354,
  "inner_val_selected_recall_at_1": 0.7272727272727273,
  "inner_val_selected_scale": 0.5,
  "inner_val_selected_transition": 0.6683715767068931,
  "leakage_flag": 0.0,
  "rna_to_image_recall_at_1": 0.7777777777777778,
  "selected_action_negative_gap": 0.10086880782089447,
  "selected_delta_cosine": 0.943389176892199,
  "selected_delta_rank": 7.695668962710091,
  "selected_gap_delta_cosine": 0.023330547492437348,
  "selected_gap_recall": 0.0,
  "selected_gap_transition": 0.00977092527225798,
  "selected_magnitude_ratio": 1.0670733648228787,
  "selected_recall_at_1": 0.8148148148148148,
  "selected_residual_scale": 0.5,
  "selected_transition_improvement": 0.5669002791798793,
  "target_effective_rank": 7.17675460536759
}
