{
  "action_negative_loss": 0.016225028783082962,
  "active_delta_std_dims": 24.0,
  "delta_cosine_train": 0.6092095375061035,
  "delta_variance_loss": 0.0,
  "device_used": "cuda",
  "image_to_rna_loss": 0.30944764614105225,
  "loss": 1.1597695350646973,
  "magnitude_loss": 0.41538918018341064,
  "pca_delta_direction_loss": 0.3907904624938965,
  "relational_loss": 0.15872076153755188,
  "rna_to_image_loss": 0.10331625491380692,
  "source_anchor_cosine": 0.982699990272522,
  "source_anchor_loss": 0.01993725635111332,
  "source_improvement_hinge": 0.025740081444382668,
  "steps": 120.0,
  "target_anchor_cosine": 0.7949044704437256,
  "target_anchor_loss": 0.22046317160129547,
  "teacher_delta_direction_loss": 0.2428208589553833,
  "transition_anchor_cosine": 0.5296399593353271,
  "transition_anchor_loss": 0.49320995807647705,
  "transition_loss": 0.41202667355537415,
  "variance_loss": 4.873300713370554e-05
}
