{
  "direct_delta_cosine": 0.9009615451828468,
  "direct_delta_rank": 10.080293126309243,
  "direct_recall_at_1": 1.0,
  "direct_transition_improvement": 0.43371857018680743,
  "floor_delta_cosine": 0.8824301051468425,
  "floor_delta_rank": 7.46118990037177,
  "floor_init_error": 7.071852410334145e-07,
  "floor_recall_at_1": 1.0,
  "floor_transition_improvement": 0.4219192843909284,
  "identity_violation": 0.0,
  "image_target_effective_rank": 8.001411030434696,
  "image_to_rna_recall_at_1": 0.8888888888888888,
  "leakage_flag": 0.0,
  "retrieval_broken_count": 0.0,
  "retrieval_broken_mean_delta_cosine_change": 0.0,
  "retrieval_broken_mean_floor_margin": 0.0,
  "retrieval_broken_mean_margin_change": 0.0,
  "retrieval_broken_mean_selected_margin": 0.0,
  "retrieval_broken_mean_transition_gain_change": 0.0,
  "retrieval_broken_near_tie_fraction": 0.0,
  "retrieval_floor_median_rank": 1.0,
  "retrieval_mean_floor_margin": 0.2517312847987645,
  "retrieval_mean_margin_change": 4.6852073970692234e-05,
  "retrieval_mean_rank_change": 0.0,
  "retrieval_mean_residual_norm": 0.009623947311281841,
  "retrieval_mean_selected_margin": 0.25177813687273515,
  "retrieval_preserved_correct_count": 27.0,
  "retrieval_repaired_count": 0.0,
  "retrieval_row_count": 27.0,
  "retrieval_selected_median_rank": 1.0,
  "retrieval_still_wrong_count": 0.0,
  "rna_to_image_recall_at_1": 0.7407407407407407,
  "rowwise_active_fraction": 0.18518518518518517,
  "rowwise_effective_scale": 0.009259259259259259,
  "rowwise_risk_score_mean": -0.17575182783625876,
  "rowwise_selected_base_scale": 0.05,
  "seed": 23,
  "selected_action_negative_gap": 0.06905191180503689,
  "selected_delta_cosine": 0.8827261651269609,
  "selected_delta_rank": 7.537771181365268,
  "selected_gap_delta_cosine": 0.0002960599801183905,
  "selected_gap_recall": 0.0,
  "selected_gap_transition": 0.00020485210170589907,
  "selected_magnitude_ratio": 1.110713266295205,
  "selected_recall_at_1": 1.0,
  "selected_residual_scale": 0.009259259259259259,
  "selected_transition_improvement": 0.4221241364926343,
  "target_effective_rank": 8.723502176176805,
  "train_rowwise_floor_delta_cosine": 0.9428221205074183,
  "train_rowwise_floor_recall_at_1": 0.4722222222222222,
  "train_rowwise_floor_transition": 0.5841328862862594,
  "train_rowwise_selected_active_fraction": 0.2222222222222222,
  "train_rowwise_selected_broken_count": 0.0,
  "train_rowwise_selected_delta_cosine": 0.9436725001934358,
  "train_rowwise_selected_gap_delta_cosine": 0.0008503796860175328,
  "train_rowwise_selected_gap_recall": 0.0,
  "train_rowwise_selected_gap_transition": 0.00038374854934331015,
  "train_rowwise_selected_near_tie_erosions": 0.0,
  "train_rowwise_selected_near_tie_flips": 0.0,
  "train_rowwise_selected_recall_at_1": 0.4722222222222222,
  "train_rowwise_selected_scale": 0.05,
  "train_rowwise_selected_threshold": -0.6056491390179498,
  "train_rowwise_selected_transition": 0.5845166348356027,
  "train_rowwise_selected_unsafe_count": 28.0
}
