{
  "direct_delta_cosine": 0.907612517266586,
  "direct_delta_rank": 10.371741735540782,
  "direct_recall_at_1": 0.6666666666666666,
  "direct_transition_improvement": 0.18840415070912092,
  "floor_delta_cosine": 0.8418910341147743,
  "floor_delta_rank": 7.628453394528662,
  "floor_init_error": 9.431691827543887e-07,
  "floor_recall_at_1": 0.5925925925925926,
  "floor_transition_improvement": 0.1707350373131547,
  "identity_violation": 0.0,
  "image_target_effective_rank": 8.031676607695829,
  "image_to_rna_recall_at_1": 0.8888888888888888,
  "inner_val_floor_delta_cosine": 0.8934681092460667,
  "inner_val_floor_recall_at_1": 0.5,
  "inner_val_floor_transition": 0.20186171108345005,
  "inner_val_selected_delta_cosine": 0.94284515949237,
  "inner_val_selected_gap_delta_cosine": 0.049377050246303344,
  "inner_val_selected_gap_recall": 0.09090909090909094,
  "inner_val_selected_gap_transition": 0.018512555896985805,
  "inner_val_selected_recall_at_1": 0.5909090909090909,
  "inner_val_selected_scale": 1.0,
  "inner_val_selected_transition": 0.22037426698043586,
  "leakage_flag": 0.0,
  "rna_to_image_recall_at_1": 0.6296296296296297,
  "selected_action_negative_gap": 0.05043628196474037,
  "selected_delta_cosine": 0.907612517266586,
  "selected_delta_rank": 10.371741735540782,
  "selected_gap_delta_cosine": 0.0657214831518117,
  "selected_gap_recall": 0.07407407407407407,
  "selected_gap_transition": 0.01766911339596622,
  "selected_magnitude_ratio": 1.0482673532287006,
  "selected_recall_at_1": 0.6666666666666666,
  "selected_residual_scale": 1.0,
  "selected_transition_improvement": 0.18840415070912092,
  "target_effective_rank": 5.943674980225257
}
