{
  "base_action_negative_loss": 0.017669091001152992,
  "base_delta_direction_loss": 0.08337175846099854,
  "base_image_to_rna_loss": 0.01728464663028717,
  "base_loss": 0.21368111670017242,
  "base_mean_negative_transition_cosine": 0.77274489402771,
  "base_mean_positive_transition_cosine": 0.9425914287567139,
  "base_pca_anchor_loss": 0.36450663208961487,
  "base_rna_to_image_loss": 0.00886311661452055,
  "base_source_improvement_hinge": 5.5604265071451664e-05,
  "base_transition_loss": 0.0700187236070633,
  "base_variance_loss": 0.0,
  "full_head_delta_loss": 0.01446998119354248,
  "full_head_endpoint_loss": 0.0068735480308532715,
  "full_head_floor_delta_hinge": 2.6027548301499337e-05,
  "full_head_floor_endpoint_hinge": 1.729360519675538e-05,
  "full_head_loss": 0.02080819010734558,
  "full_head_residual_norm": 0.0008447969448752701,
  "full_head_residual_scale": 1.036429524421692,
  "inner_head_delta_loss": 0.012419700622558594,
  "inner_head_endpoint_loss": 0.005460500717163086,
  "inner_head_floor_delta_hinge": 0.0,
  "inner_head_floor_endpoint_hinge": 0.0,
  "inner_head_loss": 0.017351077869534492,
  "inner_head_residual_norm": 0.0008960420382209122,
  "inner_head_residual_scale": 1.0415877103805542,
  "seed": 1
}
