{
  "action_negative_loss": 0.020805977284908295,
  "active_delta_std_dims": 18.0,
  "delta_cosine_train": 0.6259135007858276,
  "delta_variance_loss": 0.0,
  "device_used": "cuda",
  "image_to_rna_loss": 0.2782098352909088,
  "loss": 1.1583678722381592,
  "magnitude_loss": 0.4951414167881012,
  "pca_delta_direction_loss": 0.37408649921417236,
  "relational_loss": 0.15657678246498108,
  "rna_to_image_loss": 0.09464523196220398,
  "source_anchor_cosine": 0.9818546772003174,
  "source_anchor_loss": 0.01903679594397545,
  "source_improvement_hinge": 0.03320268541574478,
  "steps": 120.0,
  "target_anchor_cosine": 0.8338280916213989,
  "target_anchor_loss": 0.183971107006073,
  "teacher_delta_direction_loss": 0.2768477201461792,
  "transition_anchor_cosine": 0.5498749017715454,
  "transition_anchor_loss": 0.4796120226383209,
  "transition_loss": 0.45244866609573364,
  "variance_loss": 0.0
}
