{
  "action_negative_loss": 0.011904336512088776,
  "active_delta_std_dims": 18.0,
  "delta_cosine_train": 0.6759002208709717,
  "delta_variance_loss": 0.0,
  "device_used": "cuda",
  "image_to_rna_loss": 0.2752567231655121,
  "loss": 1.0139729976654053,
  "magnitude_loss": 0.43299779295921326,
  "pca_delta_direction_loss": 0.3240997791290283,
  "relational_loss": 0.1336127370595932,
  "rna_to_image_loss": 0.11170584708452225,
  "source_anchor_cosine": 0.9979086518287659,
  "source_anchor_loss": 0.003520767204463482,
  "source_improvement_hinge": 0.021532384678721428,
  "steps": 120.0,
  "target_anchor_cosine": 0.8509600758552551,
  "target_anchor_loss": 0.1695401966571808,
  "teacher_delta_direction_loss": 0.30839765071868896,
  "transition_anchor_cosine": 0.6728280186653137,
  "transition_anchor_loss": 0.3577508330345154,
  "transition_loss": 0.40659865736961365,
  "variance_loss": 0.0
}
