{
  "base_action_negative_loss": 0.011275716125965118,
  "base_delta_direction_loss": 0.0700727105140686,
  "base_image_to_rna_loss": 0.01657097041606903,
  "base_loss": 0.18508857488632202,
  "base_mean_negative_transition_cosine": 0.41967904567718506,
  "base_mean_positive_transition_cosine": 0.9657391309738159,
  "base_pca_anchor_loss": 0.46111932396888733,
  "base_rna_to_image_loss": 0.011184470728039742,
  "base_source_improvement_hinge": 0.0,
  "base_transition_loss": 0.037354566156864166,
  "base_variance_loss": 0.0,
  "head_head_delta_loss": 0.013614892959594727,
  "head_head_endpoint_loss": 0.012515664100646973,
  "head_head_floor_delta_hinge": 0.0004764780751429498,
  "head_head_floor_endpoint_hinge": 0.0003513027331791818,
  "head_head_loss": 0.027871230617165565,
  "head_head_residual_norm": 0.0007640796829946339,
  "head_head_residual_scale": 0.9969160556793213,
  "seed": 13
}
