seed	scale	safe	transition_improvement	delta_cosine	recall_at_1	gap_transition	gap_delta_cosine	gap_recall	train_broken_count_diagnostic_only	train_mean_margin_change_diagnostic_only	near_tie_erosions	near_tie_flips	near_tie_count	margin_q10_change	near_tie_min_margin_change	has_near_tie_certificate
13	0.0	True	0.4794515461152877	0.9412821671776437	0.5	0.0	0.0	0.0	0.0	0.0	0.0	0.0	33.0	0.0	0.0	True
13	0.005	False	0.47971765809798467	0.9416739674366803	0.5	0.00026611198269699265	0.0003918002590366232	0.0	0.0	0.0	1.0	0.0	33.0	5.422368285101786e-06	-0.00013105804397817167	True
13	0.01	False	0.4799815052647345	0.9420639663639457	0.5	0.0005299591494468125	0.0007817991863020568	0.0	1.0	0.0	4.0	1.0	33.0	1.0837203507363391e-05	-0.000261578420488795	True
13	0.0125	False	0.48011258343390495	0.9422582892083263	0.5	0.0006610373186172747	0.0009761220306826468	0.0	1.0	0.0	4.0	1.0	33.0	1.3541795097826714e-05	-0.00032663768876195487	True
13	0.025	False	0.48075958234335775	0.9432231193688675	0.5	0.0013080362280700752	0.0019409521912238104	0.0	1.0	0.0	12.0	1.0	33.0	2.7036475425568085e-05	-0.0006499361093696976	True
13	0.05	False	0.4820122410393836	0.9451186817033145	0.5	0.002560694924095941	0.0038365145256707978	0.0	1.0	0.0	16.0	1.0	33.0	5.388428311414728e-05	-0.00128665597979305	True
