{
  "action_negative_transition_gap": 0.04780324308973624,
  "benchmark": "synth_program_aligned_stratified_holdout_lite",
  "direct_delta_cosine": 0.6012352021943145,
  "direct_delta_rank": 8.095302080580046,
  "direct_magnitude_ratio": 0.9126052854512074,
  "direct_recall_at_1": 0.6296296296296297,
  "direct_transition_improvement": 0.18782914875891008,
  "identity_violation": 0.0,
  "image_target_effective_rank": 6.261288768116388,
  "image_teacher_action_negative_gap": 0.053127532984071996,
  "image_teacher_delta_cosine": 0.8161982961127109,
  "image_teacher_delta_rank": 8.016539823431946,
  "image_teacher_magnitude_ratio": 1.3841588734565078,
  "image_teacher_recall_at_1": 1.0,
  "image_teacher_transition_improvement": 0.1603367732240071,
  "image_to_rna_recall_at_1": 0.7407407407407407,
  "leakage_flag": 0.0,
  "policy": "stratified_program",
  "ridge_floor_delta_cosine": 0.5171896966369742,
  "ridge_floor_delta_rank": 5.6664377278938325,
  "ridge_floor_recall_at_1": 0.6296296296296297,
  "ridge_floor_transition_improvement": 0.1255035853627659,
  "rna_to_image_recall_at_1": 0.37037037037037035,
  "seed": 35,
  "source_image_cosine": 0.9898098993304963,
  "source_image_effective_rank": 2.9788794536588554,
  "target_effective_rank": 9.442783848210576,
  "target_image_cosine": 0.556773326235309,
  "target_image_effective_rank": 6.529327480898136,
  "transition_image_cosine": 0.9643671263983267
}
