{
  "action_negative_loss": 0.00937500037252903,
  "active_delta_std_dims": 24.0,
  "delta_cosine_train": 0.93045574426651,
  "delta_variance_loss": 0.0,
  "device_used": "cpu",
  "image_to_rna_loss": 0.02935008518397808,
  "loss": 0.22111234068870544,
  "magnitude_loss": 0.3084235191345215,
  "pca_delta_direction_loss": 0.06954425573348999,
  "relational_loss": 0.012976853176951408,
  "rna_to_image_loss": 0.006583919283002615,
  "source_anchor_cosine": 0.9903439283370972,
  "source_anchor_loss": 0.012051654979586601,
  "source_improvement_hinge": 0.0,
  "steps": 120.0,
  "target_anchor_cosine": 0.9618661403656006,
  "target_anchor_loss": 0.0415896475315094,
  "teacher_delta_direction_loss": 0.22854983806610107,
  "transition_anchor_cosine": 0.9756650328636169,
  "transition_anchor_loss": 0.02717525139451027,
  "transition_loss": 0.08055491745471954,
  "variance_loss": 0.044670406728982925
}
