{
  "action_negative_transition_gap": 0.03283270839116993,
  "benchmark": "synth_program_aligned_random_holdout_lite",
  "direct_delta_cosine": 0.7594417874595785,
  "direct_delta_rank": 8.763378270698476,
  "direct_magnitude_ratio": 1.0248720920241488,
  "direct_recall_at_1": 0.5925925925925926,
  "direct_transition_improvement": 0.13308043792347,
  "identity_violation": 0.0,
  "image_target_effective_rank": 9.665247280633327,
  "image_teacher_action_negative_gap": 0.04304756706118634,
  "image_teacher_delta_cosine": 0.7775800561458347,
  "image_teacher_delta_rank": 8.739300564284116,
  "image_teacher_magnitude_ratio": 1.5660257782966658,
  "image_teacher_recall_at_1": 1.0,
  "image_teacher_transition_improvement": 0.2339805361053863,
  "image_to_rna_recall_at_1": 0.7777777777777778,
  "leakage_flag": 0.0,
  "policy": "random_perturbation",
  "ridge_floor_delta_cosine": 0.7629283624221267,
  "ridge_floor_delta_rank": 5.999981457015742,
  "ridge_floor_recall_at_1": 0.5555555555555556,
  "ridge_floor_transition_improvement": 0.11552850830814343,
  "rna_to_image_recall_at_1": 0.5185185185185185,
  "seed": 34,
  "source_image_cosine": 0.9937692057541186,
  "source_image_effective_rank": 3.7415315905301334,
  "target_effective_rank": 9.686478271008541,
  "target_image_cosine": 0.7735956641927337,
  "target_image_effective_rank": 7.495024751013125,
  "transition_image_cosine": 0.9506489468592357
}
