{
  "action_negative_loss": 0.014062500558793545,
  "active_delta_std_dims": 24.0,
  "delta_cosine_train": 0.9652764797210693,
  "delta_variance_loss": 0.0,
  "device_used": "cpu",
  "image_to_rna_loss": 0.024788137525320053,
  "loss": 0.15126201510429382,
  "magnitude_loss": 0.41763800382614136,
  "pca_delta_direction_loss": 0.034723520278930664,
  "relational_loss": 0.007722227834165096,
  "rna_to_image_loss": 0.005315535701811314,
  "source_anchor_cosine": 0.9936223030090332,
  "source_anchor_loss": 0.010341344401240349,
  "source_improvement_hinge": 0.0,
  "steps": 120.0,
  "target_anchor_cosine": 0.9858474135398865,
  "target_anchor_loss": 0.017702659592032433,
  "teacher_delta_direction_loss": 0.11302882432937622,
  "transition_anchor_cosine": 0.9745827913284302,
  "transition_anchor_loss": 0.02900533936917782,
  "transition_loss": 0.05925671383738518,
  "variance_loss": 0.06402155756950378
}
