policy	benchmark	representation	seed_count	mean_real_transition	mean_inner_transition	mean_transition_optimism	mean_abs_transition_optimism	max_abs_transition_optimism	mean_real_delta_cosine	mean_inner_delta_cosine	mean_delta_optimism	mean_abs_delta_optimism	mean_real_recall_at_1	mean_inner_recall_at_1	mean_recall_optimism
extrapolative_index	synth_program_aligned_extrapolative_holdout_lite	observed_rna_pca	5	0.2957597590256905	0.2888242646964725	-0.006935494329217992	0.02617969924386133	0.05167768455383209	0.9138991828651195	0.8589067280826874	-0.05499245478243209	0.05499245478243209	0.874074074074074	0.9666666666666666	0.09259259259259259
extrapolative_index	synth_program_aligned_extrapolative_holdout_lite	true_z_bio	5	0.17409157503553555	0.16895408401657014	-0.005137491018965432	0.013065894942230196	0.024815193233969968	0.9644744386910699	0.9615773204567002	-0.0028971182343695114	0.006680808414179751	1.0	1.0	0.0
random_perturbation	synth_program_aligned_random_holdout_lite	observed_rna_pca	5	0.3160528267028468	0.23199678756121705	-0.08405603914162971	0.08405603914162971	0.23173865483323217	0.9230500579116121	0.774446466558968	-0.14860359135264406	0.14860359135264406	0.9185185185185185	0.9583333333333333	0.03981481481481484
random_perturbation	synth_program_aligned_random_holdout_lite	true_z_bio	5	0.16274296653743198	0.14183298035538633	-0.020909986182045676	0.022960827502154574	0.0433457611885803	0.9614420716772999	0.8246522270864386	-0.1367898445908613	0.1367898445908613	1.0	1.0	0.0
stratified_program	synth_program_aligned_stratified_holdout_lite	observed_rna_pca	5	0.30617272028899445	0.2894615453627589	-0.016711174926235525	0.06498268325090521	0.11976614558651921	0.9166952144639755	0.8540368626667927	-0.06265835179718285	0.06265835179718285	0.9481481481481481	0.9888888888888889	0.040740740740740744
stratified_program	synth_program_aligned_stratified_holdout_lite	true_z_bio	5	0.17175906331105384	0.16943196687274809	-0.002327096438305748	0.014769559202530097	0.03449174008226369	0.9686494802830472	0.9585210152316275	-0.010128465051419688	0.010128465051419688	1.0	1.0	0.0
