{
  "action_negative_transition_gap": 0.028830504516835276,
  "benchmark": "synth_program_aligned_random_holdout_lite",
  "calibrated_action_negative_gap": 0.046411005924674675,
  "calibrated_delta_cosine": 0.9316731928916567,
  "calibrated_delta_cosine_gain": 0.18121365205017925,
  "calibrated_delta_rank": 7.374487029846431,
  "calibrated_magnitude_ratio": 1.0085462061124997,
  "calibrated_recall_at_1": 1.0,
  "calibrated_recall_gain": 0.0,
  "calibrated_transition_gain": 0.0218365305395766,
  "calibrated_transition_improvement": 0.24657092629744076,
  "direct_delta_cosine": 0.7885849966488508,
  "direct_delta_rank": 9.140930591922958,
  "direct_magnitude_ratio": 0.9324695080219337,
  "direct_recall_at_1": 0.8888888888888888,
  "direct_transition_improvement": 0.18375754649850454,
  "identity_violation": 0.0,
  "image_target_effective_rank": 8.990314934766262,
  "image_teacher_action_negative_gap": 0.0411681654114299,
  "image_teacher_delta_cosine": 0.7504595408414775,
  "image_teacher_delta_rank": 8.989982153223231,
  "image_teacher_magnitude_ratio": 1.5293832612885738,
  "image_teacher_recall_at_1": 1.0,
  "image_teacher_transition_improvement": 0.22473439575786416,
  "image_to_rna_recall_at_1": 0.7407407407407407,
  "leakage_flag": 0.0,
  "policy": "random_perturbation",
  "ridge_floor_delta_cosine": 0.7781511174955987,
  "ridge_floor_delta_rank": 5.726337005612544,
  "ridge_floor_recall_at_1": 0.7777777777777778,
  "ridge_floor_transition_improvement": 0.16846248229547214,
  "rna_to_image_recall_at_1": 0.8518518518518519,
  "seed": 34,
  "source_image_cosine": 0.9934638458788441,
  "source_image_effective_rank": 3.7415315905301316,
  "target_effective_rank": 10.174388475390584,
  "target_image_cosine": 0.7996671187462185,
  "target_image_effective_rank": 7.495024751013125,
  "train_calibrated_delta_cosine": 0.9891716464165944,
  "train_calibrated_delta_rank": 8.322548560621847,
  "train_calibrated_magnitude_ratio": 0.9895129612392787,
  "train_calibrated_recall_at_1": 0.5,
  "train_calibrated_transition_improvement": 0.33571779936875107,
  "train_raw_delta_cosine": 0.8153075430887213,
  "train_raw_delta_rank": 10.024430110546742,
  "train_raw_recall_at_1": 0.5,
  "train_raw_transition_improvement": 0.31947818210158807,
  "transition_image_cosine": 0.9414028065117138
}
