{
  "action_negative_loss": 0.00937500037252903,
  "active_delta_std_dims": 24.0,
  "delta_cosine_train": 0.9597076177597046,
  "delta_variance_loss": 0.0,
  "device_used": "cpu",
  "image_to_rna_loss": 0.023327931761741638,
  "loss": 0.15708214044570923,
  "magnitude_loss": 0.4359796941280365,
  "pca_delta_direction_loss": 0.04029238224029541,
  "relational_loss": 0.006247146520763636,
  "rna_to_image_loss": 0.007299714721739292,
  "source_anchor_cosine": 0.9932582974433899,
  "source_anchor_loss": 0.010689809918403625,
  "source_improvement_hinge": 0.0,
  "steps": 120.0,
  "target_anchor_cosine": 0.9771849513053894,
  "target_anchor_loss": 0.027851691469550133,
  "teacher_delta_direction_loss": 0.11416888236999512,
  "transition_anchor_cosine": 0.9745033979415894,
  "transition_anchor_loss": 0.02934354543685913,
  "transition_loss": 0.05861750245094299,
  "variance_loss": 0.03786943480372429
}
