{
  "device_used": "cpu",
  "final_active_std_dims": 24.0,
  "final_loss": 0.17252744734287262,
  "final_mse": 0.06923816353082657,
  "final_prediction_target_cosine_train": 0.8539867997169495,
  "final_relational_loss": 0.09216751158237457,
  "relational_weight": 0.25,
  "steps": 100.0
}
