{
  "action_negative_loss": 0.008908253163099289,
  "active_delta_std_dims": 24.0,
  "delta_cosine_train": 0.8787709474563599,
  "delta_variance_loss": 0.0,
  "device_used": "cuda",
  "image_to_rna_loss": 0.10146152973175049,
  "loss": 0.4077409505844116,
  "magnitude_loss": 0.676604688167572,
  "pca_delta_direction_loss": 0.12122905254364014,
  "relational_loss": 0.0726199522614479,
  "rna_to_image_loss": 0.004359232261776924,
  "source_anchor_cosine": 0.9870573282241821,
  "source_anchor_loss": 0.01493198610842228,
  "source_improvement_hinge": 0.00041938602225854993,
  "steps": 120.0,
  "target_anchor_cosine": 0.9772875905036926,
  "target_anchor_loss": 0.045027509331703186,
  "teacher_delta_direction_loss": 0.1295626163482666,
  "transition_anchor_cosine": 0.8591678142547607,
  "transition_anchor_loss": 0.18283477425575256,
  "transition_loss": 0.13658329844474792,
  "variance_loss": 0.002135158982127905
}
