{
  "device_used": "cpu",
  "final_active_std_dims": 24.0,
  "final_loss": 0.15872958302497864,
  "final_mse": 0.07342036813497543,
  "final_prediction_target_cosine_train": 0.86324143409729,
  "final_relational_loss": 0.07316141575574875,
  "relational_weight": 0.25,
  "steps": 100.0
}
