{
  "action_negative_loss": 0.04467558488249779,
  "active_delta_std_dims": 24.0,
  "delta_cosine_train": 0.09918110072612762,
  "delta_variance_loss": 0.0,
  "device_used": "cuda",
  "image_to_rna_loss": 0.17232400178909302,
  "loss": 219891.34375,
  "magnitude_loss": 6.324346542358398,
  "pca_delta_direction_loss": 0.9008188843727112,
  "relational_loss": 0.27555301785469055,
  "rna_to_image_loss": 0.049339938908815384,
  "source_anchor_cosine": 0.9039647579193115,
  "source_anchor_loss": 8926.6328125,
  "source_improvement_hinge": 0.008715617470443249,
  "steps": 120.0,
  "target_anchor_cosine": 0.7562726736068726,
  "target_anchor_loss": 240885.609375,
  "teacher_delta_direction_loss": 0.31324416399002075,
  "transition_anchor_cosine": 0.8873482942581177,
  "transition_anchor_loss": 240833.359375,
  "transition_loss": 0.434980571269989,
  "variance_loss": 0.0
}
