{
  "direct_delta_cosine": 0.9166120945667231,
  "direct_delta_rank": 10.310896883815268,
  "direct_recall_at_1": 0.6666666666666666,
  "direct_transition_improvement": 0.19228905931609683,
  "floor_delta_cosine": 0.8418910341147743,
  "floor_delta_rank": 7.628453394528662,
  "floor_init_error": 9.431691827543887e-07,
  "floor_recall_at_1": 0.5925925925925926,
  "floor_transition_improvement": 0.1707350373131547,
  "identity_violation": 0.0,
  "image_target_effective_rank": 8.031676607695829,
  "image_to_rna_recall_at_1": 0.8888888888888888,
  "leakage_flag": 0.0,
  "rna_to_image_recall_at_1": 0.6296296296296297,
  "selected_action_negative_gap": 0.05278401398489582,
  "selected_delta_cosine": 0.9166120945667231,
  "selected_delta_rank": 10.310896883815268,
  "selected_gap_delta_cosine": 0.07472106045194882,
  "selected_gap_recall": 0.07407407407407407,
  "selected_gap_transition": 0.021554022002942125,
  "selected_magnitude_ratio": 1.0586142360526876,
  "selected_recall_at_1": 0.6666666666666666,
  "selected_residual_scale": 1.0,
  "selected_train_delta_cosine": 0.9790010379186584,
  "selected_train_recall_at_1": 0.5,
  "selected_train_transition_improvement": 0.24864717705859649,
  "selected_transition_improvement": 0.19228905931609683,
  "target_effective_rank": 5.943674980225257
}
