{
  "action_negative_loss": 0.015960276126861572,
  "active_delta_std_dims": 18.0,
  "delta_cosine_train": 0.7533792853355408,
  "delta_variance_loss": 0.0,
  "device_used": "cuda",
  "image_to_rna_loss": 0.26635241508483887,
  "loss": 0.8225553631782532,
  "magnitude_loss": 0.37664228677749634,
  "pca_delta_direction_loss": 0.24662071466445923,
  "relational_loss": 0.12519867718219757,
  "rna_to_image_loss": 0.09039753675460815,
  "source_anchor_cosine": 0.9982712268829346,
  "source_anchor_loss": 0.0035435943864285946,
  "source_improvement_hinge": 0.022368408739566803,
  "steps": 120.0,
  "target_anchor_cosine": 0.8650027513504028,
  "target_anchor_loss": 0.15117715299129486,
  "teacher_delta_direction_loss": 0.20000869035720825,
  "transition_anchor_cosine": 0.6989383101463318,
  "transition_anchor_loss": 0.32383495569229126,
  "transition_loss": 0.2992604970932007,
  "variance_loss": 0.0
}
