eval_perturbation_id	rows	nearest_train_action_by_l2	nearest_train_delta_l2	nearest_train_action_by_cosine	nearest_train_delta_cosine	eval_delta_norm	nearest_train_delta_norm	transition_improvement	delta_cosine	recall_at_1
9	9	8	0.21569137802092223	8	0.5900927697240829	0.25035235546648194	0.2230368314800771	-0.03787556074381832	0.12867587312415363	0.5555555555555556
10	9	8	0.16308797223372143	8	0.6924755705682734	0.18102398270906872	0.2230368314800771	0.009205303511384969	0.4427734591544262	1.0
11	9	4	0.24944347824000496	7	0.6771700611944148	0.26743905348051844	0.26237113119526656	0.04565597678101558	0.6224382178056113	0.8888888888888888
