{
  "device_used": "cpu",
  "final_active_std_dims": 24.0,
  "final_loss": 0.27205902338027954,
  "final_mse": 0.07353450357913971,
  "final_prediction_target_cosine_train": 0.7896814942359924,
  "final_relational_loss": 0.11612759530544281,
  "relational_weight": 0.5,
  "steps": 80.0
}
