{
  "action_negative_loss": 0.0087382597848773,
  "active_delta_std_dims": 24.0,
  "delta_cosine_train": 0.5633249878883362,
  "delta_variance_loss": 0.0,
  "device_used": "cuda",
  "image_to_rna_loss": 0.4237958490848541,
  "loss": 1.6073507070541382,
  "magnitude_loss": 0.43721339106559753,
  "pca_delta_direction_loss": 0.4366750121116638,
  "relational_loss": 0.17679241299629211,
  "rna_to_image_loss": 0.2791290879249573,
  "source_anchor_cosine": 0.9823164939880371,
  "source_anchor_loss": 0.019809719175100327,
  "source_improvement_hinge": 0.036162856966257095,
  "steps": 120.0,
  "target_anchor_cosine": 0.4300503730773926,
  "target_anchor_loss": 0.5991724133491516,
  "teacher_delta_direction_loss": 0.37714970111846924,
  "transition_anchor_cosine": 0.45950084924697876,
  "transition_anchor_loss": 0.5651086568832397,
  "transition_loss": 0.583827555179596,
  "variance_loss": 0.001455198391340673
}
