{
  "device_used": "cpu",
  "final_active_delta_std_dims": 24.0,
  "final_delta_cosine_train": 0.8231180310249329,
  "final_loss": 0.2849521040916443,
  "final_prediction_source_cosine_train": 0.9557164907455444,
  "final_prediction_target_cosine_train": 0.9562926292419434,
  "final_relational_loss": 0.023949114605784416,
  "final_source_improvement_hinge": 0.005624999757856131,
  "relational_weight": 0.2,
  "steps": 120.0
}
