seed	base_loss	base_transition_loss	base_delta_direction_loss	base_source_improvement_hinge	base_rna_to_image_loss	base_image_to_rna_loss	base_pca_anchor_loss	base_action_negative_loss	base_variance_loss	base_mean_positive_transition_cosine	base_mean_negative_transition_cosine	head_head_loss	head_head_endpoint_loss	head_head_delta_loss	head_head_floor_endpoint_hinge	head_head_floor_delta_hinge	head_head_residual_norm	head_head_residual_scale
16	0.1379372924566269	0.04086238890886307	0.04954934120178223	0.0	0.005551984999328852	0.0202651284635067	0.24247106909751892	0.01093750074505806	0.0012263065436854959	0.9619839191436768	0.5522619485855103	0.01887037791311741	0.00891721248626709	0.010305166244506836	4.9857826525112614e-05	0.0	0.00046721036778762937	0.9651092290878296
17	0.12641766667366028	0.040398985147476196	0.04647660255432129	0.0	0.004759033676236868	0.023756306618452072	0.17183935642242432	0.011149988509714603	4.9775466322898865e-05	0.9625950455665588	0.3830646276473999	0.03566868230700493	0.01743781566619873	0.019283294677734375	1.3787612260784954e-06	0.0	0.0010368454968556762	0.9977694153785706
18	0.1754920780658722	0.05681812763214111	0.05994600057601929	0.00011328724212944508	0.00859887432307005	0.015213685110211372	0.32437747716903687	0.027225960046052933	0.0012112092226743698	0.9527786374092102	0.6293403506278992	0.03495543450117111	0.0123557448387146	0.024687767028808594	3.8728521758457646e-05	0.0	0.0009987220400944352	1.0146275758743286
