{
  "global_mean_transition_null_available": 1.0,
  "latent/transition_pred_std_mean": 0.13269607722759247,
  "source_as_target_transition_null_available": 1.0,
  "teacher/pred_norm_mean": 2.463653564453125,
  "teacher/pred_target_cosine": 0.840021550655365,
  "teacher/target_norm_mean": 1.5636942386627197,
  "transition_joint_cosine_to_teacher": 0.840021550655365,
  "transition_source_cosine_improvement": 0.041682831943035126
}
