{
  "action_negative_transition_gap": 0.015815765780226115,
  "benchmark": "synth_program_aligned_stratified_holdout_lite",
  "calibrated_action_negative_gap": 0.03794404574504065,
  "calibrated_delta_cosine": 0.9359134233709872,
  "calibrated_delta_cosine_gain": 0.20852716898249735,
  "calibrated_delta_rank": 6.782565976244137,
  "calibrated_magnitude_ratio": 1.019915827011032,
  "calibrated_recall_at_1": 1.0,
  "calibrated_recall_gain": 0.0,
  "calibrated_transition_gain": 0.017787696824906468,
  "calibrated_transition_improvement": 0.1819350214906747,
  "direct_delta_cosine": 0.5828133867036678,
  "direct_delta_rank": 7.993582997296069,
  "direct_magnitude_ratio": 0.9270174509141099,
  "direct_recall_at_1": 0.8888888888888888,
  "direct_transition_improvement": 0.12743981767146245,
  "identity_violation": 0.0,
  "image_target_effective_rank": 6.832495981716706,
  "image_teacher_action_negative_gap": 0.032936577998135125,
  "image_teacher_delta_cosine": 0.7273862543884898,
  "image_teacher_delta_rank": 8.10721339926043,
  "image_teacher_magnitude_ratio": 1.7057508770178789,
  "image_teacher_recall_at_1": 1.0,
  "image_teacher_transition_improvement": 0.16414732466576823,
  "image_to_rna_recall_at_1": 1.0,
  "leakage_flag": 0.0,
  "policy": "stratified_program",
  "ridge_floor_delta_cosine": 0.6498161951783656,
  "ridge_floor_delta_rank": 5.523205063555705,
  "ridge_floor_recall_at_1": 0.8888888888888888,
  "ridge_floor_transition_improvement": 0.10435860810920536,
  "rna_to_image_recall_at_1": 0.8518518518518519,
  "seed": 39,
  "source_image_cosine": 0.9925900543065206,
  "source_image_effective_rank": 3.203545368680106,
  "target_effective_rank": 10.105568859803821,
  "target_image_cosine": 0.7933196751596504,
  "target_image_effective_rank": 6.955073067107477,
  "train_calibrated_delta_cosine": 0.9837989098298312,
  "train_calibrated_delta_rank": 8.346982779038811,
  "train_calibrated_magnitude_ratio": 0.9846807876649769,
  "train_calibrated_recall_at_1": 0.5,
  "train_calibrated_transition_improvement": 0.21307149513293244,
  "train_raw_delta_cosine": 0.7828802771285939,
  "train_raw_delta_rank": 9.601983104687944,
  "train_raw_recall_at_1": 0.5,
  "train_raw_transition_improvement": 0.19344903317210407,
  "transition_image_cosine": 0.9582893028193977
}
