{
  "action_negative_loss": 0.01093750074505806,
  "active_delta_std_dims": 24.0,
  "delta_cosine_train": 0.9304376840591431,
  "delta_variance_loss": 0.0,
  "device_used": "cpu",
  "image_to_rna_loss": 0.02800106257200241,
  "loss": 0.22696053981781006,
  "magnitude_loss": 0.36572474241256714,
  "pca_delta_direction_loss": 0.06956231594085693,
  "relational_loss": 0.014488165266811848,
  "rna_to_image_loss": 0.00503461854532361,
  "source_anchor_cosine": 0.9918314814567566,
  "source_anchor_loss": 0.012044355273246765,
  "source_improvement_hinge": 0.0,
  "steps": 120.0,
  "target_anchor_cosine": 0.9791836142539978,
  "target_anchor_loss": 0.02531474456191063,
  "teacher_delta_direction_loss": 0.22617053985595703,
  "transition_anchor_cosine": 0.9675236344337463,
  "transition_anchor_loss": 0.03619195893406868,
  "transition_loss": 0.08696485310792923,
  "variance_loss": 0.04135710373520851
}
