{
  "action_negative_transition_gap": 0.023927413137609793,
  "benchmark": "synth_program_aligned_random_holdout_lite",
  "calibrated_action_negative_gap": 0.02942383495969797,
  "calibrated_delta_cosine": 0.9604778110654304,
  "calibrated_delta_cosine_gain": 0.15352116033480212,
  "calibrated_delta_rank": 6.709094007512753,
  "calibrated_magnitude_ratio": 1.0030243987673029,
  "calibrated_recall_at_1": 1.0,
  "calibrated_recall_gain": 0.0,
  "calibrated_transition_gain": 0.019744169903073844,
  "calibrated_transition_improvement": 0.16353281249928348,
  "direct_delta_cosine": 0.48983602120555175,
  "direct_delta_rank": 8.564952593080402,
  "direct_magnitude_ratio": 0.9120848856884246,
  "direct_recall_at_1": 0.7037037037037037,
  "direct_transition_improvement": 0.11494301219048653,
  "identity_violation": 0.0,
  "image_target_effective_rank": 6.750487314926037,
  "image_teacher_action_negative_gap": 0.03013374576983889,
  "image_teacher_delta_cosine": 0.8069566507306283,
  "image_teacher_delta_rank": 8.400595578027282,
  "image_teacher_magnitude_ratio": 1.5002934473923129,
  "image_teacher_recall_at_1": 1.0,
  "image_teacher_transition_improvement": 0.14378864259620963,
  "image_to_rna_recall_at_1": 0.7777777777777778,
  "leakage_flag": 0.0,
  "policy": "random_perturbation",
  "ridge_floor_delta_cosine": 0.44163120646251897,
  "ridge_floor_delta_rank": 6.0816628019290855,
  "ridge_floor_recall_at_1": 0.4444444444444444,
  "ridge_floor_transition_improvement": 0.07348264331705133,
  "rna_to_image_recall_at_1": 0.5925925925925926,
  "seed": 35,
  "source_image_cosine": 0.991293332130738,
  "source_image_effective_rank": 2.9745380361173477,
  "target_effective_rank": 10.688933439859213,
  "target_image_cosine": 0.7134244923591481,
  "target_image_effective_rank": 6.332000279628842,
  "train_calibrated_delta_cosine": 0.9910325724235187,
  "train_calibrated_delta_rank": 7.867905167517309,
  "train_calibrated_magnitude_ratio": 0.9911661227770251,
  "train_calibrated_recall_at_1": 0.5,
  "train_calibrated_transition_improvement": 0.18576271162615943,
  "train_raw_delta_cosine": 0.8497074951458105,
  "train_raw_delta_rank": 9.446848296152812,
  "train_raw_recall_at_1": 0.5,
  "train_raw_transition_improvement": 0.16378343738731008,
  "transition_image_cosine": 0.9686427525443653
}
