{
  "action_negative_loss": 0.01718750037252903,
  "active_delta_std_dims": 24.0,
  "delta_cosine_train": 0.9296180009841919,
  "delta_variance_loss": 0.0,
  "device_used": "cpu",
  "image_to_rna_loss": 0.04084978997707367,
  "loss": 0.25334498286247253,
  "magnitude_loss": 0.2833710312843323,
  "pca_delta_direction_loss": 0.0703819990158081,
  "relational_loss": 0.010332864709198475,
  "rna_to_image_loss": 0.010879202745854855,
  "source_anchor_cosine": 0.9908556342124939,
  "source_anchor_loss": 0.012076176702976227,
  "source_improvement_hinge": 0.0,
  "steps": 120.0,
  "target_anchor_cosine": 0.9718623757362366,
  "target_anchor_loss": 0.031511880457401276,
  "teacher_delta_direction_loss": 0.31546086072921753,
  "transition_anchor_cosine": 0.9758198261260986,
  "transition_anchor_loss": 0.02746119350194931,
  "transition_loss": 0.0922817811369896,
  "variance_loss": 0.0357053205370903
}
