{
  "completed_seed_count": 4,
  "constraint": "condition labels and source-state metadata are used only for diagnostic scoring; no exact key or metadata field is used as a model input or train/eval fit target",
  "diagnostic_label": "G002_MULTI_SEED_SOURCE_STATE_SIGNAL_UNSTABLE_NO_TRAINING_REOPEN",
  "exact_pass_fraction": 0.25,
  "mean_exact_floor_gap": -0.029100529100529085,
  "mean_online_floor_gap": -0.050595238095238096,
  "min_online_floor_gap": -0.0978835978835979,
  "online_beats_teacher_fraction": 1.0,
  "online_pass_fraction": 0.0,
  "protected_condition_recall_floor": 0.48148148148148145,
  "seed_rows": [
    {
      "cache_status": "current_phase4_cache",
      "diagnostic_status": "completed",
      "exact_floor_gap": -0.001322751322751281,
      "exact_selected_delta_weight_mean": 0.5750000000000001,
      "exact_source_state_recall_at_1": 0.4801587301587302,
      "floor_delta_cosine": 0.39796251669473043,
      "floor_delta_rank": 10.283476977293052,
      "floor_magnitude_ratio": 0.7744371112179363,
      "floor_recall_at_1": 0.48148148148148145,
      "floor_transition_improvement": 0.005661906516194076,
      "online_cell_line_eta_squared": 0.7379454050801717,
      "online_floor_gap": -0.02380952380952378,
      "online_minus_teacher_eta_gain": 0.2627565796506147,
      "online_minus_teacher_purity_gain": 0.19554673721340377,
      "online_minus_teacher_recall": 0.05952380952380959,
      "online_selected_delta_weight_mean": 0.5732142857142858,
      "online_selected_fraction_mean": 0.3333333333333333,
      "online_source_neighborhood_recall_at_1": 0.4576719576719577,
      "online_top_third_same_cell_line_purity": 0.9112286890064667,
      "returncode": 0,
      "seed": 0,
      "teacher_cell_line_eta_squared": 0.475188825429557,
      "teacher_floor_gap": -0.08333333333333337,
      "teacher_selected_fraction_mean": 0.35416666666666663,
      "teacher_source_neighborhood_recall_at_1": 0.3981481481481481,
      "teacher_top_third_same_cell_line_purity": 0.7156819517930629
    },
    {
      "cache_dir": "outputs/autoresearch_total_autonomy_bioguard_wm_jepa/experiments/G001_fresh_synthetic_seed_cache/seed1_latent_cache",
      "cache_status": "reused_g001_seed1_cache",
      "diagnostic_status": "completed",
      "exact_floor_gap": -0.03439153439153436,
      "exact_selected_delta_weight_mean": 0.71875,
      "exact_source_state_recall_at_1": 0.4470899470899471,
      "floor_delta_cosine": 0.5404280277268804,
      "floor_delta_rank": 9.937518308977577,
      "floor_magnitude_ratio": 0.7933582487536444,
      "floor_recall_at_1": 0.3333333333333333,
      "floor_transition_improvement": 0.021756478285427833,
      "online_cell_line_eta_squared": 0.6675017256568256,
      "online_floor_gap": -0.06283068783068785,
      "online_minus_teacher_eta_gain": -0.08751245874108293,
      "online_minus_teacher_purity_gain": -0.004997060552616062,
      "online_minus_teacher_recall": 0.004629629629629539,
      "online_selected_delta_weight_mean": 0.7383928571428571,
      "online_selected_fraction_mean": 0.3333333333333333,
      "online_source_neighborhood_recall_at_1": 0.4186507936507936,
      "online_top_third_same_cell_line_purity": 0.7849059376837155,
      "returncode": 0,
      "seed": 1,
      "teacher_cell_line_eta_squared": 0.7550141843979086,
      "teacher_floor_gap": -0.06746031746031739,
      "teacher_selected_fraction_mean": 0.35119047619047616,
      "teacher_source_neighborhood_recall_at_1": 0.41402116402116407,
      "teacher_top_third_same_cell_line_purity": 0.7899029982363316
    },
    {
      "cache_dir": "outputs/autoresearch_total_autonomy_bioguard_wm_jepa/experiments/G002_multi_seed_source_state_stability/seed2_latent_cache",
      "cache_status": "generated",
      "diagnostic_status": "completed",
      "exact_floor_gap": 0.003968253968253954,
      "exact_selected_delta_weight_mean": 0.4535714285714286,
      "exact_source_state_recall_at_1": 0.4854497354497354,
      "floor_delta_cosine": 0.4018851082029823,
      "floor_delta_rank": 9.632914633777684,
      "floor_magnitude_ratio": 0.5918627929859949,
      "floor_recall_at_1": 0.2962962962962963,
      "floor_transition_improvement": 0.009402064646795659,
      "online_cell_line_eta_squared": 0.8236089485789495,
      "online_floor_gap": -0.01785714285714285,
      "online_minus_teacher_eta_gain": 0.04694623878936788,
      "online_minus_teacher_purity_gain": -0.0011757789535566943,
      "online_minus_teacher_recall": 0.00462962962962965,
      "online_selected_delta_weight_mean": 0.4678571428571429,
      "online_selected_fraction_mean": 0.3333333333333333,
      "online_source_neighborhood_recall_at_1": 0.4636243386243386,
      "online_top_third_same_cell_line_purity": 0.8713256907701352,
      "returncode": 0,
      "seed": 2,
      "teacher_cell_line_eta_squared": 0.7766627097895816,
      "teacher_floor_gap": -0.0224867724867725,
      "teacher_selected_fraction_mean": 0.3333333333333333,
      "teacher_source_neighborhood_recall_at_1": 0.45899470899470896,
      "teacher_top_third_same_cell_line_purity": 0.8725014697236919
    },
    {
      "cache_dir": "outputs/autoresearch_total_autonomy_bioguard_wm_jepa/experiments/G002_multi_seed_source_state_stability/seed3_latent_cache",
      "cache_status": "generated",
      "diagnostic_status": "completed",
      "exact_floor_gap": -0.08465608465608465,
      "exact_selected_delta_weight_mean": 0.17232142857142857,
      "exact_source_state_recall_at_1": 0.3968253968253968,
      "floor_delta_cosine": 0.4200548145191377,
      "floor_delta_rank": 10.486444270464679,
      "floor_magnitude_ratio": 0.8778340372856198,
      "floor_recall_at_1": 0.25925925925925924,
      "floor_transition_improvement": 0.0004243423315500173,
      "online_cell_line_eta_squared": 0.7052630367806322,
      "online_floor_gap": -0.0978835978835979,
      "online_minus_teacher_eta_gain": 0.0853522766695759,
      "online_minus_teacher_purity_gain": -0.04960317460317465,
      "online_minus_teacher_recall": 0.004629629629629595,
      "online_selected_delta_weight_mean": 0.2267857142857143,
      "online_selected_fraction_mean": 0.34523809523809523,
      "online_source_neighborhood_recall_at_1": 0.38359788359788355,
      "online_top_third_same_cell_line_purity": 0.7774838330393886,
      "returncode": 0,
      "seed": 3,
      "teacher_cell_line_eta_squared": 0.6199107601110563,
      "teacher_floor_gap": -0.1025132275132275,
      "teacher_selected_fraction_mean": 0.3392857142857143,
      "teacher_source_neighborhood_recall_at_1": 0.37896825396825395,
      "teacher_top_third_same_cell_line_purity": 0.8270870076425633
    }
  ],
  "seeds": [
    0,
    1,
    2,
    3
  ]
}
