{
  "direct_delta_cosine": 0.9041455727965442,
  "direct_delta_rank": 9.187319536608369,
  "direct_recall_at_1": 1.0,
  "direct_transition_improvement": 0.4571311320468241,
  "floor_delta_cosine": 0.8648012898596641,
  "floor_delta_rank": 6.60465231614294,
  "floor_init_error": 5.812826859852294e-07,
  "floor_recall_at_1": 0.8518518518518519,
  "floor_transition_improvement": 0.4314699126223587,
  "identity_violation": 0.0,
  "image_target_effective_rank": 6.755189720045509,
  "image_to_rna_recall_at_1": 1.0,
  "leakage_flag": 0.0,
  "retrieval_broken_count": 0.0,
  "retrieval_broken_mean_delta_cosine_change": 0.0,
  "retrieval_broken_mean_floor_margin": 0.0,
  "retrieval_broken_mean_margin_change": 0.0,
  "retrieval_broken_mean_selected_margin": 0.0,
  "retrieval_broken_mean_transition_gain_change": 0.0,
  "retrieval_broken_near_tie_fraction": 0.0,
  "retrieval_floor_median_rank": 1.0,
  "retrieval_mean_floor_margin": 0.08903062357981542,
  "retrieval_mean_margin_change": 0.0013878073013720304,
  "retrieval_mean_rank_change": -0.037037037037037035,
  "retrieval_mean_residual_norm": 0.030577828208842108,
  "retrieval_mean_selected_margin": 0.09041843088118746,
  "retrieval_preserved_correct_count": 23.0,
  "retrieval_repaired_count": 0.0,
  "retrieval_row_count": 27.0,
  "retrieval_selected_median_rank": 1.0,
  "retrieval_still_wrong_count": 4.0,
  "rna_to_image_recall_at_1": 0.7777777777777778,
  "rowwise_active_fraction": 0.3333333333333333,
  "rowwise_effective_scale": 0.016666666666666666,
  "rowwise_risk_score_mean": -0.7212821091914144,
  "rowwise_selected_base_scale": 0.05,
  "seed": 17,
  "selected_action_negative_gap": 0.03596800059747207,
  "selected_delta_cosine": 0.8664005503952228,
  "selected_delta_rank": 6.732830284692463,
  "selected_gap_delta_cosine": 0.0015992605355586997,
  "selected_gap_recall": 0.0,
  "selected_gap_transition": 0.0009948619731046104,
  "selected_magnitude_ratio": 1.1538561730440877,
  "selected_recall_at_1": 0.8518518518518519,
  "selected_residual_scale": 0.016666666666666666,
  "selected_transition_improvement": 0.4324647745954633,
  "target_effective_rank": 6.952088433894881,
  "train_rowwise_floor_delta_cosine": 0.9173090125933344,
  "train_rowwise_floor_recall_at_1": 0.5,
  "train_rowwise_floor_transition": 0.5006941943939069,
  "train_rowwise_selected_active_fraction": 0.25,
  "train_rowwise_selected_broken_count": 0.0,
  "train_rowwise_selected_delta_cosine": 0.9188870260769393,
  "train_rowwise_selected_gap_delta_cosine": 0.0015780134836048676,
  "train_rowwise_selected_gap_recall": 0.0,
  "train_rowwise_selected_gap_transition": 0.0008195947369674661,
  "train_rowwise_selected_near_tie_erosions": 0.0,
  "train_rowwise_selected_near_tie_flips": 0.0,
  "train_rowwise_selected_recall_at_1": 0.5,
  "train_rowwise_selected_scale": 0.05,
  "train_rowwise_selected_threshold": -0.07699430693483848,
  "train_rowwise_selected_transition": 0.5015137891308744,
  "train_rowwise_selected_unsafe_count": 27.0
}
