{
  "action_negative_transition_gap": 0.05498208347341671,
  "benchmark": "synth_program_aligned_stratified_holdout_lite",
  "calibrated_action_negative_gap": 0.04939507187081851,
  "calibrated_delta_cosine": 0.9694198295433103,
  "calibrated_delta_cosine_gain": 0.1698939477455661,
  "calibrated_delta_rank": 6.509265855868445,
  "calibrated_magnitude_ratio": 0.9715508559213896,
  "calibrated_recall_at_1": 1.0,
  "calibrated_recall_gain": 0.0,
  "calibrated_transition_gain": 0.025283009665729245,
  "calibrated_transition_improvement": 0.18458527661784144,
  "direct_delta_cosine": 0.6104296148205945,
  "direct_delta_rank": 8.188766316595954,
  "direct_magnitude_ratio": 0.9717696690024342,
  "direct_recall_at_1": 0.7037037037037037,
  "direct_transition_improvement": 0.19690830282695165,
  "identity_violation": 0.0,
  "image_target_effective_rank": 6.5346701550189845,
  "image_teacher_action_negative_gap": 0.050517675647062915,
  "image_teacher_delta_cosine": 0.7995258817977442,
  "image_teacher_delta_rank": 8.122444016643097,
  "image_teacher_magnitude_ratio": 1.4849229855471937,
  "image_teacher_recall_at_1": 1.0,
  "image_teacher_transition_improvement": 0.1593022669521122,
  "image_to_rna_recall_at_1": 0.8888888888888888,
  "leakage_flag": 0.0,
  "policy": "stratified_program",
  "ridge_floor_delta_cosine": 0.5696080487465648,
  "ridge_floor_delta_rank": 5.817927094419603,
  "ridge_floor_recall_at_1": 0.6666666666666666,
  "ridge_floor_transition_improvement": 0.13922471406683815,
  "rna_to_image_recall_at_1": 0.5555555555555556,
  "seed": 35,
  "source_image_cosine": 0.9893384440369246,
  "source_image_effective_rank": 2.9788794536588568,
  "target_effective_rank": 10.679922900991878,
  "target_image_cosine": 0.5862270483562272,
  "target_image_effective_rank": 6.529327480898136,
  "train_calibrated_delta_cosine": 0.9896991724619103,
  "train_calibrated_delta_rank": 8.02177238685773,
  "train_calibrated_magnitude_ratio": 0.98906869688648,
  "train_calibrated_recall_at_1": 0.5,
  "train_calibrated_transition_improvement": 0.17914094233250422,
  "train_raw_delta_cosine": 0.8234805664763135,
  "train_raw_delta_rank": 9.766587488974933,
  "train_raw_recall_at_1": 0.5,
  "train_raw_transition_improvement": 0.15759373963591222,
  "transition_image_cosine": 0.9633326201264318
}
