{
  "action_negative_loss": 0.00937500037252903,
  "active_delta_std_dims": 24.0,
  "delta_cosine_train": 0.9327370524406433,
  "delta_variance_loss": 0.0,
  "device_used": "cpu",
  "image_to_rna_loss": 0.039368126541376114,
  "loss": 0.23291857540607452,
  "magnitude_loss": 0.3075900971889496,
  "pca_delta_direction_loss": 0.06726294755935669,
  "relational_loss": 0.009048713371157646,
  "rna_to_image_loss": 0.008663580752909184,
  "source_anchor_cosine": 0.9902102947235107,
  "source_anchor_loss": 0.013025617226958275,
  "source_improvement_hinge": 0.0,
  "steps": 120.0,
  "target_anchor_cosine": 0.9699300527572632,
  "target_anchor_loss": 0.033964239060878754,
  "teacher_delta_direction_loss": 0.24487680196762085,
  "transition_anchor_cosine": 0.9748443365097046,
  "transition_anchor_loss": 0.028527207672595978,
  "transition_loss": 0.09065155684947968,
  "variance_loss": 0.03401444852352142
}
