{
  "action_negative_transition_gap": 0.01601519808705144,
  "benchmark": "synth_program_aligned_random_holdout_lite",
  "calibrated_action_negative_gap": 0.03687912496167953,
  "calibrated_delta_cosine": 0.9187599443228275,
  "calibrated_delta_cosine_gain": 0.272288338207191,
  "calibrated_delta_rank": 7.093784935360705,
  "calibrated_magnitude_ratio": 1.0428025927657156,
  "calibrated_recall_at_1": 1.0,
  "calibrated_recall_gain": 0.0,
  "calibrated_transition_gain": 0.02962021507965934,
  "calibrated_transition_improvement": 0.16409338724916492,
  "direct_delta_cosine": 0.6172758366689289,
  "direct_delta_rank": 8.89580812873403,
  "direct_magnitude_ratio": 1.4264909792700422,
  "direct_recall_at_1": 1.0,
  "direct_transition_improvement": 0.023318182806539595,
  "identity_violation": 0.0,
  "image_target_effective_rank": 6.79805882278367,
  "image_teacher_action_negative_gap": 0.031205151573615503,
  "image_teacher_delta_cosine": 0.6464716061156365,
  "image_teacher_delta_rank": 8.121727458744166,
  "image_teacher_magnitude_ratio": 1.8556156043485055,
  "image_teacher_recall_at_1": 1.0,
  "image_teacher_transition_improvement": 0.13447317216950558,
  "image_to_rna_recall_at_1": 1.0,
  "leakage_flag": 0.0,
  "policy": "random_perturbation",
  "ridge_floor_delta_cosine": 0.6664585671224641,
  "ridge_floor_delta_rank": 5.996916939292069,
  "ridge_floor_recall_at_1": 1.0,
  "ridge_floor_transition_improvement": 0.032214275413486884,
  "rna_to_image_recall_at_1": 0.9259259259259259,
  "seed": 37,
  "source_image_cosine": 0.9778779084143195,
  "source_image_effective_rank": 3.3838932400821458,
  "target_effective_rank": 7.542686251804602,
  "target_image_cosine": 0.8612572673176779,
  "target_image_effective_rank": 6.8922137167839725,
  "train_calibrated_delta_cosine": 0.9804997830579807,
  "train_calibrated_delta_rank": 8.62077295170099,
  "train_calibrated_magnitude_ratio": 0.979921318923225,
  "train_calibrated_recall_at_1": 0.5,
  "train_calibrated_transition_improvement": 0.1747216663908432,
  "train_raw_delta_cosine": 0.6631214539717357,
  "train_raw_delta_rank": 9.383334518242604,
  "train_raw_recall_at_1": 0.5,
  "train_raw_transition_improvement": 0.1484699157912236,
  "transition_image_cosine": 0.9456063059083543
}
