{
  "action_negative_loss": 0.01250000111758709,
  "active_delta_std_dims": 24.0,
  "delta_cosine_train": 0.9049810767173767,
  "delta_variance_loss": 0.0,
  "device_used": "cpu",
  "image_to_rna_loss": 0.014482507482171059,
  "loss": 0.25319287180900574,
  "magnitude_loss": 0.2687023878097534,
  "pca_delta_direction_loss": 0.09501892328262329,
  "relational_loss": 0.012749050743877888,
  "rna_to_image_loss": 0.012641889043152332,
  "source_anchor_cosine": 0.9777486324310303,
  "source_anchor_loss": 0.027267474681138992,
  "source_improvement_hinge": 0.0,
  "steps": 120.0,
  "target_anchor_cosine": 0.9531915187835693,
  "target_anchor_loss": 0.05184021219611168,
  "teacher_delta_direction_loss": 0.3072630763053894,
  "transition_anchor_cosine": 0.9700642824172974,
  "transition_anchor_loss": 0.035634055733680725,
  "transition_loss": 0.06308281421661377,
  "variance_loss": 0.02428368665277958
}
