{
  "action_negative_loss": 0.014504415914416313,
  "active_delta_std_dims": 18.0,
  "delta_cosine_train": 0.6978557109832764,
  "delta_variance_loss": 0.0,
  "device_used": "cuda",
  "image_to_rna_loss": 0.30465278029441833,
  "loss": 1.0170855522155762,
  "magnitude_loss": 0.3777308464050293,
  "pca_delta_direction_loss": 0.30214428901672363,
  "relational_loss": 0.13583964109420776,
  "rna_to_image_loss": 0.0965418815612793,
  "source_anchor_cosine": 0.9973277449607849,
  "source_anchor_loss": 0.0034283644054085016,
  "source_improvement_hinge": 0.025157703086733818,
  "steps": 120.0,
  "target_anchor_cosine": 0.8340439796447754,
  "target_anchor_loss": 0.18581168353557587,
  "teacher_delta_direction_loss": 0.3312193751335144,
  "transition_anchor_cosine": 0.6734784841537476,
  "transition_anchor_loss": 0.3525185286998749,
  "transition_loss": 0.41437917947769165,
  "variance_loss": 0.0
}
