{
  "direct_delta_cosine": 0.8587436967821556,
  "direct_delta_rank": 10.289717063186439,
  "direct_recall_at_1": 0.8518518518518519,
  "direct_transition_improvement": 0.5068937748619565,
  "floor_delta_cosine": 0.9200586293997617,
  "floor_delta_rank": 6.089894692766619,
  "floor_recall_at_1": 0.8148148148148148,
  "floor_transition_improvement": 0.5571293539076213,
  "identity_violation": 0.0,
  "image_target_effective_rank": 6.623638804543242,
  "image_to_rna_recall_at_1": 0.7777777777777778,
  "leakage_flag": 0.0,
  "rna_to_image_recall_at_1": 0.7777777777777778,
  "selected_action_negative_gap": 0.09750004547557162,
  "selected_delta_cosine": 0.9200586293997617,
  "selected_delta_rank": 6.089894692766619,
  "selected_gap_delta_cosine": 0.0,
  "selected_gap_recall": 0.0,
  "selected_gap_transition": 0.0,
  "selected_magnitude_ratio": 1.0546942332990834,
  "selected_recall_at_1": 0.8148148148148148,
  "selected_residual_scale": 0.0,
  "selected_train_delta_cosine": 0.9562826450260533,
  "selected_train_recall_at_1": 0.5,
  "selected_train_transition_improvement": 0.6985857906455684,
  "selected_transition_improvement": 0.5571293539076213,
  "target_effective_rank": 7.17675460536759
}
