{
  "action_negative_loss": 0.014062500558793545,
  "delta_direction_loss": 0.044378697872161865,
  "image_to_rna_loss": 0.02551700361073017,
  "loss": 0.14618735015392303,
  "mean_negative_transition_cosine": 0.3052143156528473,
  "mean_positive_transition_cosine": 0.9531789422035217,
  "pca_anchor_loss": 0.2359301596879959,
  "rna_to_image_loss": 0.00579799385741353,
  "source_improvement_hinge": 0.0,
  "transition_loss": 0.04965891316533089,
  "variance_loss": 0.0008063887362368405
}
