{
  "direct_delta_cosine": 0.9452906320909933,
  "direct_delta_rank": 8.628908034605484,
  "direct_recall_at_1": 0.9629629629629629,
  "direct_transition_improvement": 0.5654477673655594,
  "floor_delta_cosine": 0.9200586293997617,
  "floor_delta_rank": 6.089894692766619,
  "floor_init_error": 4.288532871044026e-07,
  "floor_recall_at_1": 0.8148148148148148,
  "floor_transition_improvement": 0.5571293539076213,
  "identity_violation": 0.0,
  "image_target_effective_rank": 6.623638804543242,
  "image_to_rna_recall_at_1": 0.7777777777777778,
  "leakage_flag": 0.0,
  "rna_to_image_recall_at_1": 0.7777777777777778,
  "selected_action_negative_gap": 0.10199778907107482,
  "selected_delta_cosine": 0.9452906320909933,
  "selected_delta_rank": 8.628908034605477,
  "selected_gap_delta_cosine": 0.025232002691231603,
  "selected_gap_recall": 0.14814814814814814,
  "selected_gap_transition": 0.008318413457938045,
  "selected_magnitude_ratio": 1.085050684341376,
  "selected_recall_at_1": 0.9629629629629629,
  "selected_residual_scale": 1.0,
  "selected_train_delta_cosine": 0.9889360824113026,
  "selected_train_recall_at_1": 0.5,
  "selected_train_transition_improvement": 0.7154381020209577,
  "selected_transition_improvement": 0.5654477673655594,
  "target_effective_rank": 7.17675460536759
}
