{
  "action_negative_transition_gap": 0.03810805530691967,
  "benchmark": "synth_program_aligned_stratified_holdout_lite",
  "calibrated_action_negative_gap": 0.0508100586444169,
  "calibrated_delta_cosine": 0.9482902670732017,
  "calibrated_delta_cosine_gain": 0.20841917312947977,
  "calibrated_delta_rank": 6.828122794786672,
  "calibrated_magnitude_ratio": 1.0433585197413546,
  "calibrated_recall_at_1": 1.0,
  "calibrated_recall_gain": 0.0,
  "calibrated_transition_gain": 0.025666227307700046,
  "calibrated_transition_improvement": 0.21709186016155885,
  "direct_delta_cosine": 0.7878503635271563,
  "direct_delta_rank": 8.751227199540116,
  "direct_magnitude_ratio": 1.105910115055657,
  "direct_recall_at_1": 1.0,
  "direct_transition_improvement": 0.11460324300713737,
  "identity_violation": 0.0,
  "image_target_effective_rank": 7.005019768021252,
  "image_teacher_action_negative_gap": 0.0414818767249541,
  "image_teacher_delta_cosine": 0.739871093943722,
  "image_teacher_delta_rank": 8.303193059272216,
  "image_teacher_magnitude_ratio": 1.4704263497956513,
  "image_teacher_recall_at_1": 1.0,
  "image_teacher_transition_improvement": 0.1914256328538588,
  "image_to_rna_recall_at_1": 1.0,
  "leakage_flag": 0.0,
  "policy": "stratified_program",
  "ridge_floor_delta_cosine": 0.7975097564186586,
  "ridge_floor_delta_rank": 5.788551046001095,
  "ridge_floor_recall_at_1": 1.0,
  "ridge_floor_transition_improvement": 0.1045381654683687,
  "rna_to_image_recall_at_1": 0.8148148148148148,
  "seed": 40,
  "source_image_cosine": 0.9872646744452107,
  "source_image_effective_rank": 3.4098620991930915,
  "target_effective_rank": 9.370076607713276,
  "target_image_cosine": 0.8714882002278044,
  "target_image_effective_rank": 7.04456588162237,
  "train_calibrated_delta_cosine": 0.9868089938533219,
  "train_calibrated_delta_rank": 8.187036096873552,
  "train_calibrated_magnitude_ratio": 0.9876349857359554,
  "train_calibrated_recall_at_1": 0.5,
  "train_calibrated_transition_improvement": 0.24748061504007224,
  "train_raw_delta_cosine": 0.7518349536901378,
  "train_raw_delta_rank": 9.957964279999937,
  "train_raw_recall_at_1": 0.5,
  "train_raw_transition_improvement": 0.21811422343688322,
  "transition_image_cosine": 0.9487776819220161
}
