{
  "action_negative_loss": 0.015625,
  "active_delta_std_dims": 24.0,
  "delta_cosine_train": 0.9309921264648438,
  "delta_variance_loss": 0.0,
  "device_used": "cpu",
  "image_to_rna_loss": 0.015097626484930515,
  "loss": 0.2117071896791458,
  "magnitude_loss": 0.23182402551174164,
  "pca_delta_direction_loss": 0.06900787353515625,
  "relational_loss": 0.020140118896961212,
  "rna_to_image_loss": 0.010046069510281086,
  "source_anchor_cosine": 0.9898409843444824,
  "source_anchor_loss": 0.013340628705918789,
  "source_improvement_hinge": 0.0,
  "steps": 120.0,
  "target_anchor_cosine": 0.9643747210502625,
  "target_anchor_loss": 0.03932098299264908,
  "teacher_delta_direction_loss": 0.24013888835906982,
  "transition_anchor_cosine": 0.9662113189697266,
  "transition_anchor_loss": 0.03730671852827072,
  "transition_loss": 0.06302438676357269,
  "variance_loss": 0.04401932284235954
}
