{
  "action_negative_transition_gap": 0.026425597784660332,
  "benchmark": "synth_program_aligned_extrapolative_holdout_lite",
  "calibrated_action_negative_gap": 0.0530213785231565,
  "calibrated_delta_cosine": 0.9530116828727858,
  "calibrated_delta_cosine_gain": 0.24805125439770248,
  "calibrated_delta_rank": 6.835688783181301,
  "calibrated_magnitude_ratio": 0.9952619138382107,
  "calibrated_recall_at_1": 1.0,
  "calibrated_recall_gain": 0.0,
  "calibrated_transition_gain": 0.021444100840605745,
  "calibrated_transition_improvement": 0.236176125771352,
  "direct_delta_cosine": 0.7680892625558022,
  "direct_delta_rank": 8.90371220404243,
  "direct_magnitude_ratio": 1.1089889129459312,
  "direct_recall_at_1": 0.9259259259259259,
  "direct_transition_improvement": 0.10138458490223395,
  "identity_violation": 0.0,
  "image_target_effective_rank": 7.036638913995473,
  "image_teacher_action_negative_gap": 0.042061334471310774,
  "image_teacher_delta_cosine": 0.7049604284750833,
  "image_teacher_delta_rank": 8.21428471078179,
  "image_teacher_magnitude_ratio": 1.4078376617223558,
  "image_teacher_recall_at_1": 1.0,
  "image_teacher_transition_improvement": 0.21473202493074625,
  "image_to_rna_recall_at_1": 0.7777777777777778,
  "leakage_flag": 0.0,
  "policy": "extrapolative_index",
  "ridge_floor_delta_cosine": 0.775400994921663,
  "ridge_floor_delta_rank": 6.063729441625275,
  "ridge_floor_recall_at_1": 0.9629629629629629,
  "ridge_floor_transition_improvement": 0.09206402576809304,
  "rna_to_image_recall_at_1": 0.7777777777777778,
  "seed": 40,
  "source_image_cosine": 0.9899135826972217,
  "source_image_effective_rank": 3.4080917717728103,
  "target_effective_rank": 8.901414677560686,
  "target_image_cosine": 0.8828003492586997,
  "target_image_effective_rank": 7.144800550273548,
  "train_calibrated_delta_cosine": 0.9858283554323616,
  "train_calibrated_delta_rank": 8.259786241959088,
  "train_calibrated_magnitude_ratio": 0.9867188063244442,
  "train_calibrated_recall_at_1": 0.5,
  "train_calibrated_transition_improvement": 0.23963344335596273,
  "train_raw_delta_cosine": 0.7302143697472592,
  "train_raw_delta_rank": 9.974157507686789,
  "train_raw_recall_at_1": 0.5,
  "train_raw_transition_improvement": 0.21017188287119692,
  "transition_image_cosine": 0.9547474193265147
}
