{
  "action_negative_loss": 0.0078125,
  "active_delta_std_dims": 24.0,
  "delta_cosine_train": 0.9427390098571777,
  "delta_variance_loss": 0.0,
  "device_used": "cpu",
  "image_to_rna_loss": 0.015675043687224388,
  "loss": 0.2018844485282898,
  "magnitude_loss": 0.22122550010681152,
  "pca_delta_direction_loss": 0.057260990142822266,
  "relational_loss": 0.02146887592971325,
  "rna_to_image_loss": 0.010920820757746696,
  "source_anchor_cosine": 0.990993320941925,
  "source_anchor_loss": 0.012725833803415298,
  "source_improvement_hinge": 0.0,
  "steps": 120.0,
  "target_anchor_cosine": 0.9590483903884888,
  "target_anchor_loss": 0.04477701708674431,
  "teacher_delta_direction_loss": 0.2263280749320984,
  "transition_anchor_cosine": 0.9655731320381165,
  "transition_anchor_loss": 0.038043275475502014,
  "transition_loss": 0.0635775774717331,
  "variance_loss": 0.035593289881944656
}
