policy	benchmark	seed	program_dim	final_loss	final_prediction_target_cosine_train	final_prediction_source_cosine_train	final_delta_cosine_train	final_source_improvement_hinge	final_relational_loss	relational_weight	final_active_delta_std_dims	steps	device_used
extrapolative_index	synth_program_aligned_extrapolative_holdout_lite	34	4	0.2917482554912567	0.9498211145401001	0.9497545957565308	0.8202447295188904	0.005624999757856131	0.019503585994243622	0.2	24.0	120.0	cpu
extrapolative_index	synth_program_aligned_extrapolative_holdout_lite	35	4	0.2657465934753418	0.9581735134124756	0.9742600917816162	0.8343924283981323	0.005624999757856131	0.015340426005423069	0.2	24.0	120.0	cpu
extrapolative_index	synth_program_aligned_extrapolative_holdout_lite	36	4	0.2849521040916443	0.9562926292419434	0.9557164907455444	0.8231180310249329	0.005624999757856131	0.023949114605784416	0.2	24.0	120.0	cpu
random_perturbation	synth_program_aligned_random_holdout_lite	34	4	0.2890028655529022	0.9512547254562378	0.9360159039497375	0.828064501285553	0.006097884848713875	0.02004353143274784	0.2	24.0	120.0	cpu
random_perturbation	synth_program_aligned_random_holdout_lite	35	4	0.2764691412448883	0.9565094709396362	0.9513951539993286	0.8334202766418457	0.005624999757856131	0.010921016335487366	0.2	24.0	120.0	cpu
random_perturbation	synth_program_aligned_random_holdout_lite	36	4	0.29437828063964844	0.9500719308853149	0.9392861127853394	0.8209683895111084	0.005624999757856131	0.012407025322318077	0.2	24.0	120.0	cpu
stratified_program	synth_program_aligned_stratified_holdout_lite	34	4	0.2832816541194916	0.9546194076538086	0.9670119285583496	0.8213285207748413	0.005624999757856131	0.01849944517016411	0.2	24.0	120.0	cpu
stratified_program	synth_program_aligned_stratified_holdout_lite	35	4	0.2607049345970154	0.9647886753082275	0.9769639372825623	0.8311313986778259	0.005624999757856131	0.01310904510319233	0.2	24.0	120.0	cpu
stratified_program	synth_program_aligned_stratified_holdout_lite	36	4	0.28304070234298706	0.9597968459129333	0.9527857303619385	0.8261487483978271	0.005624999757856131	0.011804630979895592	0.2	24.0	120.0	cpu
