{
  "action_descriptor": "coarse_program_one_hot_only",
  "candidate_eval_image_latent_cosine": 0.929403518576838,
  "candidate_mean_abs_delta_optimism": 0.053772275939447035,
  "candidate_mean_abs_transition_optimism": 0.02546826440952853,
  "candidate_mean_effective_rank": 6.625698160116899,
  "candidate_mean_perturbation_probe": 0.31790123456790126,
  "candidate_mean_real_delta_cosine": 0.9914210368241309,
  "candidate_mean_real_recall_at_1": 1.0,
  "candidate_mean_real_transition": 0.13754278775995007,
  "candidate_minus_f077_delta_cosine_gap": 0.10536891098191736,
  "candidate_minus_f077_effective_rank_gap": 3.896113636251093,
  "candidate_minus_f077_perturbation_probe_gap": 0.29012345679012347,
  "candidate_minus_f077_recall_gap": 0.0,
  "candidate_minus_f077_transition_gap": 0.12742517907322604,
  "candidate_minus_image_delta_cosine_gap": 0.026224332172218756,
  "candidate_minus_image_effective_rank_gap": -0.3183381291324858,
  "candidate_minus_image_perturbation_probe_gap": -0.1589506172839506,
  "candidate_minus_image_recall_gap": 0.0,
  "candidate_minus_image_transition_gap": -0.09862809877409198,
  "candidate_summary": {
    "max_abs_delta_optimism": 0.19683492799672753,
    "max_abs_transition_optimism": 0.06984284656453021,
    "mean_abs_delta_optimism": 0.053772275939447035,
    "mean_abs_transition_optimism": 0.02546826440952853,
    "mean_eval_cell_image_latent_cosine": 0.929403518576838,
    "mean_eval_effective_rank_z": 6.625698160116899,
    "mean_real_delta_cosine": 0.9914210368241309,
    "mean_real_delta_rank": 3.0991653075695873,
    "mean_real_recall_at_1": 1.0,
    "mean_real_transition": 0.13754278775995007,
    "mean_train_batch_probe_cv": 0.2916666666666667,
    "mean_train_perturbation_probe_cv": 0.31790123456790126,
    "representation": "source_delta_rank_predicted_image_latent",
    "seed_policy_count": 9
  },
  "diagnostic_label": "F079_SOURCE_DELTA_RANK_REPAIR_READY_FOR_WRAPPER",
  "f077_candidate_summary": {
    "max_abs_delta_optimism": 0.2119158837747377,
    "max_abs_transition_optimism": 0.05411940926874652,
    "mean_abs_delta_optimism": 0.06685401263626183,
    "mean_abs_transition_optimism": 0.008106994084082905,
    "mean_eval_cell_image_latent_cosine": 0.807780545299411,
    "mean_eval_effective_rank_z": 2.7295845238658063,
    "mean_real_delta_cosine": 0.8860521258422135,
    "mean_real_delta_rank": 3.019964317469199,
    "mean_real_recall_at_1": 1.0,
    "mean_real_transition": 0.010117608686724046,
    "mean_train_batch_probe_cv": 0.287037037037037,
    "mean_train_perturbation_probe_cv": 0.027777777777777776,
    "representation": "source_program_predicted_image_latent",
    "seed_policy_count": 9
  },
  "image_pca_mean_abs_delta_optimism": 0.049570270387477335,
  "image_pca_mean_abs_transition_optimism": 0.014696945177998494,
  "image_pca_summary": {
    "max_abs_delta_optimism": 0.14868730077098713,
    "max_abs_transition_optimism": 0.027852848302330396,
    "mean_abs_delta_optimism": 0.049570270387477335,
    "mean_abs_transition_optimism": 0.014696945177998494,
    "mean_eval_cell_image_latent_cosine": 1.0,
    "mean_eval_effective_rank_z": 6.944036289249385,
    "mean_real_delta_cosine": 0.9651967046519121,
    "mean_real_delta_rank": 3.938511271441266,
    "mean_real_recall_at_1": 1.0,
    "mean_real_transition": 0.23617088653404206,
    "mean_train_batch_probe_cv": 0.30864197530864196,
    "mean_train_perturbation_probe_cv": 0.47685185185185186,
    "representation": "image_train_pca",
    "seed_policy_count": 9
  },
  "leakage_controls": "Source state and source teacher use train-only control centroids grouped by cell line, dose, and batch. Action input is coarse program one-hot only, not exact perturbation one-hot. Target teacher uses train-only condition-centroid image PCA. Eval rows are used only for scoring. No condition_key, biological_key, exact heldout action one-hot, eval target means, or pooled train+test statistics are inputs.",
  "model_promoted": false,
  "observed_mean_abs_delta_optimism": 0.08390419514577224,
  "observed_mean_abs_transition_optimism": 0.06930811709065236,
  "observed_summary": {
    "max_abs_delta_optimism": 0.21088456814634915,
    "max_abs_transition_optimism": 0.23173865483323217,
    "mean_abs_delta_optimism": 0.08390419514577224,
    "mean_abs_transition_optimism": 0.06930811709065236,
    "mean_eval_cell_image_latent_cosine": 0.021238804382752434,
    "mean_eval_effective_rank_z": 7.888215441683916,
    "mean_real_delta_cosine": 0.9193703863700935,
    "mean_real_delta_rank": 7.275552102071973,
    "mean_real_recall_at_1": 0.8765432098765431,
    "mean_real_transition": 0.34965717745838854,
    "mean_train_batch_probe_cv": 0.27469135802469136,
    "mean_train_perturbation_probe_cv": 0.22067901234567902,
    "representation": "observed_rna_train_pca",
    "seed_policy_count": 9
  },
  "source_experiment": "F078",
  "source_state": "train_only_control_expression_centroid_by_cell_line_dose_batch",
  "source_teacher": "train_only_control_image_pca_centroid_by_cell_line_dose_batch",
  "train_summary": {
    "mean_active_delta_std_dims": 24.0,
    "mean_relational_loss": 0.01617531343880627,
    "mean_source_improvement_hinge": 0.005677542545729213,
    "mean_train_delta_cosine": 0.8265352249145508,
    "mean_train_prediction_source_cosine": 0.9559099939134386,
    "mean_train_prediction_target_cosine": 0.9557031459278531,
    "program_dim": 4.0
  }
}
