{
  "action_negative_loss": 0.10369110852479935,
  "active_delta_std_dims": 24.0,
  "delta_cosine_train": -0.0016606100834906101,
  "delta_variance_loss": 0.0,
  "device_used": "cuda",
  "image_to_rna_loss": 0.051959745585918427,
  "loss": 122578.5390625,
  "magnitude_loss": 6.631887435913086,
  "pca_delta_direction_loss": 1.0016605854034424,
  "relational_loss": 0.20546524226665497,
  "rna_to_image_loss": 0.0291933361440897,
  "source_anchor_cosine": 0.942527174949646,
  "source_anchor_loss": 8937.5078125,
  "source_improvement_hinge": 0.05370934307575226,
  "steps": 120.0,
  "target_anchor_cosine": 0.8893307447433472,
  "target_anchor_loss": 132718.4375,
  "teacher_delta_direction_loss": 0.512999415397644,
  "transition_anchor_cosine": 0.9209903478622437,
  "transition_anchor_loss": 132722.546875,
  "transition_loss": 0.3376591205596924,
  "variance_loss": 0.019658740609884262
}
