seed	loss	transition_loss	rna_to_image_loss	image_to_rna_loss	target_anchor_loss	source_anchor_loss	transition_anchor_loss	pca_delta_direction_loss	teacher_delta_direction_loss	source_improvement_hinge	action_negative_loss	magnitude_loss	variance_loss	delta_variance_loss	relational_loss	target_anchor_cosine	source_anchor_cosine	transition_anchor_cosine	delta_cosine_train	active_delta_std_dims	steps	device_used
37	1.3652164936065674	0.5398250818252563	0.11131064593791962	0.30106526613235474	0.23537881672382355	0.015690874308347702	0.541899561882019	0.4658750295639038	0.3554288148880005	0.04562404751777649	0.028981203213334084	0.40265023708343506	0.0	0.0	0.1511373519897461	0.7826492786407471	0.9859843254089355	0.48350656032562256	0.5341249704360962	24.0	120.0	cuda
38	1.1597695350646973	0.41202667355537415	0.10331625491380692	0.30944764614105225	0.22046317160129547	0.01993725635111332	0.49320995807647705	0.3907904624938965	0.2428208589553833	0.025740081444382668	0.016225028783082962	0.41538918018341064	4.873300713370554e-05	0.0	0.15872076153755188	0.7949044704437256	0.982699990272522	0.5296399593353271	0.6092095375061035	24.0	120.0	cuda
39	1.2527514696121216	0.5263333916664124	0.122587189078331	0.30425751209259033	0.22820831835269928	0.025075508281588554	0.46452057361602783	0.40640437602996826	0.3274024724960327	0.010864175856113434	0.013571090064942837	0.3685266673564911	0.0	0.0	0.13057178258895874	0.7859436869621277	0.976973831653595	0.5547988414764404	0.5935956239700317	24.0	120.0	cuda
