{
  "action_negative_transition_gap": 0.07678123630463073,
  "benchmark": "synth_program_aligned_stratified_holdout_lite",
  "calibrated_action_negative_gap": 0.0629817585450578,
  "calibrated_delta_cosine": 0.9127687608886382,
  "calibrated_delta_cosine_gain": 0.17393435578108996,
  "calibrated_delta_rank": 7.561512115234814,
  "calibrated_magnitude_ratio": 0.9966382170513022,
  "calibrated_recall_at_1": 1.0,
  "calibrated_recall_gain": 0.0,
  "calibrated_transition_gain": 0.023174948909364557,
  "calibrated_transition_improvement": 0.2686612822402799,
  "direct_delta_cosine": 0.5842802046342489,
  "direct_delta_rank": 9.077597125099889,
  "direct_magnitude_ratio": 0.9401337200491258,
  "direct_recall_at_1": 0.7777777777777778,
  "direct_transition_improvement": 0.18075269210730707,
  "identity_violation": 0.0,
  "image_target_effective_rank": 9.95699755492255,
  "image_teacher_action_negative_gap": 0.06458527469916964,
  "image_teacher_delta_cosine": 0.7388344051075483,
  "image_teacher_delta_rank": 8.520340147169929,
  "image_teacher_magnitude_ratio": 2.0397093789112533,
  "image_teacher_recall_at_1": 1.0,
  "image_teacher_transition_improvement": 0.24548633333091535,
  "image_to_rna_recall_at_1": 0.7037037037037037,
  "leakage_flag": 0.0,
  "policy": "stratified_program",
  "ridge_floor_delta_cosine": 0.6080747283193296,
  "ridge_floor_delta_rank": 5.960527564857511,
  "ridge_floor_recall_at_1": 0.7777777777777778,
  "ridge_floor_transition_improvement": 0.17553723544854324,
  "rna_to_image_recall_at_1": 0.6666666666666666,
  "seed": 42,
  "source_image_cosine": 0.9928321771644436,
  "source_image_effective_rank": 4.133248038201197,
  "target_effective_rank": 12.737011001392052,
  "target_image_cosine": 0.6028672915999819,
  "target_image_effective_rank": 7.960672692235325,
  "train_calibrated_delta_cosine": 0.9805871424772721,
  "train_calibrated_delta_rank": 8.774776712347174,
  "train_calibrated_magnitude_ratio": 0.9812170865570636,
  "train_calibrated_recall_at_1": 0.5,
  "train_calibrated_transition_improvement": 0.326355186576053,
  "train_raw_delta_cosine": 0.7942433966946905,
  "train_raw_delta_rank": 9.91131292496949,
  "train_raw_recall_at_1": 0.5,
  "train_raw_transition_improvement": 0.30572679902473765,
  "transition_image_cosine": 0.9283305583748356
}
