{
  "action_negative_loss": 0.02031250111758709,
  "active_delta_std_dims": 24.0,
  "delta_cosine_train": 0.9414737820625305,
  "delta_variance_loss": 0.0,
  "device_used": "cpu",
  "image_to_rna_loss": 0.033188920468091965,
  "loss": 0.22017401456832886,
  "magnitude_loss": 0.5914925932884216,
  "pca_delta_direction_loss": 0.05852621793746948,
  "relational_loss": 0.01048552617430687,
  "rna_to_image_loss": 0.009049853309988976,
  "source_anchor_cosine": 0.9922508597373962,
  "source_anchor_loss": 0.01304180920124054,
  "source_improvement_hinge": 0.0,
  "steps": 120.0,
  "target_anchor_cosine": 0.9804489016532898,
  "target_anchor_loss": 0.02399064600467682,
  "teacher_delta_direction_loss": 0.16233313083648682,
  "transition_anchor_cosine": 0.9665907025337219,
  "transition_anchor_loss": 0.03898609057068825,
  "transition_loss": 0.08927906304597855,
  "variance_loss": 0.04753576219081879
}
