{
  "direct_delta_cosine": 0.922578518967827,
  "direct_delta_rank": 9.704313130270949,
  "direct_recall_at_1": 0.6666666666666666,
  "direct_transition_improvement": 0.41452873440392324,
  "floor_delta_cosine": 0.9132770842561788,
  "floor_delta_rank": 6.826099650956028,
  "floor_init_error": 3.313130347848414e-07,
  "floor_recall_at_1": 0.7407407407407407,
  "floor_transition_improvement": 0.4099293801742612,
  "identity_violation": 0.0,
  "image_target_effective_rank": 8.188426658403143,
  "image_to_rna_recall_at_1": 0.6296296296296297,
  "leakage_flag": 0.0,
  "retrieval_broken_count": 0.0,
  "retrieval_broken_mean_delta_cosine_change": 0.0,
  "retrieval_broken_mean_floor_margin": 0.0,
  "retrieval_broken_mean_margin_change": 0.0,
  "retrieval_broken_mean_selected_margin": 0.0,
  "retrieval_broken_mean_transition_gain_change": 0.0,
  "retrieval_broken_near_tie_fraction": 0.0,
  "retrieval_floor_median_rank": 1.0,
  "retrieval_mean_floor_margin": 0.05603456125518536,
  "retrieval_mean_margin_change": 3.001183051010159e-05,
  "retrieval_mean_rank_change": 0.0,
  "retrieval_mean_residual_norm": 0.006261020342580973,
  "retrieval_mean_selected_margin": 0.056064573085695464,
  "retrieval_preserved_correct_count": 20.0,
  "retrieval_repaired_count": 0.0,
  "retrieval_row_count": 27.0,
  "retrieval_selected_median_rank": 1.0,
  "retrieval_still_wrong_count": 7.0,
  "rna_to_image_recall_at_1": 0.6296296296296297,
  "rowwise_active_fraction": 0.1111111111111111,
  "rowwise_effective_scale": 0.005555555555555556,
  "rowwise_risk_score_mean": -0.22896734296795584,
  "rowwise_selected_base_scale": 0.05,
  "seed": 16,
  "selected_action_negative_gap": 0.028722964799877793,
  "selected_delta_cosine": 0.9136913894296274,
  "selected_delta_rank": 6.890354161514239,
  "selected_gap_delta_cosine": 0.000414305173448537,
  "selected_gap_recall": 0.0,
  "selected_gap_transition": 0.0002600864438067063,
  "selected_magnitude_ratio": 1.06437009549442,
  "selected_recall_at_1": 0.7407407407407407,
  "selected_residual_scale": 0.005555555555555556,
  "selected_transition_improvement": 0.41018946661806793,
  "target_effective_rank": 7.859255146640776,
  "train_rowwise_floor_delta_cosine": 0.9715605075922045,
  "train_rowwise_floor_recall_at_1": 0.5,
  "train_rowwise_floor_transition": 0.5699657122051516,
  "train_rowwise_selected_active_fraction": 0.25,
  "train_rowwise_selected_broken_count": 0.0,
  "train_rowwise_selected_delta_cosine": 0.9719969241587013,
  "train_rowwise_selected_gap_delta_cosine": 0.00043641656649684446,
  "train_rowwise_selected_gap_recall": 0.0,
  "train_rowwise_selected_gap_transition": 0.0002460872567983108,
  "train_rowwise_selected_near_tie_erosions": 0.0,
  "train_rowwise_selected_near_tie_flips": 0.0,
  "train_rowwise_selected_recall_at_1": 0.5,
  "train_rowwise_selected_scale": 0.05,
  "train_rowwise_selected_threshold": -1.0551973214713148,
  "train_rowwise_selected_transition": 0.5702117994619499,
  "train_rowwise_selected_unsafe_count": 26.0
}
