{
  "direct_delta_cosine": 0.9212470406589188,
  "direct_delta_rank": 8.966208710673849,
  "direct_recall_at_1": 1.0,
  "direct_transition_improvement": 0.4014484528178626,
  "floor_delta_cosine": 0.860034869701301,
  "floor_delta_rank": 7.1035282854000465,
  "floor_init_error": 5.858090377230951e-07,
  "floor_recall_at_1": 0.7407407407407407,
  "floor_transition_improvement": 0.38269780822831934,
  "identity_violation": 0.0,
  "image_target_effective_rank": 7.6164728709204645,
  "image_to_rna_recall_at_1": 1.0,
  "leakage_flag": 0.0,
  "retrieval_broken_count": 0.0,
  "retrieval_broken_mean_delta_cosine_change": 0.0,
  "retrieval_broken_mean_floor_margin": 0.0,
  "retrieval_broken_mean_margin_change": 0.0,
  "retrieval_broken_mean_selected_margin": 0.0,
  "retrieval_broken_mean_transition_gain_change": 0.0,
  "retrieval_broken_near_tie_fraction": 0.0,
  "retrieval_floor_median_rank": 1.0,
  "retrieval_mean_floor_margin": 0.09777396728877541,
  "retrieval_mean_margin_change": 0.00045448854373444616,
  "retrieval_mean_rank_change": 0.0,
  "retrieval_mean_residual_norm": 0.033666769236926214,
  "retrieval_mean_selected_margin": 0.09822845583250983,
  "retrieval_preserved_correct_count": 20.0,
  "retrieval_repaired_count": 0.0,
  "retrieval_row_count": 27.0,
  "retrieval_selected_median_rank": 1.0,
  "retrieval_still_wrong_count": 7.0,
  "rna_to_image_recall_at_1": 0.6666666666666666,
  "rowwise_active_fraction": 0.4444444444444444,
  "rowwise_effective_scale": 0.022222222222222223,
  "rowwise_risk_score_mean": -0.8672817134646846,
  "rowwise_selected_base_scale": 0.05,
  "seed": 21,
  "selected_action_negative_gap": 0.08330455417440608,
  "selected_delta_cosine": 0.8629658515360605,
  "selected_delta_rank": 7.23612250268602,
  "selected_gap_delta_cosine": 0.002930981834759483,
  "selected_gap_recall": 0.0,
  "selected_gap_transition": 0.0008685782652571583,
  "selected_magnitude_ratio": 1.0635314427626992,
  "selected_recall_at_1": 0.7407407407407407,
  "selected_residual_scale": 0.022222222222222223,
  "selected_transition_improvement": 0.3835663864935765,
  "target_effective_rank": 6.794770799253322,
  "train_rowwise_floor_delta_cosine": 0.9349557596615108,
  "train_rowwise_floor_recall_at_1": 0.5,
  "train_rowwise_floor_transition": 0.4227140453763185,
  "train_rowwise_selected_active_fraction": 0.4166666666666667,
  "train_rowwise_selected_broken_count": 0.0,
  "train_rowwise_selected_delta_cosine": 0.9370387920132627,
  "train_rowwise_selected_gap_delta_cosine": 0.00208303235175189,
  "train_rowwise_selected_gap_recall": 0.0,
  "train_rowwise_selected_gap_transition": 0.0005684546310400496,
  "train_rowwise_selected_near_tie_erosions": 0.0,
  "train_rowwise_selected_near_tie_flips": 0.0,
  "train_rowwise_selected_recall_at_1": 0.5,
  "train_rowwise_selected_scale": 0.05,
  "train_rowwise_selected_threshold": -0.5831572911509154,
  "train_rowwise_selected_transition": 0.42328250000735856,
  "train_rowwise_selected_unsafe_count": 21.0
}
