{
  "action_negative_loss": 0.04252231866121292,
  "active_delta_std_dims": 24.0,
  "delta_cosine_train": 0.6330007314682007,
  "delta_variance_loss": 0.0,
  "device_used": "cuda",
  "image_to_rna_loss": 0.11443391442298889,
  "loss": 828420.125,
  "magnitude_loss": 3.543585777282715,
  "pca_delta_direction_loss": 0.3669992685317993,
  "relational_loss": 0.2795071601867676,
  "rna_to_image_loss": 0.04106978699564934,
  "source_anchor_cosine": 0.8974723815917969,
  "source_anchor_loss": 114514.375,
  "source_improvement_hinge": 0.004878702573478222,
  "steps": 120.0,
  "target_anchor_cosine": 0.7726016044616699,
  "target_anchor_loss": 875930.5625,
  "teacher_delta_direction_loss": 0.5686342716217041,
  "transition_anchor_cosine": 0.8745455145835876,
  "transition_anchor_loss": 875933.625,
  "transition_loss": 0.2771269679069519,
  "variance_loss": 0.002001331653445959
}
