{
  "direct_batch_balanced_accuracy": 0.65625,
  "direct_batch_majority_accuracy": 0.5,
  "direct_image_bio_latent_r2": 0.9810169507299736,
  "direct_image_min_std": 2.100318400739586,
  "direct_image_to_rna_recall@1": 0.3125,
  "direct_rna_bio_latent_r2": 0.7280453614420368,
  "direct_rna_min_std": 2.5922368654692893,
  "direct_rna_to_image_recall@1": 0.375,
  "direct_rna_to_image_recall@5": 0.625
}
