seed	loss	transition_loss	rna_to_image_loss	image_to_rna_loss	target_anchor_loss	source_anchor_loss	transition_anchor_loss	pca_delta_direction_loss	teacher_delta_direction_loss	source_improvement_hinge	action_negative_loss	magnitude_loss	variance_loss	delta_variance_loss	relational_loss	target_anchor_cosine	source_anchor_cosine	transition_anchor_cosine	delta_cosine_train	active_delta_std_dims	steps	device_used
37	0.45317867398262024	0.15774007141590118	0.0044861650094389915	0.10310394316911697	0.04464711248874664	0.020375080406665802	0.1945202797651291	0.13901841640472412	0.15801936388015747	0.010683027096092701	0.007156187202781439	0.6393101215362549	0.0020419075153768063	0.0	0.0787053108215332	0.977685272693634	0.9816983938217163	0.8472716808319092	0.8609815835952759	24.0	120.0	cuda
38	0.5334007740020752	0.20854446291923523	0.005691829137504101	0.1297101378440857	0.05904253572225571	0.017486894503235817	0.22674180567264557	0.14838474988937378	0.18039357662200928	0.0005683188792318106	0.0017857144121080637	0.7463489770889282	0.01402350328862667	0.0	0.07669638097286224	0.9658240079879761	0.9840505123138428	0.8163763284683228	0.8516152501106262	24.0	120.0	cuda
39	0.4795461893081665	0.17843040823936462	0.004342874512076378	0.1648404896259308	0.041446469724178314	0.013592942617833614	0.1880115121603012	0.14789360761642456	0.14082801342010498	0.0	0.0017857144121080637	0.6826614737510681	0.01375286839902401	0.0	0.05921823903918266	0.9756343960762024	0.9885371327400208	0.8426883816719055	0.8521063923835754	24.0	120.0	cuda
