seed	loss	transition_loss	rna_to_image_loss	image_to_rna_loss	pca_anchor_loss	action_negative_loss	variance_loss	mean_positive_transition_cosine	mean_negative_transition_cosine
0	0.07337111234664917	0.01282503642141819	0.003942805342376232	0.007897979579865932	0.2348262518644333	0.0172317735850811	0.0003372585924807936	0.9896605014801025	0.8571949005126953
1	0.08962474763393402	0.01866811141371727	0.006927721202373505	0.012655777856707573	0.24298037588596344	0.027770616114139557	0.0	0.9843196272850037	0.9078200459480286
2	0.1079815998673439	0.022773582488298416	0.005072675179690123	0.009262376464903355	0.3491092622280121	0.010511077009141445	0.0	0.981257438659668	0.869148850440979
