{
  "device_used": "cpu",
  "final_active_std_dims": 24.0,
  "final_loss": 0.22527910768985748,
  "final_mse": 0.07486837357282639,
  "final_prediction_target_cosine_train": 0.7784643173217773,
  "steps": 80.0
}
