{
  "action_negative_loss": 0.02399449422955513,
  "active_delta_std_dims": 24.0,
  "delta_cosine_train": 0.5398353338241577,
  "delta_variance_loss": 0.0,
  "device_used": "cuda",
  "image_to_rna_loss": 0.4096200466156006,
  "loss": 1.5797290802001953,
  "magnitude_loss": 0.3800031542778015,
  "pca_delta_direction_loss": 0.4601646661758423,
  "relational_loss": 0.13692304491996765,
  "rna_to_image_loss": 0.2719888985157013,
  "source_anchor_cosine": 0.9792931079864502,
  "source_anchor_loss": 0.023231426253914833,
  "source_improvement_hinge": 0.037660349160432816,
  "steps": 120.0,
  "target_anchor_cosine": 0.46271079778671265,
  "target_anchor_loss": 0.5668380260467529,
  "teacher_delta_direction_loss": 0.37188124656677246,
  "transition_anchor_cosine": 0.48811036348342896,
  "transition_anchor_loss": 0.5380010008811951,
  "transition_loss": 0.5766180753707886,
  "variance_loss": 0.0
}
