baseline	seed_count	mean_transition_improvement	std_transition_improvement	min_transition_improvement	mean_delta_cosine	std_delta_cosine	mean_condition_recall_at_1	std_condition_recall_at_1	min_condition_recall_at_1	mean_perturbation_recall_at_1	mean_cell_line_recall_at_1	mean_delta_rank	mean_magnitude_ratio
action_ridge_floor	5	0.011281438877204748	0.00901143408059086	0.0004243423315500173	0.45151513636166707	0.06387001826204126	0.3333333333333333	0.08685955110784128	0.25925925925925924	0.37777777777777777	0.8962962962962961	10.245808787907375	0.7556432505625665
source_only_ridge	5	0.009866133543730638	0.007999880079968599	0.002179689139244399	0.42764472546686944	0.08130677801513297	0.25925925925925924	0.026189140043946204	0.2222222222222222	0.2814814814814815	0.9111111111111111	9.778554663094674	0.7167147237905473
source_as_target	5	0.0	0.0	0.0	0.0	0.0	0.3333333333333333	0.04536092116265145	0.2962962962962963	0.37037037037037035	0.9185185185185185	0.0	0.0
action_mean_delta	5	-0.004957371579360629	0.008229655491804022	-0.018758301311607058	0.045608679625420735	0.08293048726300656	0.2962962962962963	0.026189140043946204	0.25925925925925924	0.31851851851851853	0.9037037037037037	0.0	0.36133968772552244
mean_delta	5	-0.004957371579360629	0.008229655491804022	-0.018758301311607058	0.045608679625420735	0.08293048726300656	0.2962962962962963	0.026189140043946204	0.25925925925925924	0.31851851851851853	0.9037037037037037	0.0	0.36133968772552244
action_only_ridge	5	-0.005422354406282718	0.01029191399662149	-0.021508798470111817	0.10869584936936771	0.08424662595880679	0.36296296296296293	0.04829038818668628	0.2962962962962963	0.39259259259259255	0.9111111111111111	1.9208609388465372	0.47228026509712784
seed_randomized_full_ridge_null	5	-0.014996010735353732	0.010906507866420787	-0.033185550035107335	0.05377898565319358	0.06508226339391393	0.3037037037037037	0.030987408390150944	0.25925925925925924	0.3555555555555555	0.874074074074074	10.048200238655614	0.5962879176516145
