{
  "latent/cosine_mean_pairwise": 0.7537092566490173,
  "latent/image_collapse_fraction_dims_below_0.05": 0.125,
  "latent/image_effective_rank": 3.714418411254883,
  "latent/image_std_mean": 0.0990530252456665,
  "latent/joint_collapse_fraction_dims_below_0.05": 0.0,
  "latent/joint_effective_rank": 5.987735271453857,
  "latent/joint_std_mean": 0.12727272510528564,
  "latent/rna_collapse_fraction_dims_below_0.05": 0.0,
  "latent/rna_effective_rank": 6.025101661682129,
  "latent/rna_std_mean": 0.21499381959438324,
  "latent/transition_pred_std_mean": 0.001279383897781372,
  "teacher/pred_norm_mean": 2.312948703765869,
  "teacher/pred_target_cosine": 0.3198317289352417,
  "teacher/target_norm_mean": 1.0223808288574219
}
