{
  "floor_delta_cosine": 0.9348091301779191,
  "floor_recall_at_1": 0.8888888888888888,
  "floor_transition_improvement": 0.14366915588425286,
  "identity_violation": 0.0,
  "leakage_flag": 0.0,
  "oracle_broken_count": 0.0,
  "oracle_delta_cosine": 0.952324939067705,
  "oracle_delta_rank": 9.133293510342744,
  "oracle_gap_delta_cosine": 0.017515808889785878,
  "oracle_gap_recall": 0.0,
  "oracle_gap_transition": 0.0038761046093177542,
  "oracle_magnitude_ratio": 1.019742507908151,
  "oracle_mean_margin_change": 0.007892079420982833,
  "oracle_nonzero": true,
  "oracle_recall_at_1": 0.8888888888888888,
  "oracle_repaired_count": 0.0,
  "oracle_safe_scale": 0.5,
  "oracle_transition_improvement": 0.1475452604935706,
  "seed": 0
}
