{
  "direct_delta_cosine": 0.8137561602904071,
  "direct_delta_rank": 11.857686936112023,
  "direct_recall_at_1": 0.7777777777777778,
  "direct_transition_improvement": 0.16455496604906,
  "floor_delta_cosine": 0.8418910341147743,
  "floor_delta_rank": 7.628453394528662,
  "floor_recall_at_1": 0.5925925925925926,
  "floor_transition_improvement": 0.1707350373131547,
  "identity_violation": 0.0,
  "image_target_effective_rank": 8.031676607695829,
  "image_to_rna_recall_at_1": 0.8888888888888888,
  "leakage_flag": 0.0,
  "rna_to_image_recall_at_1": 0.6296296296296297,
  "selected_action_negative_gap": 0.036002200901983056,
  "selected_delta_cosine": 0.8662904191039397,
  "selected_delta_rank": 9.094679862617802,
  "selected_gap_delta_cosine": 0.024399384989165385,
  "selected_gap_recall": 0.11111111111111116,
  "selected_gap_transition": 0.010338769683371496,
  "selected_magnitude_ratio": 0.9237100105868383,
  "selected_recall_at_1": 0.7037037037037037,
  "selected_residual_scale": 0.25,
  "selected_train_delta_cosine": 0.9346680817665624,
  "selected_train_recall_at_1": 0.5,
  "selected_train_transition_improvement": 0.2352647146622944,
  "selected_transition_improvement": 0.1810738069965262,
  "target_effective_rank": 5.943674980225257
}
