seed	loss	transition_loss	rna_to_image_loss	image_to_rna_loss	target_anchor_loss	source_anchor_loss	transition_anchor_loss	pca_delta_direction_loss	teacher_delta_direction_loss	source_improvement_hinge	action_negative_loss	magnitude_loss	variance_loss	delta_variance_loss	relational_loss	target_anchor_cosine	source_anchor_cosine	transition_anchor_cosine	delta_cosine_train	active_delta_std_dims	steps	device_used
37	1.3611406087875366	0.55474454164505	0.10040970891714096	0.3239416778087616	0.21413053572177887	0.014835720881819725	0.5322710275650024	0.4499015212059021	0.36139070987701416	0.03791823610663414	0.037913452833890915	0.4803522825241089	0.0	0.0	0.16441872715950012	0.8085094690322876	0.9866988658905029	0.5023053288459778	0.5500984787940979	18.0	120.0	cuda
38	1.1583678722381592	0.45244866609573364	0.09464523196220398	0.2782098352909088	0.183971107006073	0.01903679594397545	0.4796120226383209	0.37408649921417236	0.2768477201461792	0.03320268541574478	0.020805977284908295	0.4951414167881012	0.0	0.0	0.15657678246498108	0.8338280916213989	0.9818546772003174	0.5498749017715454	0.6259135007858276	18.0	120.0	cuda
39	1.2427011728286743	0.5339996218681335	0.09521126747131348	0.3115559220314026	0.20745062828063965	0.013246598653495312	0.46273210644721985	0.38718801736831665	0.3323294520378113	0.02405768632888794	0.0631561428308487	0.43987134099006653	0.0	0.0	0.14937078952789307	0.8089656829833984	0.9878533482551575	0.5629581212997437	0.6128119826316833	18.0	120.0	cuda
