{
  "action_negative_transition_gap": 0.0059203086439257105,
  "benchmark": "synth_program_aligned_random_holdout_lite",
  "calibrated_action_negative_gap": 0.03479097632670536,
  "calibrated_delta_cosine": 0.9535785305967329,
  "calibrated_delta_cosine_gain": 0.20093735205500995,
  "calibrated_delta_rank": 6.827934722349378,
  "calibrated_magnitude_ratio": 0.9991829324624207,
  "calibrated_recall_at_1": 1.0,
  "calibrated_recall_gain": 0.0,
  "calibrated_transition_gain": 0.02047546858229929,
  "calibrated_transition_improvement": 0.21072136873795386,
  "direct_delta_cosine": 0.5972345454455875,
  "direct_delta_rank": 9.041115169755068,
  "direct_magnitude_ratio": 1.2226819495539667,
  "direct_recall_at_1": 0.9629629629629629,
  "direct_transition_improvement": 0.06284416365770318,
  "identity_violation": 0.0,
  "image_target_effective_rank": 7.243278041047896,
  "image_teacher_action_negative_gap": 0.025505449000911895,
  "image_teacher_delta_cosine": 0.752641178541723,
  "image_teacher_delta_rank": 8.615697450972775,
  "image_teacher_magnitude_ratio": 1.3888557929076866,
  "image_teacher_recall_at_1": 1.0,
  "image_teacher_transition_improvement": 0.19024590015565457,
  "image_to_rna_recall_at_1": 0.7777777777777778,
  "leakage_flag": 0.0,
  "policy": "random_perturbation",
  "ridge_floor_delta_cosine": 0.6075460552910826,
  "ridge_floor_delta_rank": 6.477356960407379,
  "ridge_floor_recall_at_1": 0.8888888888888888,
  "ridge_floor_transition_improvement": 0.03272770566463295,
  "rna_to_image_recall_at_1": 0.8148148148148148,
  "seed": 36,
  "source_image_cosine": 0.9912816242593537,
  "source_image_effective_rank": 3.3161965349739337,
  "target_effective_rank": 9.471196809059311,
  "target_image_cosine": 0.8461403932213643,
  "target_image_effective_rank": 6.988893152734904,
  "train_calibrated_delta_cosine": 0.987365893692207,
  "train_calibrated_delta_rank": 7.649485541223525,
  "train_calibrated_magnitude_ratio": 0.9874509616804154,
  "train_calibrated_recall_at_1": 0.5,
  "train_calibrated_transition_improvement": 0.28146751665977293,
  "train_raw_delta_cosine": 0.7743473082905337,
  "train_raw_delta_rank": 9.740263914224796,
  "train_raw_recall_at_1": 0.5,
  "train_raw_transition_improvement": 0.2511317443122421,
  "transition_image_cosine": 0.9587710135790108
}
