{
  "action_negative_loss": 0.015625,
  "active_delta_std_dims": 24.0,
  "delta_cosine_train": 0.9338202476501465,
  "delta_variance_loss": 0.0,
  "device_used": "cpu",
  "image_to_rna_loss": 0.021179940551519394,
  "loss": 0.22898098826408386,
  "magnitude_loss": 0.20600548386573792,
  "pca_delta_direction_loss": 0.06617975234985352,
  "relational_loss": 0.029952725395560265,
  "rna_to_image_loss": 0.00933706946671009,
  "source_anchor_cosine": 0.9909242987632751,
  "source_anchor_loss": 0.01225148793309927,
  "source_improvement_hinge": 0.0,
  "steps": 120.0,
  "target_anchor_cosine": 0.9630488157272339,
  "target_anchor_loss": 0.041170645505189896,
  "teacher_delta_direction_loss": 0.26145118474960327,
  "transition_anchor_cosine": 0.9610010385513306,
  "transition_anchor_loss": 0.042903829365968704,
  "transition_loss": 0.07551120966672897,
  "variance_loss": 0.03766116499900818
}
