{
  "action_negative_transition_gap": 0.032606376634863085,
  "benchmark": "synth_program_aligned_extrapolative_holdout_lite",
  "direct_delta_cosine": 0.586429657360198,
  "direct_delta_rank": 8.781353320313404,
  "direct_magnitude_ratio": 1.2843982050843565,
  "direct_recall_at_1": 0.8888888888888888,
  "direct_transition_improvement": 0.01624310982720864,
  "identity_violation": 0.0,
  "image_target_effective_rank": 7.573859027169515,
  "image_teacher_action_negative_gap": 0.06705543465399799,
  "image_teacher_delta_cosine": 0.6933916651678561,
  "image_teacher_delta_rank": 8.345464413329196,
  "image_teacher_magnitude_ratio": 1.347179543706382,
  "image_teacher_recall_at_1": 1.0,
  "image_teacher_transition_improvement": 0.23439540737679043,
  "image_to_rna_recall_at_1": 0.7777777777777778,
  "leakage_flag": 0.0,
  "policy": "extrapolative_index",
  "ridge_floor_delta_cosine": 0.6192011211047173,
  "ridge_floor_delta_rank": 6.131640262353501,
  "ridge_floor_recall_at_1": 0.8148148148148148,
  "ridge_floor_transition_improvement": -0.02540062535099203,
  "rna_to_image_recall_at_1": 0.6296296296296297,
  "seed": 36,
  "source_image_cosine": 0.9938928285899746,
  "source_image_effective_rank": 3.318082866194237,
  "target_effective_rank": 8.936293364185357,
  "target_image_cosine": 0.7948400597790667,
  "target_image_effective_rank": 7.1032114607633465,
  "transition_image_cosine": 0.9458111353906559
}
