{
  "action_negative_loss": 0.01406249962747097,
  "active_delta_std_dims": 24.0,
  "delta_cosine_train": 0.9478257298469543,
  "delta_variance_loss": 0.0,
  "device_used": "cpu",
  "image_to_rna_loss": 0.023018278181552887,
  "loss": 0.20284101366996765,
  "magnitude_loss": 0.22982309758663177,
  "pca_delta_direction_loss": 0.052174270153045654,
  "relational_loss": 0.025077473372220993,
  "rna_to_image_loss": 0.006776176393032074,
  "source_anchor_cosine": 0.993476927280426,
  "source_anchor_loss": 0.009962079115211964,
  "source_improvement_hinge": 0.0,
  "steps": 120.0,
  "target_anchor_cosine": 0.9688489437103271,
  "target_anchor_loss": 0.03481106087565422,
  "teacher_delta_direction_loss": 0.23387271165847778,
  "transition_anchor_cosine": 0.9647818803787231,
  "transition_anchor_loss": 0.038957200944423676,
  "transition_loss": 0.06836362928152084,
  "variance_loss": 0.03531327098608017
}
