{
  "action_negative_gap": 0.0,
  "cv_lcb_delta_cosine_gap": 0.0,
  "cv_lcb_recall_gap": 0.0,
  "cv_lcb_transition_gap": 0.0,
  "decision_label": "BGWM001_PASS_UNIT_ASSAY",
  "delta_cosine": 0.39796251669473043,
  "delta_rank": 10.283476977293052,
  "floor_delta_cosine": 0.39796251669473043,
  "floor_delta_rank": 10.283476977293052,
  "floor_gap_delta_cosine": 0.0,
  "floor_gap_recall": 0.0,
  "floor_gap_transition": 0.0,
  "floor_recall_at_1": 0.48148148148148145,
  "floor_transition_improvement": 0.005661906516194076,
  "magnitude_ratio": 0.7744371112179363,
  "max_abs_pred_floor_diff": 0.0,
  "mean_recall_gap": 0.0,
  "mean_transition_gap": 0.0,
  "recall_at_1": 0.48148148148148145,
  "residual_gate_mean": 0.0,
  "residual_gate_nonzero_fraction": 0.0,
  "residual_scale": 0.0,
  "transition_improvement": 0.005661906516194076
}
