{
  "base_action_negative_loss": 0.01079604309052229,
  "base_delta_direction_loss": 0.05715268850326538,
  "base_image_to_rna_loss": 0.024364370852708817,
  "base_loss": 0.18557754158973694,
  "base_mean_negative_transition_cosine": 0.7545254230499268,
  "base_mean_positive_transition_cosine": 0.9471510052680969,
  "base_pca_anchor_loss": 0.34585845470428467,
  "base_rna_to_image_loss": 0.007568760775029659,
  "base_source_improvement_hinge": 0.0,
  "base_transition_loss": 0.06238289922475815,
  "base_variance_loss": 0.0004892771248705685,
  "head_head_delta_loss": 0.03455597162246704,
  "head_head_endpoint_loss": 0.03513073921203613,
  "head_head_floor_delta_hinge": 0.0,
  "head_head_floor_endpoint_hinge": 0.0,
  "head_head_loss": 0.06749345362186432,
  "head_head_residual_norm": 0.0010333904065191746,
  "head_head_residual_scale": 1.0206844806671143,
  "seed": 15
}
