seed	scale	safe	transition_improvement	delta_cosine	recall_at_1	gap_transition	gap_delta_cosine	gap_recall	train_broken_count_diagnostic_only	train_mean_margin_change_diagnostic_only	near_tie_erosions	near_tie_flips	near_tie_count	margin_q10_change	near_tie_min_margin_change	has_near_tie_certificate
15	0.0	True	0.3161557710327645	0.9424282067660946	0.4861111111111111	0.0	0.0	0.0	0.0	0.0	0.0	0.0	33.0	0.0	0.0	True
15	0.005	False	0.3166021626589687	0.9428350826156918	0.4861111111111111	0.00044639162620419004	0.00040687584959719914	0.0	0.0	1.3387548496161034e-05	4.0	0.0	33.0	7.316681742701621e-08	-0.0012896180596910778	True
15	0.01	False	0.31704357284200013	0.943239104702513	0.4861111111111111	0.0008878018092356443	0.0008108979364184199	0.0	0.0	2.674678232188199e-05	6.0	0.0	33.0	6.783810258870204e-06	-0.0025745140067678918	True
15	0.0125	False	0.31726241484778295	0.9434400475190934	0.4861111111111111	0.0011066438150184599	0.0010118407529987605	0.0	0.0	3.341576964341187e-05	6.0	0.0	33.0	1.2538012462703918e-05	-0.0032151602049403927	True
15	0.025	False	0.31833808183000734	0.9444341111592437	0.4861111111111111	0.002182310797242848	0.0020059043931490717	0.0	0.0	6.66542358218737e-05	7.0	0.0	33.0	3.1172001678392335e-05	-0.006399894755305002	True
15	0.05	False	0.32039772192816446	0.946369319582502	0.4861111111111111	0.004241950895399971	0.0039411128164074105	0.0	0.0	0.00013259726388629834	13.0	0.0	33.0	3.916003207635752e-05	-0.012672401900256536	True
