{
  "direct_delta_cosine": 0.9356289908772172,
  "direct_delta_rank": 9.410157411637257,
  "direct_recall_at_1": 0.8148148148148148,
  "direct_transition_improvement": 0.0928813758137464,
  "floor_delta_cosine": 0.9032337022766634,
  "floor_delta_rank": 7.4927423077393,
  "floor_init_error": 8.470455665765542e-07,
  "floor_recall_at_1": 0.6296296296296297,
  "floor_transition_improvement": 0.09119475301631949,
  "identity_violation": 0.0,
  "image_target_effective_rank": 5.661813331257743,
  "image_to_rna_recall_at_1": 0.4444444444444444,
  "leakage_flag": 0.0,
  "retrieval_broken_count": 0.0,
  "retrieval_broken_mean_delta_cosine_change": 0.0,
  "retrieval_broken_mean_floor_margin": 0.0,
  "retrieval_broken_mean_margin_change": 0.0,
  "retrieval_broken_mean_selected_margin": 0.0,
  "retrieval_broken_mean_transition_gain_change": 0.0,
  "retrieval_broken_near_tie_fraction": 0.0,
  "retrieval_floor_median_rank": 1.0,
  "retrieval_mean_floor_margin": 0.005498337455077214,
  "retrieval_mean_margin_change": 0.0005081977974115836,
  "retrieval_mean_rank_change": 0.0,
  "retrieval_mean_residual_norm": 0.039995582394635236,
  "retrieval_mean_selected_margin": 0.006006535252488798,
  "retrieval_preserved_correct_count": 17.0,
  "retrieval_repaired_count": 0.0,
  "retrieval_row_count": 27.0,
  "retrieval_selected_median_rank": 1.0,
  "retrieval_still_wrong_count": 10.0,
  "rna_to_image_recall_at_1": 0.48148148148148145,
  "rowwise_active_fraction": 0.8518518518518519,
  "rowwise_effective_scale": 0.0425925925925926,
  "rowwise_risk_score_mean": -2.0993550177859,
  "rowwise_selected_base_scale": 0.05,
  "seed": 22,
  "selected_action_negative_gap": 0.008253758909488873,
  "selected_delta_cosine": 0.9067169205076738,
  "selected_delta_rank": 7.677462668633178,
  "selected_gap_delta_cosine": 0.0034832182310103876,
  "selected_gap_recall": 0.0,
  "selected_gap_transition": 0.00030733545161158726,
  "selected_magnitude_ratio": 0.9954866953675534,
  "selected_recall_at_1": 0.6296296296296297,
  "selected_residual_scale": 0.0425925925925926,
  "selected_transition_improvement": 0.09150208846793108,
  "target_effective_rank": 3.791524163650025,
  "train_rowwise_floor_delta_cosine": 0.9353264931503902,
  "train_rowwise_floor_recall_at_1": 0.4166666666666667,
  "train_rowwise_floor_transition": 0.10691580210070713,
  "train_rowwise_selected_active_fraction": 0.8055555555555556,
  "train_rowwise_selected_broken_count": 0.0,
  "train_rowwise_selected_delta_cosine": 0.9387087482713857,
  "train_rowwise_selected_gap_delta_cosine": 0.0033822551209955476,
  "train_rowwise_selected_gap_recall": 0.0,
  "train_rowwise_selected_gap_transition": 0.00045707420142387933,
  "train_rowwise_selected_near_tie_erosions": 0.0,
  "train_rowwise_selected_near_tie_flips": 0.0,
  "train_rowwise_selected_recall_at_1": 0.4166666666666667,
  "train_rowwise_selected_scale": 0.05,
  "train_rowwise_selected_threshold": -0.536791483880051,
  "train_rowwise_selected_transition": 0.107372876302131,
  "train_rowwise_selected_unsafe_count": 6.0
}
