seed	base_loss	base_transition_loss	base_delta_direction_loss	base_source_improvement_hinge	base_rna_to_image_loss	base_image_to_rna_loss	base_pca_anchor_loss	base_action_negative_loss	base_variance_loss	base_mean_positive_transition_cosine	base_mean_negative_transition_cosine	head_head_loss	head_head_endpoint_loss	head_head_delta_loss	head_head_floor_endpoint_hinge	head_head_floor_delta_hinge	head_head_residual_norm	head_head_residual_scale
19	0.15757893025875092	0.044177934527397156	0.052094459533691406	0.000518846558406949	0.006384546868503094	0.015175742097198963	0.3483535349369049	0.020285021513700485	0.0	0.9641725420951843	0.6665529608726501	0.038348402827978134	0.012272953987121582	0.02763974666595459	0.0002459765528328717	0.00011022284161299467	0.00120782689191401	1.040790319442749
20	0.1557079404592514	0.03959619998931885	0.053680360317230225	0.0	0.00816778652369976	0.014639521017670631	0.3558758497238159	0.01764797791838646	0.000667822256218642	0.9636098742485046	0.7650358080863953	0.02201020158827305	0.009514093399047852	0.0126495361328125	5.3013147407909855e-05	0.0	0.0007515304605476558	0.9831448793411255
21	0.19205990433692932	0.06030843406915665	0.06527829170227051	0.0	0.008809461258351803	0.016308797523379326	0.38839101791381836	0.016210008412599564	0.0	0.944874107837677	0.5638319253921509	0.027677316218614578	0.010373890399932861	0.01635187864303589	0.0	0.0007240981212817132	0.0007345341728068888	1.0010558366775513
