seed	loss	transition_loss	rna_to_image_loss	image_to_rna_loss	target_anchor_loss	source_anchor_loss	transition_anchor_loss	pca_delta_direction_loss	teacher_delta_direction_loss	source_improvement_hinge	action_negative_loss	magnitude_loss	variance_loss	delta_variance_loss	relational_loss	target_anchor_cosine	source_anchor_cosine	transition_anchor_cosine	delta_cosine_train	active_delta_std_dims	steps	device_used
37	1.5797290802001953	0.5766180753707886	0.2719888985157013	0.4096200466156006	0.5668380260467529	0.023231426253914833	0.5380010008811951	0.4601646661758423	0.37188124656677246	0.037660349160432816	0.02399449422955513	0.3800031542778015	0.0	0.0	0.13692304491996765	0.46271079778671265	0.9792931079864502	0.48811036348342896	0.5398353338241577	24.0	120.0	cuda
38	1.6073507070541382	0.583827555179596	0.2791290879249573	0.4237958490848541	0.5991724133491516	0.019809719175100327	0.5651086568832397	0.4366750121116638	0.37714970111846924	0.036162856966257095	0.0087382597848773	0.43721339106559753	0.001455198391340673	0.0	0.17679241299629211	0.4300503730773926	0.9823164939880371	0.45950084924697876	0.5633249878883362	24.0	120.0	cuda
39	1.3984167575836182	0.5395110845565796	0.23344486951828003	0.4424803853034973	0.4887215495109558	0.014023615047335625	0.44007766246795654	0.3734967112541199	0.3550871014595032	0.007959360256791115	0.02204156666994095	0.44069764018058777	0.0	0.0	0.1445131152868271	0.5342135429382324	0.9875999689102173	0.5795608758926392	0.6265032887458801	24.0	120.0	cuda
