{
  "device_used": "cpu",
  "final_active_std_dims": 24.0,
  "final_loss": 0.16494546830654144,
  "final_mse": 0.04156028851866722,
  "final_prediction_target_cosine_train": 0.8565572500228882,
  "final_relational_loss": 0.07769881188869476,
  "relational_weight": 0.25,
  "steps": 80.0
}
