{
  "action_negative_transition_gap": 0.04943307795553406,
  "benchmark": "synth_program_aligned_extrapolative_holdout_lite",
  "calibrated_action_negative_gap": 0.06941571909633443,
  "calibrated_delta_cosine": 0.9192916525088483,
  "calibrated_delta_cosine_gain": 0.1473188309081097,
  "calibrated_delta_rank": 7.167053397458891,
  "calibrated_magnitude_ratio": 1.068922654716026,
  "calibrated_recall_at_1": 1.0,
  "calibrated_recall_gain": 0.0,
  "calibrated_transition_gain": 0.0067929093695983656,
  "calibrated_transition_improvement": 0.23634270305528796,
  "direct_delta_cosine": 0.6094991140904591,
  "direct_delta_rank": 8.609535677667624,
  "direct_magnitude_ratio": 1.0498722178241884,
  "direct_recall_at_1": 0.7777777777777778,
  "direct_transition_improvement": 0.1896522339708715,
  "identity_violation": 0.0,
  "image_target_effective_rank": 9.790012618677835,
  "image_teacher_action_negative_gap": 0.067700347837692,
  "image_teacher_delta_cosine": 0.7719728216007385,
  "image_teacher_delta_rank": 8.182149458492237,
  "image_teacher_magnitude_ratio": 2.1057714370705374,
  "image_teacher_recall_at_1": 1.0,
  "image_teacher_transition_improvement": 0.2295497936856896,
  "image_to_rna_recall_at_1": 0.9259259259259259,
  "leakage_flag": 0.0,
  "policy": "extrapolative_index",
  "ridge_floor_delta_cosine": 0.6428365655252526,
  "ridge_floor_delta_rank": 6.1818277832363995,
  "ridge_floor_recall_at_1": 0.7777777777777778,
  "ridge_floor_transition_improvement": 0.16144695401087644,
  "rna_to_image_recall_at_1": 0.6666666666666666,
  "seed": 42,
  "source_image_cosine": 0.9920222640089088,
  "source_image_effective_rank": 4.128836684653812,
  "target_effective_rank": 11.905607493499836,
  "target_image_cosine": 0.5932044663628473,
  "target_image_effective_rank": 7.830080716144653,
  "train_calibrated_delta_cosine": 0.9799142328754853,
  "train_calibrated_delta_rank": 8.605987799776877,
  "train_calibrated_magnitude_ratio": 0.9804234014777573,
  "train_calibrated_recall_at_1": 0.5,
  "train_calibrated_transition_improvement": 0.33551961890406795,
  "train_raw_delta_cosine": 0.7830314004598328,
  "train_raw_delta_rank": 9.650537588487943,
  "train_raw_recall_at_1": 0.5,
  "train_raw_transition_improvement": 0.31734929555874086,
  "transition_image_cosine": 0.9446987472511601
}
