{
  "action_negative_loss": 0.01718750037252903,
  "active_delta_std_dims": 24.0,
  "delta_cosine_train": 0.9454543590545654,
  "delta_variance_loss": 0.0,
  "device_used": "cpu",
  "image_to_rna_loss": 0.027024639770388603,
  "loss": 0.20565468072891235,
  "magnitude_loss": 0.6340754628181458,
  "pca_delta_direction_loss": 0.05454564094543457,
  "relational_loss": 0.013252566568553448,
  "rna_to_image_loss": 0.0100810956209898,
  "source_anchor_cosine": 0.9917291402816772,
  "source_anchor_loss": 0.01422853022813797,
  "source_improvement_hinge": 0.0,
  "steps": 120.0,
  "target_anchor_cosine": 0.9802420139312744,
  "target_anchor_loss": 0.024865932762622833,
  "teacher_delta_direction_loss": 0.14633870124816895,
  "transition_anchor_cosine": 0.9678495526313782,
  "transition_anchor_loss": 0.037506673485040665,
  "transition_loss": 0.07844621688127518,
  "variance_loss": 0.047304004430770874
}
