{
  "direct_delta_cosine": 0.8916325211974718,
  "direct_delta_rank": 11.848845778708567,
  "direct_recall_at_1": 0.9259259259259259,
  "direct_transition_improvement": 0.4852073791916289,
  "floor_delta_cosine": 0.9320907531731707,
  "floor_delta_rank": 7.051391799370344,
  "floor_recall_at_1": 1.0,
  "floor_transition_improvement": 0.5212980055525284,
  "identity_violation": 0.0,
  "image_target_effective_rank": 7.65144492648573,
  "image_to_rna_recall_at_1": 1.0,
  "leakage_flag": 0.0,
  "rna_to_image_recall_at_1": 0.8518518518518519,
  "selected_action_negative_gap": 0.06726715091282859,
  "selected_delta_cosine": 0.9373136299969862,
  "selected_delta_rank": 8.525247684139298,
  "selected_gap_delta_cosine": 0.005222876823815503,
  "selected_gap_recall": 0.0,
  "selected_gap_transition": 0.003518121094872484,
  "selected_magnitude_ratio": 0.9479222613081496,
  "selected_recall_at_1": 1.0,
  "selected_residual_scale": 0.25,
  "selected_train_delta_cosine": 0.9550779122667833,
  "selected_train_recall_at_1": 0.5,
  "selected_train_transition_improvement": 0.6022654145420877,
  "selected_transition_improvement": 0.5248161266474008,
  "target_effective_rank": 7.845789275370145
}
