{
  "diagnostic_label": "E007_HIGH_SUPPORT_CALIBRATION_DISCARDED_HELDOUT_BELOW_FLOOR",
  "eval_active_fraction": 0.4074074074074074,
  "eval_metrics": {
    "absolute_target_cosine": 0.9091281183530824,
    "delta_cosine": 0.39971994275623285,
    "delta_magnitude_ratio": 0.769812927552478,
    "delta_prediction_effective_rank": 10.296415103524563,
    "delta_prediction_spectral_entropy": 1.7279302753839763,
    "delta_teacher_effective_rank": 11.781895734223935,
    "source_as_target_bio_cosine_to_teacher": 0.9031308180300731,
    "source_improvement_hinge_violation_fraction": 0.7407407407407407,
    "transition_source_cosine_improvement": 0.005997300323009335,
    "transition_to_target_map": 0.3937825391746961,
    "transition_to_target_median_rank": 2.0,
    "transition_to_target_recall@1": 0.4444444444444444,
    "transition_to_target_recall@10": 0.9259259259259259,
    "transition_to_target_recall@5": 0.8148148148148148,
    "transition_to_target_same_perturbation_enrichment@10": 1.0
  },
  "oracle_informed_after_e006": true,
  "selected_alpha_source_only": 0.1,
  "selected_support_threshold": 0.8862745398781099,
  "selected_train_summary": {
    "alpha_source_only": 0.1,
    "mean_active_fraction": 0.3333333333333333,
    "mean_delta_cosine_gap": 0.0006977729581863733,
    "mean_recall_gap": 0.0,
    "mean_transition_gap": 0.00013885541561216178,
    "min_delta_cosine_gap": -0.0015264933946438353,
    "min_recall_gap": 0.0,
    "min_transition_gap": -0.00044728074721168964,
    "support_threshold": 0.8862745398781099
  }
}
