{
  "delta_condition_recall_at_1": 0.3187830687830687,
  "diagnostic_label": "C007_NESTED_COMPOSITE_CALIBRATION_PARTIAL_GAIN_BELOW_FLOOR",
  "endpoint_condition_recall_at_1": 0.26587301587301587,
  "outer_oracle_best": {
    "delta_score_weight": 0.1,
    "mean_condition_median_rank": 2.3035714285714284,
    "mean_condition_recall_at_1": 0.36706349206349204,
    "mean_perturbation_recall_at_1": 0.42857142857142855,
    "min_condition_recall_at_1": 0.18518518518518517
  },
  "protected_condition_recall_floor": 0.48148148148148145,
  "selected_condition_recall_at_1": 0.36507936507936506,
  "selected_condition_recall_at_1_min": 0.18518518518518517,
  "selected_delta_score_weight_mean": 0.14821428571428572,
  "selected_delta_score_weight_nonzero_rate": 1.0,
  "selected_perturbation_recall_at_1": 0.42857142857142855
}
