{
  "base_action_negative_loss": 0.018246091902256012,
  "base_delta_direction_loss": 0.057543158531188965,
  "base_image_to_rna_loss": 0.011624930426478386,
  "base_loss": 0.18918584287166595,
  "base_mean_negative_transition_cosine": 0.8039163947105408,
  "base_mean_positive_transition_cosine": 0.9541540741920471,
  "base_pca_anchor_loss": 0.45576485991477966,
  "base_rna_to_image_loss": 0.008048300631344318,
  "base_source_improvement_hinge": 0.00011895468924194574,
  "base_transition_loss": 0.05712373927235603,
  "base_variance_loss": 0.002230615122243762,
  "retrieval_head_head_delta_loss": 0.03177708387374878,
  "retrieval_head_head_endpoint_loss": 0.02077484130859375,
  "retrieval_head_head_floor_delta_hinge": 5.123368464410305e-05,
  "retrieval_head_head_floor_endpoint_hinge": 0.0005632161046378314,
  "retrieval_head_head_loss": 0.050712328404188156,
  "retrieval_head_head_margin_lcb_loss": 0.0,
  "retrieval_head_head_near_tie_count": 72.0,
  "retrieval_head_head_near_tie_margin_loss": 8.17019899841398e-05,
  "retrieval_head_head_residual_norm": 0.0003803324361797422,
  "retrieval_head_head_residual_scale": 1.0525643825531006,
  "seed": 2
}
