{
  "direct_delta_cosine": 0.9148650144099412,
  "direct_delta_rank": 10.266876320356738,
  "direct_recall_at_1": 0.7407407407407407,
  "direct_transition_improvement": 0.5770636748296222,
  "floor_delta_cosine": 0.894930741811273,
  "floor_delta_rank": 7.28821883560423,
  "floor_init_error": 4.996201354856566e-07,
  "floor_recall_at_1": 0.7037037037037037,
  "floor_transition_improvement": 0.521697479580092,
  "identity_violation": 0.0,
  "image_target_effective_rank": 8.075170258360258,
  "image_to_rna_recall_at_1": 0.7777777777777778,
  "leakage_flag": 0.0,
  "retrieval_broken_count": 0.0,
  "retrieval_broken_mean_delta_cosine_change": 0.0,
  "retrieval_broken_mean_floor_margin": 0.0,
  "retrieval_broken_mean_margin_change": 0.0,
  "retrieval_broken_mean_selected_margin": 0.0,
  "retrieval_broken_mean_transition_gain_change": 0.0,
  "retrieval_broken_near_tie_fraction": 0.0,
  "retrieval_floor_median_rank": 1.0,
  "retrieval_mean_floor_margin": -0.11789728683463839,
  "retrieval_mean_margin_change": 0.0027036807354142997,
  "retrieval_mean_rank_change": 0.037037037037037035,
  "retrieval_mean_residual_norm": 0.051196527360459584,
  "retrieval_mean_selected_margin": -0.11519360609922408,
  "retrieval_preserved_correct_count": 19.0,
  "retrieval_repaired_count": 0.0,
  "retrieval_row_count": 27.0,
  "retrieval_selected_median_rank": 1.0,
  "retrieval_still_wrong_count": 8.0,
  "rna_to_image_recall_at_1": 0.7037037037037037,
  "seed": 5,
  "selected_action_negative_gap": 0.12311881818200893,
  "selected_delta_cosine": 0.8970456295563715,
  "selected_delta_rank": 7.557087583893173,
  "selected_gap_delta_cosine": 0.0021148877450984926,
  "selected_gap_recall": 0.0,
  "selected_gap_transition": 0.0035765247516419407,
  "selected_magnitude_ratio": 1.1030365081439444,
  "selected_recall_at_1": 0.7037037037037037,
  "selected_residual_scale": 0.05,
  "selected_transition_improvement": 0.525274004331734,
  "target_effective_rank": 7.290948361302315,
  "train_small_cap_floor_delta_cosine": 0.9543199716906869,
  "train_small_cap_floor_recall_at_1": 0.4583333333333333,
  "train_small_cap_floor_transition": 0.7933401289229818,
  "train_small_cap_selected_delta_cosine": 0.9566005069800154,
  "train_small_cap_selected_gap_delta_cosine": 0.002280535289328478,
  "train_small_cap_selected_gap_recall": 0.0,
  "train_small_cap_selected_gap_transition": 0.003302362405594117,
  "train_small_cap_selected_recall_at_1": 0.4583333333333333,
  "train_small_cap_selected_scale": 0.05,
  "train_small_cap_selected_train_broken_count_diagnostic_only": 0.0,
  "train_small_cap_selected_train_mean_margin_change_diagnostic_only": 0.0017124009272835954,
  "train_small_cap_selected_transition": 0.7966424913285759
}
