seed	scale	safe	transition_improvement	delta_cosine	recall_at_1	gap_transition	gap_delta_cosine	gap_recall	train_broken_count_diagnostic_only	train_mean_margin_change_diagnostic_only
5	0.0	True	0.7933401289229818	0.9543199716906869	0.4583333333333333	0.0	0.0	0.0	0.0	0.0
5	0.025	True	0.7950133383842102	0.9554732470134901	0.4583333333333333	0.0016732094612283976	0.0011532753228031822	0.0	0.0	0.0008718391181022402
5	0.05	True	0.7966424913285759	0.9566005069800154	0.4583333333333333	0.003302362405594117	0.002280535289328478	0.0	0.0	0.0017124009272835954
