{
  "action_negative_loss": 0.013571090064942837,
  "active_delta_std_dims": 24.0,
  "delta_cosine_train": 0.5935956239700317,
  "delta_variance_loss": 0.0,
  "device_used": "cuda",
  "image_to_rna_loss": 0.30425751209259033,
  "loss": 1.2527514696121216,
  "magnitude_loss": 0.3685266673564911,
  "pca_delta_direction_loss": 0.40640437602996826,
  "relational_loss": 0.13057178258895874,
  "rna_to_image_loss": 0.122587189078331,
  "source_anchor_cosine": 0.976973831653595,
  "source_anchor_loss": 0.025075508281588554,
  "source_improvement_hinge": 0.010864175856113434,
  "steps": 120.0,
  "target_anchor_cosine": 0.7859436869621277,
  "target_anchor_loss": 0.22820831835269928,
  "teacher_delta_direction_loss": 0.3274024724960327,
  "transition_anchor_cosine": 0.5547988414764404,
  "transition_anchor_loss": 0.46452057361602783,
  "transition_loss": 0.5263333916664124,
  "variance_loss": 0.0
}
