{
  "action_negative_transition_gap": 0.027526402608006192,
  "benchmark": "synth_program_aligned_random_holdout_lite",
  "direct_delta_cosine": 0.5431912508012117,
  "direct_delta_rank": 8.324231050272608,
  "direct_magnitude_ratio": 0.945837537290103,
  "direct_recall_at_1": 0.6666666666666666,
  "direct_transition_improvement": 0.10924370119598258,
  "identity_violation": 0.0,
  "image_target_effective_rank": 6.4841396792242785,
  "image_teacher_action_negative_gap": 0.02900697943924531,
  "image_teacher_delta_cosine": 0.806642829116349,
  "image_teacher_delta_rank": 8.11569345905549,
  "image_teacher_magnitude_ratio": 1.4397005770597149,
  "image_teacher_recall_at_1": 1.0,
  "image_teacher_transition_improvement": 0.13796327531391464,
  "image_to_rna_recall_at_1": 0.7407407407407407,
  "leakage_flag": 0.0,
  "policy": "random_perturbation",
  "ridge_floor_delta_cosine": 0.4414392934710269,
  "ridge_floor_delta_rank": 5.950917649826585,
  "ridge_floor_recall_at_1": 0.6296296296296297,
  "ridge_floor_transition_improvement": 0.06516851570527099,
  "rna_to_image_recall_at_1": 0.48148148148148145,
  "seed": 35,
  "source_image_cosine": 0.9907808261603631,
  "source_image_effective_rank": 2.9745380361173486,
  "target_effective_rank": 9.593873329245259,
  "target_image_cosine": 0.7363582455519235,
  "target_image_effective_rank": 6.332000279628842,
  "transition_image_cosine": 0.9628173852620701
}
