{
  "action_negative_loss": 0.00937500037252903,
  "active_delta_std_dims": 24.0,
  "delta_cosine_train": 0.947040319442749,
  "delta_variance_loss": 0.0,
  "device_used": "cpu",
  "image_to_rna_loss": 0.025094887241721153,
  "loss": 0.20699511468410492,
  "magnitude_loss": 0.29082080721855164,
  "pca_delta_direction_loss": 0.05295968055725098,
  "relational_loss": 0.025006845593452454,
  "rna_to_image_loss": 0.011765461415052414,
  "source_anchor_cosine": 0.9899168014526367,
  "source_anchor_loss": 0.012165053747594357,
  "source_improvement_hinge": 0.0,
  "steps": 120.0,
  "target_anchor_cosine": 0.9627251029014587,
  "target_anchor_loss": 0.04100537672638893,
  "teacher_delta_direction_loss": 0.21761280298233032,
  "transition_anchor_cosine": 0.9701141715049744,
  "transition_anchor_loss": 0.03293944150209427,
  "transition_loss": 0.07364021241664886,
  "variance_loss": 0.04649564251303673
}
