{
  "image_to_rna_map": 0.18553113869786544,
  "image_to_rna_recall@1": 0.0625,
  "image_to_rna_recall@10": 0.5,
  "image_to_rna_recall@5": 0.15625,
  "rna_to_image_map": 0.16062007625828198,
  "rna_to_image_recall@1": 0.0,
  "rna_to_image_recall@10": 0.3125,
  "rna_to_image_recall@5": 0.15625
}
