{
  "action_negative_loss": 0.0017857144121080637,
  "active_delta_std_dims": 24.0,
  "delta_cosine_train": 0.9839487671852112,
  "delta_variance_loss": 0.0,
  "device_used": "cuda",
  "image_to_rna_loss": 0.08825859427452087,
  "loss": 0.11126355826854706,
  "magnitude_loss": 0.163229301571846,
  "pca_delta_direction_loss": 0.01605123281478882,
  "relational_loss": 0.005499271210283041,
  "rna_to_image_loss": 0.002315615536645055,
  "source_anchor_cosine": 0.9998744130134583,
  "source_anchor_loss": 0.0001599776151124388,
  "source_improvement_hinge": 0.0,
  "steps": 120.0,
  "target_anchor_cosine": 0.9965506196022034,
  "target_anchor_loss": 0.01509080920368433,
  "teacher_delta_direction_loss": 0.05218017101287842,
  "transition_anchor_cosine": 0.9827579259872437,
  "transition_anchor_loss": 0.029145900160074234,
  "transition_loss": 0.03816898167133331,
  "variance_loss": 0.0007502244552597404
}
