{
  "cache_dir": "outputs/autoresearch_total_autonomy_bioguard_wm_jepa/experiments/G002_multi_seed_source_state_stability/seed2_latent_cache",
  "cache_status": "loaded",
  "floor_delta_cosine": 0.4018851082029823,
  "floor_delta_rank": 9.632914633777684,
  "floor_init_error": 8.837127465216588e-08,
  "floor_magnitude_ratio": 0.5918627929859949,
  "floor_recall_at_1": 0.2962962962962963,
  "floor_transition_improvement": 0.009402064646795659,
  "identity_violation": 0.0,
  "leakage_flag": 0.0,
  "retrieval_broken_count": 0.0,
  "retrieval_mean_margin_change": -0.00015282146819768278,
  "retrieval_repaired_count": 0.0,
  "retrieval_selected_median_rank": 5.0,
  "seed": 2,
  "selected_action_negative_gap": 0.004287600061286865,
  "selected_delta_cosine": 0.40003301639633404,
  "selected_delta_rank": 9.64884509944786,
  "selected_gap_delta_cosine": -0.0018520918066482484,
  "selected_gap_recall": 0.0,
  "selected_gap_transition": -0.00026208066524511034,
  "selected_magnitude_ratio": 0.5941102227026462,
  "selected_recall_at_1": 0.2962962962962963,
  "selected_residual_scale": 0.05,
  "selected_transition_improvement": 0.009139983981550548,
  "train_small_cap_selected_gap_delta_cosine": 0.006780482885493044,
  "train_small_cap_selected_gap_recall": 0.0,
  "train_small_cap_selected_gap_transition": 0.0005370029530789508,
  "train_small_cap_selected_train_broken_count_diagnostic_only": 0.0
}
