seed	scale	safe	transition_improvement	delta_cosine	recall_at_1	gap_transition	gap_delta_cosine	gap_recall	train_broken_count_diagnostic_only	train_mean_margin_change_diagnostic_only
2	0.0	True	0.043404978848068806	0.8283115912411814	0.7777777777777778	0.0	0.0	0.0	0.0	0.0
2	0.025	True	0.04367761296139324	0.831745317861203	0.7777777777777778	0.00027263411332443394	0.0034337266200216154	0.0	0.0	0.00018718692343265873
2	0.05	True	0.04394198180114776	0.8350920741266744	0.7777777777777778	0.0005370029530789508	0.006780482885493044	0.0	0.0	0.0003649844924383959
