seed	base_loss	base_transition_loss	base_delta_direction_loss	base_source_improvement_hinge	base_rna_to_image_loss	base_image_to_rna_loss	base_pca_anchor_loss	base_action_negative_loss	base_variance_loss	base_mean_positive_transition_cosine	base_mean_negative_transition_cosine	head_head_loss	head_head_endpoint_loss	head_head_delta_loss	head_head_floor_endpoint_hinge	head_head_floor_delta_hinge	head_head_residual_norm	head_head_residual_scale
0	0.16027577221393585	0.042906925082206726	0.06164669990539551	0.0	0.005735393147915602	0.0089265750721097	0.36227548122406006	0.017877645790576935	0.0006409573252312839	0.9669517278671265	0.8482983708381653	0.020872123539447784	0.00494307279586792	0.017121970653533936	0.00019469752442091703	0.00017019215738400817	0.00042498152470216155	0.9662563800811768
1	0.21368111670017242	0.0700187236070633	0.08337175846099854	5.5604265071451664e-05	0.00886311661452055	0.01728464663028717	0.36450663208961487	0.017669091001152992	0.0	0.9425914287567139	0.77274489402771	0.02080819010734558	0.0068735480308532715	0.01446998119354248	1.729360519675538e-05	2.6027548301499337e-05	0.0008447969448752701	1.036429524421692
2	0.18918584287166595	0.05712373927235603	0.057543158531188965	0.00011895468924194574	0.008048300631344318	0.011624930426478386	0.45576485991477966	0.018246091902256012	0.002230615122243762	0.9541540741920471	0.8039163947105408	0.051449600607156754	0.022552132606506348	0.02834630012512207	0.0004071654984727502	0.00021431449567899108	0.0006006177864037454	0.970285177230835
3	0.1467561274766922	0.04899032786488533	0.04434967041015625	0.0	0.005613824352622032	0.038374174386262894	0.18229082226753235	0.012818683870136738	0.0005729447002522647	0.9538708925247192	0.3837938904762268	0.027418361976742744	0.014521241188049316	0.013516843318939209	0.0	0.0	0.0005073238862678409	0.9559637904167175
4	0.14618735015392303	0.04965891316533089	0.044378697872161865	0.0	0.00579799385741353	0.02551700361073017	0.2359301596879959	0.014062500558793545	0.0008063887362368405	0.9531789422035217	0.3052143156528473	0.020436599850654602	0.010415196418762207	0.01002049446105957	4.070292561664246e-05	4.083331077708863e-05	0.0005543940933421254	0.9772381782531738
