seed	loss	transition_loss	rna_to_image_loss	image_to_rna_loss	target_anchor_loss	source_anchor_loss	transition_anchor_loss	pca_delta_direction_loss	teacher_delta_direction_loss	source_improvement_hinge	action_negative_loss	magnitude_loss	variance_loss	delta_variance_loss	relational_loss	target_anchor_cosine	source_anchor_cosine	transition_anchor_cosine	delta_cosine_train	active_delta_std_dims	steps	device_used
37	1.0170855522155762	0.41437917947769165	0.0965418815612793	0.30465278029441833	0.18581168353557587	0.0034283644054085016	0.3525185286998749	0.30214428901672363	0.3312193751335144	0.025157703086733818	0.014504415914416313	0.3777308464050293	0.0	0.0	0.13583964109420776	0.8340439796447754	0.9973277449607849	0.6734784841537476	0.6978557109832764	18.0	120.0	cuda
38	0.8225553631782532	0.2992604970932007	0.09039753675460815	0.26635241508483887	0.15117715299129486	0.0035435943864285946	0.32383495569229126	0.24662071466445923	0.20000869035720825	0.022368408739566803	0.015960276126861572	0.37664228677749634	0.0	0.0	0.12519867718219757	0.8650027513504028	0.9982712268829346	0.6989383101463318	0.7533792853355408	18.0	120.0	cuda
39	0.8198173642158508	0.35881584882736206	0.0851278007030487	0.2836970388889313	0.15405867993831635	0.003707525786012411	0.26607102155685425	0.22592401504516602	0.25184595584869385	0.0	0.007916328497231007	0.31130316853523254	0.00016257994866464287	0.0	0.09335863590240479	0.8595789074897766	0.9977629780769348	0.7512587904930115	0.774075984954834	18.0	120.0	cuda
