{
  "direct_delta_cosine": 0.940101665298251,
  "direct_delta_rank": 5.432451258768079,
  "direct_recall_at_1": 0.8518518518518519,
  "direct_transition_improvement": 0.6706635443830214,
  "floor_delta_cosine": 0.940101665298251,
  "floor_delta_rank": 5.36113727153872,
  "floor_init_error": 1.8576701652506244e-06,
  "floor_recall_at_1": 0.8148148148148148,
  "floor_transition_improvement": 0.6711528382083318,
  "identity_violation": 0.0,
  "image_target_effective_rank": 8.216765437097184,
  "image_to_rna_recall_at_1": 0.5925925925925926,
  "leakage_flag": 0.0,
  "retrieval_broken_count": 0.0,
  "retrieval_broken_mean_delta_cosine_change": 0.0,
  "retrieval_broken_mean_floor_margin": 0.0,
  "retrieval_broken_mean_margin_change": 0.0,
  "retrieval_broken_mean_selected_margin": 0.0,
  "retrieval_broken_mean_transition_gain_change": 0.0,
  "retrieval_broken_near_tie_fraction": 0.0,
  "retrieval_floor_median_rank": 1.0,
  "retrieval_mean_floor_margin": 0.1219106007170038,
  "retrieval_mean_margin_change": 7.970390693515752e-06,
  "retrieval_mean_rank_change": 0.0,
  "retrieval_mean_residual_norm": 0.0016413941641833104,
  "retrieval_mean_selected_margin": 0.1219185711076973,
  "retrieval_preserved_correct_count": 22.0,
  "retrieval_repaired_count": 0.0,
  "retrieval_row_count": 27.0,
  "retrieval_selected_median_rank": 1.0,
  "retrieval_still_wrong_count": 5.0,
  "rna_to_image_recall_at_1": 0.7407407407407407,
  "rowwise_active_fraction": 0.8888888888888888,
  "rowwise_effective_scale": 0.044444444444444446,
  "rowwise_risk_score_mean": -3.3317480910992905,
  "rowwise_selected_base_scale": 0.05,
  "seed": 30,
  "selected_action_negative_gap": 0.04079058394204471,
  "selected_delta_cosine": 0.940101665298251,
  "selected_delta_rank": 5.362626280199773,
  "selected_gap_delta_cosine": 0.0,
  "selected_gap_recall": 0.0,
  "selected_gap_transition": -6.477087630685219e-06,
  "selected_magnitude_ratio": 1.0186432651743784,
  "selected_recall_at_1": 0.8148148148148148,
  "selected_residual_scale": 0.044444444444444446,
  "selected_transition_improvement": 0.6711463611207011,
  "target_effective_rank": 7.0536510929067875,
  "train_rowwise_floor_delta_cosine": 0.9636009597259443,
  "train_rowwise_floor_recall_at_1": 0.4583333333333333,
  "train_rowwise_floor_transition": 0.7228997632813648,
  "train_rowwise_selected_active_fraction": 0.8888888888888888,
  "train_rowwise_selected_broken_count": 0.0,
  "train_rowwise_selected_delta_cosine": 0.9636009597259443,
  "train_rowwise_selected_gap_delta_cosine": 0.0,
  "train_rowwise_selected_gap_recall": 0.0,
  "train_rowwise_selected_gap_transition": 1.0529346176957333e-05,
  "train_rowwise_selected_near_tie_erosions": 0.0,
  "train_rowwise_selected_near_tie_flips": 0.0,
  "train_rowwise_selected_recall_at_1": 0.4583333333333333,
  "train_rowwise_selected_scale": 0.05,
  "train_rowwise_selected_threshold": -0.6684535483672727,
  "train_rowwise_selected_transition": 0.7229102926275418,
  "train_rowwise_selected_unsafe_count": 2.0
}
