{
  "action_negative_transition_gap": 0.025534657766426154,
  "benchmark": "synth_program_aligned_random_holdout_lite",
  "calibrated_action_negative_gap": 0.05268844443466389,
  "calibrated_delta_cosine": 0.9469997832404636,
  "calibrated_delta_cosine_gain": 0.21185782080486615,
  "calibrated_delta_rank": 6.893392755349221,
  "calibrated_magnitude_ratio": 0.9772630370259735,
  "calibrated_recall_at_1": 1.0,
  "calibrated_recall_gain": 0.0,
  "calibrated_transition_gain": 0.02102425710304459,
  "calibrated_transition_improvement": 0.22525658362662312,
  "direct_delta_cosine": 0.6257903465361792,
  "direct_delta_rank": 8.674101169658655,
  "direct_magnitude_ratio": 1.20641067284281,
  "direct_recall_at_1": 0.9629629629629629,
  "direct_transition_improvement": 0.06796998972923535,
  "identity_violation": 0.0,
  "image_target_effective_rank": 6.750828728376425,
  "image_teacher_action_negative_gap": 0.04255557532013313,
  "image_teacher_delta_cosine": 0.7351419624355975,
  "image_teacher_delta_rank": 8.231937622042931,
  "image_teacher_magnitude_ratio": 1.3955303587220147,
  "image_teacher_recall_at_1": 1.0,
  "image_teacher_transition_improvement": 0.20423232652357853,
  "image_to_rna_recall_at_1": 0.9629629629629629,
  "leakage_flag": 0.0,
  "policy": "random_perturbation",
  "ridge_floor_delta_cosine": 0.6674672495409559,
  "ridge_floor_delta_rank": 5.782883893545324,
  "ridge_floor_recall_at_1": 1.0,
  "ridge_floor_transition_improvement": 0.08128660584970836,
  "rna_to_image_recall_at_1": 0.7037037037037037,
  "seed": 40,
  "source_image_cosine": 0.9925285475857705,
  "source_image_effective_rank": 3.4055302256766025,
  "target_effective_rank": 8.500756529502093,
  "target_image_cosine": 0.8522461233099804,
  "target_image_effective_rank": 7.167934655663061,
  "train_calibrated_delta_cosine": 0.9858644682537414,
  "train_calibrated_delta_rank": 8.286150034904527,
  "train_calibrated_magnitude_ratio": 0.9873028870345725,
  "train_calibrated_recall_at_1": 0.5,
  "train_calibrated_transition_improvement": 0.2427371561525076,
  "train_raw_delta_cosine": 0.7895510423579031,
  "train_raw_delta_rank": 9.710604023408525,
  "train_raw_recall_at_1": 0.5,
  "train_raw_transition_improvement": 0.2213416096046545,
  "transition_image_cosine": 0.9549341182840474
}
