{
  "action_negative_loss": 0.01093750074505806,
  "active_delta_std_dims": 24.0,
  "delta_cosine_train": 0.9460140466690063,
  "delta_variance_loss": 0.0,
  "device_used": "cpu",
  "image_to_rna_loss": 0.018343565985560417,
  "loss": 0.18918518722057343,
  "magnitude_loss": 0.2254713773727417,
  "pca_delta_direction_loss": 0.05398595333099365,
  "relational_loss": 0.01661306619644165,
  "rna_to_image_loss": 0.006488182581961155,
  "source_anchor_cosine": 0.9925214052200317,
  "source_anchor_loss": 0.010711098089814186,
  "source_improvement_hinge": 0.0,
  "steps": 120.0,
  "target_anchor_cosine": 0.9665338397026062,
  "target_anchor_loss": 0.037098437547683716,
  "teacher_delta_direction_loss": 0.21646809577941895,
  "transition_anchor_cosine": 0.971152126789093,
  "transition_anchor_loss": 0.032348185777664185,
  "transition_loss": 0.06117590144276619,
  "variance_loss": 0.04803618788719177
}
