{
  "base_action_negative_loss": 0.017877645790576935,
  "base_delta_direction_loss": 0.06164669990539551,
  "base_image_to_rna_loss": 0.0089265750721097,
  "base_loss": 0.16027577221393585,
  "base_mean_negative_transition_cosine": 0.8482983708381653,
  "base_mean_positive_transition_cosine": 0.9669517278671265,
  "base_pca_anchor_loss": 0.36227548122406006,
  "base_rna_to_image_loss": 0.005735393147915602,
  "base_source_improvement_hinge": 0.0,
  "base_transition_loss": 0.042906925082206726,
  "base_variance_loss": 0.0006409573252312839,
  "retrieval_head_head_delta_loss": 0.015008211135864258,
  "retrieval_head_head_endpoint_loss": 0.0048760175704956055,
  "retrieval_head_head_floor_delta_hinge": 0.0,
  "retrieval_head_head_floor_endpoint_hinge": 2.6592088033794425e-06,
  "retrieval_head_head_loss": 0.01836247928440571,
  "retrieval_head_head_margin_lcb_loss": 0.0,
  "retrieval_head_head_near_tie_count": 72.0,
  "retrieval_head_head_near_tie_margin_loss": 9.099901944864541e-05,
  "retrieval_head_head_residual_norm": 0.00030670707928948104,
  "retrieval_head_head_residual_scale": 1.0283432006835938,
  "seed": 0
}
