{
  "action_negative_transition_gap": 0.0933403737939504,
  "benchmark": "synth_program_aligned_random_holdout_lite",
  "calibrated_action_negative_gap": 0.0758089358351084,
  "calibrated_delta_cosine": 0.9071456418785858,
  "calibrated_delta_cosine_gain": 0.15914740462336663,
  "calibrated_delta_rank": 7.625634202566626,
  "calibrated_magnitude_ratio": 0.9978005769986482,
  "calibrated_recall_at_1": 1.0,
  "calibrated_recall_gain": 0.0,
  "calibrated_transition_gain": 0.011779635761761192,
  "calibrated_transition_improvement": 0.25769777781438336,
  "direct_delta_cosine": 0.6113799631434105,
  "direct_delta_rank": 9.346937704849406,
  "direct_magnitude_ratio": 0.9578680483546825,
  "direct_recall_at_1": 0.5555555555555556,
  "direct_transition_improvement": 0.1994294955260651,
  "identity_violation": 0.0,
  "image_target_effective_rank": 9.27189695537284,
  "image_teacher_action_negative_gap": 0.07756246015233839,
  "image_teacher_delta_cosine": 0.7479982372552192,
  "image_teacher_delta_rank": 8.792065499377802,
  "image_teacher_magnitude_ratio": 1.9718184153316076,
  "image_teacher_recall_at_1": 1.0,
  "image_teacher_transition_improvement": 0.24591814205262216,
  "image_to_rna_recall_at_1": 0.6666666666666666,
  "leakage_flag": 0.0,
  "policy": "random_perturbation",
  "ridge_floor_delta_cosine": 0.6441007561761649,
  "ridge_floor_delta_rank": 6.61549098982791,
  "ridge_floor_recall_at_1": 0.48148148148148145,
  "ridge_floor_transition_improvement": 0.186707439941239,
  "rna_to_image_recall_at_1": 0.5925925925925926,
  "seed": 42,
  "source_image_cosine": 0.9929855646456676,
  "source_image_effective_rank": 4.134249419669761,
  "target_effective_rank": 12.292841927984064,
  "target_image_cosine": 0.6508756639322127,
  "target_image_effective_rank": 7.944001192325773,
  "train_calibrated_delta_cosine": 0.9811053126417892,
  "train_calibrated_delta_rank": 8.723508809659448,
  "train_calibrated_magnitude_ratio": 0.9814983170509259,
  "train_calibrated_recall_at_1": 0.5,
  "train_calibrated_transition_improvement": 0.32949300963554606,
  "train_raw_delta_cosine": 0.7649587271741297,
  "train_raw_delta_rank": 9.834533429734126,
  "train_raw_recall_at_1": 0.5,
  "train_raw_transition_improvement": 0.3085492646605002,
  "transition_image_cosine": 0.936341603237455
}
