{
  "action_negative_loss": 0.02187500149011612,
  "active_delta_std_dims": 24.0,
  "delta_cosine_train": 0.9482192993164062,
  "delta_variance_loss": 0.0,
  "device_used": "cpu",
  "image_to_rna_loss": 0.031224943697452545,
  "loss": 0.21092373132705688,
  "magnitude_loss": 0.6005719900131226,
  "pca_delta_direction_loss": 0.05178070068359375,
  "relational_loss": 0.01901148445904255,
  "rna_to_image_loss": 0.008241730742156506,
  "source_anchor_cosine": 0.992031455039978,
  "source_anchor_loss": 0.013814058154821396,
  "source_improvement_hinge": 0.0,
  "steps": 120.0,
  "target_anchor_cosine": 0.9790557026863098,
  "target_anchor_loss": 0.025909369811415672,
  "teacher_delta_direction_loss": 0.16120100021362305,
  "transition_anchor_cosine": 0.9669216275215149,
  "transition_anchor_loss": 0.03872952610254288,
  "transition_loss": 0.08101782947778702,
  "variance_loss": 0.04966474696993828
}
