{
  "device_used": "cpu",
  "final_active_std_dims": 24.0,
  "final_loss": 0.11680826544761658,
  "final_mse": 0.08184393495321274,
  "final_prediction_target_cosine_train": 0.901265561580658,
  "final_relational_loss": 0.05584411323070526,
  "relational_weight": 0.25,
  "steps": 100.0
}
