seed	loss	transition_loss	delta_direction_loss	source_improvement_hinge	rna_to_image_loss	image_to_rna_loss	pca_anchor_loss	action_negative_loss	variance_loss	mean_positive_transition_cosine	mean_negative_transition_cosine
0	0.16027577221393585	0.042906925082206726	0.06164669990539551	0.0	0.005735393147915602	0.0089265750721097	0.36227548122406006	0.017877645790576935	0.0006409573252312839	0.9669517278671265	0.8482983708381653
1	0.21368111670017242	0.0700187236070633	0.08337175846099854	5.5604265071451664e-05	0.00886311661452055	0.01728464663028717	0.36450663208961487	0.017669091001152992	0.0	0.9425914287567139	0.77274489402771
2	0.18918584287166595	0.05712373927235603	0.057543158531188965	0.00011895468924194574	0.008048300631344318	0.011624930426478386	0.45576485991477966	0.018246091902256012	0.002230615122243762	0.9541540741920471	0.8039163947105408
3	0.1467561274766922	0.04899032786488533	0.04434967041015625	0.0	0.005613824352622032	0.038374174386262894	0.18229082226753235	0.012818683870136738	0.0005729447002522647	0.9538708925247192	0.3837938904762268
4	0.14618735015392303	0.04965891316533089	0.044378697872161865	0.0	0.00579799385741353	0.02551700361073017	0.2359301596879959	0.014062500558793545	0.0008063887362368405	0.9531789422035217	0.3052143156528473
