{
  "benchmark": "synth_program_aligned_genetic_lite",
  "broken_count": 0.0,
  "broken_mean_delta_cosine_change": 0.0,
  "broken_mean_floor_margin": 0.0,
  "broken_mean_margin_change": 0.0,
  "broken_mean_selected_margin": 0.0,
  "broken_mean_transition_gain_change": 0.0,
  "broken_near_tie_fraction": 0.0,
  "diagnostic_label": "F042_FRESH_SMALL_CAP_VALIDATION_PASS_DIAGNOSTIC",
  "floor_median_rank": 1.0,
  "fresh_seed_set": [
    5,
    6,
    7,
    8,
    9
  ],
  "heldout_local_floor_preserved": true,
  "leakage_controls": "F042 uses fresh synthetic seeds and train-only continuous metrics for scale selection; held-out labels are scoring-only.",
  "max_floor_init_error": 6.788023292347845e-07,
  "max_identity_violation": 0.0,
  "max_leakage_flag": 0.0,
  "mean_floor_delta_cosine": 0.9125063078392606,
  "mean_floor_margin": 0.017704964116467554,
  "mean_floor_recall_at_1": 0.8074074074074075,
  "mean_floor_transition_improvement": 0.4622018837349861,
  "mean_margin_change": 0.001335992614386988,
  "mean_rank_change": -0.007407407407407408,
  "mean_residual_norm": 0.052163509385173945,
  "mean_selected_delta_cosine": 0.9147242012318756,
  "mean_selected_delta_rank": 7.19239531237123,
  "mean_selected_gap_delta_cosine": 0.0022178933926151776,
  "mean_selected_gap_recall": 0.0,
  "mean_selected_gap_transition": 0.0015290863363554784,
  "mean_selected_magnitude_ratio": 1.098304720475935,
  "mean_selected_margin": 0.01904095673085454,
  "mean_selected_recall_at_1": 0.8074074074074075,
  "mean_selected_residual_scale": 0.05,
  "mean_selected_transition_improvement": 0.4637309700713416,
  "mean_train_selected_gap_delta_cosine": 0.003097689736987741,
  "mean_train_selected_gap_recall": 0.002777777777777779,
  "mean_train_selected_gap_transition": 0.001928405404092226,
  "min_selected_gap_delta_cosine": 0.000654276106419438,
  "min_selected_gap_recall": 0.0,
  "min_selected_gap_transition": 0.0006704999772444431,
  "model_promoted": false,
  "preserved_correct_count": 109.0,
  "repaired_count": 0.0,
  "row_count": 135.0,
  "seed_count": 5,
  "seed_rows": [
    {
      "direct_delta_cosine": 0.9148650144099412,
      "direct_delta_rank": 10.266876320356738,
      "direct_recall_at_1": 0.7407407407407407,
      "direct_transition_improvement": 0.5770636748296222,
      "floor_delta_cosine": 0.894930741811273,
      "floor_delta_rank": 7.28821883560423,
      "floor_init_error": 4.996201354856566e-07,
      "floor_recall_at_1": 0.7037037037037037,
      "floor_transition_improvement": 0.521697479580092,
      "identity_violation": 0.0,
      "image_target_effective_rank": 8.075170258360258,
      "image_to_rna_recall_at_1": 0.7777777777777778,
      "leakage_flag": 0.0,
      "retrieval_broken_count": 0.0,
      "retrieval_broken_mean_delta_cosine_change": 0.0,
      "retrieval_broken_mean_floor_margin": 0.0,
      "retrieval_broken_mean_margin_change": 0.0,
      "retrieval_broken_mean_selected_margin": 0.0,
      "retrieval_broken_mean_transition_gain_change": 0.0,
      "retrieval_broken_near_tie_fraction": 0.0,
      "retrieval_floor_median_rank": 1.0,
      "retrieval_mean_floor_margin": -0.11789728683463839,
      "retrieval_mean_margin_change": 0.0027036807354142997,
      "retrieval_mean_rank_change": 0.037037037037037035,
      "retrieval_mean_residual_norm": 0.051196527360459584,
      "retrieval_mean_selected_margin": -0.11519360609922408,
      "retrieval_preserved_correct_count": 19.0,
      "retrieval_repaired_count": 0.0,
      "retrieval_row_count": 27.0,
      "retrieval_selected_median_rank": 1.0,
      "retrieval_still_wrong_count": 8.0,
      "rna_to_image_recall_at_1": 0.7037037037037037,
      "seed": 5,
      "selected_action_negative_gap": 0.12311881818200893,
      "selected_delta_cosine": 0.8970456295563715,
      "selected_delta_rank": 7.557087583893173,
      "selected_gap_delta_cosine": 0.0021148877450984926,
      "selected_gap_recall": 0.0,
      "selected_gap_transition": 0.0035765247516419407,
      "selected_magnitude_ratio": 1.1030365081439444,
      "selected_recall_at_1": 0.7037037037037037,
      "selected_residual_scale": 0.05,
      "selected_transition_improvement": 0.525274004331734,
      "target_effective_rank": 7.290948361302315,
      "train_small_cap_floor_delta_cosine": 0.9543199716906869,
      "train_small_cap_floor_recall_at_1": 0.4583333333333333,
      "train_small_cap_floor_transition": 0.7933401289229818,
      "train_small_cap_selected_delta_cosine": 0.9566005069800154,
      "train_small_cap_selected_gap_delta_cosine": 0.002280535289328478,
      "train_small_cap_selected_gap_recall": 0.0,
      "train_small_cap_selected_gap_transition": 0.003302362405594117,
      "train_small_cap_selected_recall_at_1": 0.4583333333333333,
      "train_small_cap_selected_scale": 0.05,
      "train_small_cap_selected_train_broken_count_diagnostic_only": 0.0,
      "train_small_cap_selected_train_mean_margin_change_diagnostic_only": 0.0017124009272835954,
      "train_small_cap_selected_transition": 0.7966424913285759
    },
    {
      "direct_delta_cosine": 0.9442459636061609,
      "direct_delta_rank": 8.79049331056164,
      "direct_recall_at_1": 0.9259259259259259,
      "direct_transition_improvement": 0.8779963065699021,
      "floor_delta_cosine": 0.9451042129030256,
      "floor_delta_rank": 6.542717457516064,
      "floor_init_error": 3.5398144060394543e-07,
      "floor_recall_at_1": 0.9259259259259259,
      "floor_transition_improvement": 0.8779172434619392,
      "identity_violation": 0.0,
      "image_target_effective_rank": 7.004296217200667,
      "image_to_rna_recall_at_1": 0.7407407407407407,
      "leakage_flag": 0.0,
      "retrieval_broken_count": 0.0,
      "retrieval_broken_mean_delta_cosine_change": 0.0,
      "retrieval_broken_mean_floor_margin": 0.0,
      "retrieval_broken_mean_margin_change": 0.0,
      "retrieval_broken_mean_selected_margin": 0.0,
      "retrieval_broken_mean_transition_gain_change": 0.0,
      "retrieval_broken_near_tie_fraction": 0.0,
      "retrieval_floor_median_rank": 1.0,
      "retrieval_mean_floor_margin": 0.07407683505374904,
      "retrieval_mean_margin_change": 0.0014163535301714148,
      "retrieval_mean_rank_change": 0.0,
      "retrieval_mean_residual_norm": 0.04384547813416528,
      "retrieval_mean_selected_margin": 0.07549318858392044,
      "retrieval_preserved_correct_count": 25.0,
      "retrieval_repaired_count": 0.0,
      "retrieval_row_count": 27.0,
      "retrieval_selected_median_rank": 1.0,
      "retrieval_still_wrong_count": 2.0,
      "rna_to_image_recall_at_1": 0.6296296296296297,
      "seed": 6,
      "selected_action_negative_gap": 0.0505163518495082,
      "selected_delta_cosine": 0.945758489009445,
      "selected_delta_rank": 6.748465133143623,
      "selected_gap_delta_cosine": 0.000654276106419438,
      "selected_gap_recall": 0.0,
      "selected_gap_transition": 0.0006704999772444431,
      "selected_magnitude_ratio": 0.9879365695874436,
      "selected_recall_at_1": 0.9259259259259259,
      "selected_residual_scale": 0.05,
      "selected_transition_improvement": 0.8785877434391837,
      "target_effective_rank": 7.691941490223132,
      "train_small_cap_floor_delta_cosine": 0.9622446154286945,
      "train_small_cap_floor_recall_at_1": 0.5,
      "train_small_cap_floor_transition": 0.8265808788619441,
      "train_small_cap_selected_delta_cosine": 0.9638331145814859,
      "train_small_cap_selected_gap_delta_cosine": 0.0015884991527913561,
      "train_small_cap_selected_gap_recall": 0.0,
      "train_small_cap_selected_gap_transition": 0.0013198612322670167,
      "train_small_cap_selected_recall_at_1": 0.5,
      "train_small_cap_selected_scale": 0.05,
      "train_small_cap_selected_train_broken_count_diagnostic_only": 0.0,
      "train_small_cap_selected_train_mean_margin_change_diagnostic_only": 3.968964190608709e-05,