seed	base_loss	base_transition_loss	base_delta_direction_loss	base_source_improvement_hinge	base_rna_to_image_loss	base_image_to_rna_loss	base_pca_anchor_loss	base_action_negative_loss	base_variance_loss	base_mean_positive_transition_cosine	base_mean_negative_transition_cosine	head_head_loss	head_head_endpoint_loss	head_head_delta_loss	head_head_floor_endpoint_hinge	head_head_floor_delta_hinge	head_head_residual_norm	head_head_residual_scale
5	0.19553229212760925	0.06913378834724426	0.06899571418762207	0.0	0.007789426017552614	0.03992393612861633	0.22179903090000153	0.014062500558793545	0.0007535542245022953	0.9341195225715637	0.31121689081192017	0.07091476023197174	0.043684184551239014	0.02656346559524536	0.0009165172232314944	0.00047617818927392364	0.00042324105743318796	0.950898289680481
6	0.12799158692359924	0.036731839179992676	0.04198336601257324	0.0	0.0048337276093661785	0.019812846556305885	0.24496088922023773	0.016125142574310303	0.0005043267155997455	0.9658792018890381	0.4085738956928253	0.029036924242973328	0.01276099681854248	0.01756960153579712	0.0	0.0	0.0004909963463433087	0.9590147137641907
7	0.15104550123214722	0.04531138390302658	0.05445510149002075	0.001438654726371169	0.006245906464755535	0.015980340540409088	0.27812689542770386	0.02041328325867653	0.0	0.9670243859291077	0.7733314037322998	0.023449331521987915	0.007302820682525635	0.016788899898529053	0.00010861683404073119	0.0001768552465364337	0.000743457640055567	0.9721078276634216
8	0.14983586966991425	0.04644424095749855	0.06547743082046509	0.0	0.007600902114063501	0.015476039610803127	0.1948232650756836	0.029856573790311813	0.0	0.9589332342147827	0.884709358215332	0.021055661141872406	0.006065785884857178	0.016059398651123047	0.00010456678865011781	0.00011872434697579592	0.0006067551439628005	0.9569316506385803
9	0.17812831699848175	0.056527916342020035	0.06768578290939331	0.0	0.007667994126677513	0.03051191195845604	0.23172493278980255	0.02656250260770321	0.0014745151856914163	0.9473128318786621	0.6742581725120544	0.03382048383355141	0.017665743827819824	0.01732271909713745	0.00013287633191794157	3.327097147121094e-05	0.00048088206676766276	0.9545848965644836
