{
  "direct_delta_cosine": 0.8137561602904071,
  "direct_delta_rank": 11.857686936112023,
  "direct_recall_at_1": 0.7777777777777778,
  "direct_transition_improvement": 0.16455496604906,
  "floor_delta_cosine": 0.8418910341147743,
  "floor_delta_rank": 7.628453394528662,
  "floor_recall_at_1": 0.5925925925925926,
  "floor_transition_improvement": 0.1707350373131547,
  "identity_violation": 0.0,
  "image_target_effective_rank": 8.031676607695829,
  "image_to_rna_recall_at_1": 0.8888888888888888,
  "leakage_flag": 0.0,
  "rna_to_image_recall_at_1": 0.6296296296296297,
  "selected_action_negative_gap": 0.029399823212959364,
  "selected_delta_cosine": 0.8418910341147743,
  "selected_delta_rank": 7.628453394528662,
  "selected_gap_delta_cosine": 0.0,
  "selected_gap_recall": 0.0,
  "selected_gap_transition": 0.0,
  "selected_magnitude_ratio": 0.9980487481514073,
  "selected_recall_at_1": 0.5925925925925926,
  "selected_residual_scale": 0.0,
  "selected_train_delta_cosine": 0.9223779129863063,
  "selected_train_recall_at_1": 0.4861111111111111,
  "selected_train_transition_improvement": 0.23016913206959908,
  "selected_transition_improvement": 0.1707350373131547,
  "target_effective_rank": 5.943674980225257
}
