{
  "action_negative_loss": 0.017669091001152992,
  "delta_direction_loss": 0.08337175846099854,
  "image_to_rna_loss": 0.01728464663028717,
  "loss": 0.21368111670017242,
  "mean_negative_transition_cosine": 0.77274489402771,
  "mean_positive_transition_cosine": 0.9425914287567139,
  "pca_anchor_loss": 0.36450663208961487,
  "rna_to_image_loss": 0.00886311661452055,
  "source_improvement_hinge": 5.5604265071451664e-05,
  "transition_loss": 0.0700187236070633,
  "variance_loss": 0.0
}
