{
  "action_negative_transition_gap": 0.02456671712579128,
  "benchmark": "synth_program_aligned_stratified_holdout_lite",
  "direct_delta_cosine": 0.5694947211150921,
  "direct_delta_rank": 8.27298670017617,
  "direct_magnitude_ratio": 1.3236962523930191,
  "direct_recall_at_1": 1.0,
  "direct_transition_improvement": 0.003667821930184404,
  "identity_violation": 0.0,
  "image_target_effective_rank": 7.0183563323870715,
  "image_teacher_action_negative_gap": 0.06419204982471446,
  "image_teacher_delta_cosine": 0.774901889378203,
  "image_teacher_delta_rank": 8.048134643369282,
  "image_teacher_magnitude_ratio": 1.4224820555324118,
  "image_teacher_recall_at_1": 1.0,
  "image_teacher_transition_improvement": 0.20961961743073354,
  "image_to_rna_recall_at_1": 0.8888888888888888,
  "leakage_flag": 0.0,
  "policy": "stratified_program",
  "ridge_floor_delta_cosine": 0.6020884018271545,
  "ridge_floor_delta_rank": 5.66753361820269,
  "ridge_floor_recall_at_1": 0.9629629629629629,
  "ridge_floor_transition_improvement": -0.02083529797363383,
  "rna_to_image_recall_at_1": 0.4444444444444444,
  "seed": 36,
  "source_image_cosine": 0.9916065737991027,
  "source_image_effective_rank": 3.312769790591776,
  "target_effective_rank": 8.800318706986017,
  "target_image_cosine": 0.824075435751105,
  "target_image_effective_rank": 7.002894761853632,
  "transition_image_cosine": 0.9562709106160014
}
