{
  "action_negative_loss": 0.00937500037252903,
  "active_delta_std_dims": 24.0,
  "delta_cosine_train": 0.9461008310317993,
  "delta_variance_loss": 0.0,
  "device_used": "cpu",
  "image_to_rna_loss": 0.02499230019748211,
  "loss": 0.2072853296995163,
  "magnitude_loss": 0.2179630696773529,
  "pca_delta_direction_loss": 0.053899168968200684,
  "relational_loss": 0.015116115100681782,
  "rna_to_image_loss": 0.008574740029871464,
  "source_anchor_cosine": 0.9924442172050476,
  "source_anchor_loss": 0.010656566359102726,
  "source_improvement_hinge": 0.0,
  "steps": 120.0,
  "target_anchor_cosine": 0.9722771644592285,
  "target_anchor_loss": 0.031818028539419174,
  "teacher_delta_direction_loss": 0.24357819557189941,
  "transition_anchor_cosine": 0.9735226631164551,
  "transition_anchor_loss": 0.029366523027420044,
  "transition_loss": 0.07950741052627563,
  "variance_loss": 0.03779786452651024
}
