{
  "device_used": "cpu",
  "final_active_delta_std_dims": 24.0,
  "final_delta_cosine_train": 0.8213285207748413,
  "final_loss": 0.2832816541194916,
  "final_prediction_source_cosine_train": 0.9670119285583496,
  "final_prediction_target_cosine_train": 0.9546194076538086,
  "final_relational_loss": 0.01849944517016411,
  "final_source_improvement_hinge": 0.005624999757856131,
  "relational_weight": 0.2,
  "steps": 120.0
}
