{
  "candidate_eval_image_latent_cosine": 0.7018608800725101,
  "candidate_mean_abs_delta_optimism": 0.07451739021533849,
  "candidate_mean_abs_transition_optimism": 0.047812941365746126,
  "candidate_mean_effective_rank": 4.968371171395312,
  "candidate_minus_f075_delta_cosine_gap": -0.0038095604387587967,
  "candidate_minus_f075_perturbation_probe_gap": -0.007716049382716056,
  "candidate_minus_f075_recall_gap": -0.028806584362139898,
  "candidate_minus_f075_transition_gap": -0.0017277911250557776,
  "candidate_minus_image_delta_cosine_gap": -0.22480216125958496,
  "candidate_minus_image_perturbation_probe_gap": -0.345679012345679,
  "candidate_minus_image_recall_gap": -0.3168724279835391,
  "candidate_minus_image_transition_gap": -0.12255908386582118,
  "candidate_summary": {
    "max_abs_delta_optimism": 0.19310977710997468,
    "max_abs_transition_optimism": 0.12354580257523297,
    "mean_abs_delta_optimism": 0.07451739021533849,
    "mean_abs_transition_optimism": 0.047812941365746126,
    "mean_eval_cell_image_latent_cosine": 0.7018608800725101,
    "mean_eval_effective_rank_z": 4.968371171395312,
    "mean_real_delta_cosine": 0.7403945433923271,
    "mean_real_delta_rank": 4.780550778282118,
    "mean_real_recall_at_1": 0.6831275720164609,
    "mean_real_transition": 0.11361180266822088,
    "mean_train_batch_probe_cv": 0.2623456790123457,
    "mean_train_perturbation_probe_cv": 0.13117283950617284,
    "representation": "rna_condition_centroid_predicted_image_latent",
    "seed_policy_count": 9
  },
  "diagnostic_label": "F076_CONDITION_CENTROID_TEACHER_STILL_LOSES_STRUCTURE",
  "f075_candidate_summary": {
    "max_abs_delta_optimism": 0.18157126023726944,
    "max_abs_transition_optimism": 0.11251137668472139,
    "mean_abs_delta_optimism": 0.0765240276028351,
    "mean_abs_transition_optimism": 0.047468077627256196,
    "mean_eval_cell_image_latent_cosine": 0.6961625482120124,
    "mean_eval_effective_rank_z": 5.415771718775428,
    "mean_real_delta_cosine": 0.7442041038310859,
    "mean_real_delta_rank": 5.138564913929931,
    "mean_real_recall_at_1": 0.7119341563786008,
    "mean_real_transition": 0.11533959379327666,
    "mean_train_batch_probe_cv": 0.2592592592592593,
    "mean_train_perturbation_probe_cv": 0.1388888888888889,
    "representation": "rna_relational_predicted_image_latent",
    "seed_policy_count": 9
  },
  "image_pca_mean_abs_delta_optimism": 0.049570270387477335,
  "image_pca_mean_abs_transition_optimism": 0.014696945177998494,
  "image_pca_summary": {
    "max_abs_delta_optimism": 0.14868730077098713,
    "max_abs_transition_optimism": 0.027852848302330396,
    "mean_abs_delta_optimism": 0.049570270387477335,
    "mean_abs_transition_optimism": 0.014696945177998494,
    "mean_eval_cell_image_latent_cosine": 1.0,
    "mean_eval_effective_rank_z": 6.944036289249385,
    "mean_real_delta_cosine": 0.9651967046519121,
    "mean_real_delta_rank": 3.938511271441266,
    "mean_real_recall_at_1": 1.0,
    "mean_real_transition": 0.23617088653404206,
    "mean_train_batch_probe_cv": 0.30864197530864196,
    "mean_train_perturbation_probe_cv": 0.47685185185185186,
    "representation": "image_train_pca",
    "seed_policy_count": 9
  },
  "leakage_controls": "Condition-centroid image teacher uses train rows only to average train image PCA targets by perturbation_id, cell_line_id, and dose labels. These labels are used only to define train targets, never as model inputs. Eval rows are used only for scoring. No synthetic z_bio, condition_key, biological_key, exact heldout action one-hot, eval target means, or pooled train+test statistics are inputs.",
  "model_promoted": false,
  "observed_mean_abs_delta_optimism": 0.08390419514577224,
  "observed_mean_abs_transition_optimism": 0.06930811709065236,
  "observed_summary": {
    "max_abs_delta_optimism": 0.21088456814634915,
    "max_abs_transition_optimism": 0.23173865483323217,
    "mean_abs_delta_optimism": 0.08390419514577224,
    "mean_abs_transition_optimism": 0.06930811709065236,
    "mean_eval_cell_image_latent_cosine": 0.021238804382752434,
    "mean_eval_effective_rank_z": 7.888215441683916,
    "mean_real_delta_cosine": 0.9193703863700935,
    "mean_real_delta_rank": 7.275552102071973,
    "mean_real_recall_at_1": 0.8765432098765431,
    "mean_real_transition": 0.34965717745838854,
    "mean_train_batch_probe_cv": 0.27469135802469136,
    "mean_train_perturbation_probe_cv": 0.22067901234567902,
    "representation": "observed_rna_train_pca",
    "seed_policy_count": 9
  },
  "source_experiment": "F075",
  "student_embedding_summary": {
    "max_abs_delta_optimism": 0.12178844293601743,
    "max_abs_transition_optimism": 0.1051999914989073,
    "mean_abs_delta_optimism": 0.03266671865800979,
    "mean_abs_transition_optimism": 0.05985857916995506,
    "mean_eval_cell_image_latent_cosine": -0.046239177872013454,
    "mean_eval_effective_rank_z": 5.8624237673359545,
    "mean_real_delta_cosine": 0.8435634349685045,
    "mean_real_delta_rank": 5.969253063692117,
    "mean_real_recall_at_1": 0.7901234567901234,
    "mean_real_transition": 0.15040091772363823,
    "mean_train_batch_probe_cv": 0.24845679012345678,
    "mean_train_perturbation_probe_cv": 0.1743827160493827,
    "representation": "rna_condition_centroid_student_embedding",
    "seed_policy_count": 9
  },
  "teacher_group_cols": [
    "perturbation_id",
    "cell_line_id",
    "dose"
  ],
  "teacher_target": "train_only_condition_centroid_image_pca",
  "train_summary": {
    "mean_active_std_dims": 24.0,
    "mean_final_loss": 0.22010525895489585,
    "mean_relational_loss": 0.13577564226256478,
    "mean_train_prediction_target_cosine": 0.8177011145485772
  }
}
