{
  "global_mean_transition_null_available": 1.0,
  "latent/transition_pred_std_mean": 0.07250430434942245,
  "source_as_target_transition_null_available": 1.0,
  "teacher/pred_norm_mean": 2.6106839179992676,
  "teacher/pred_target_cosine": 0.4394078552722931,
  "teacher/target_norm_mean": 1.0464444160461426
}
