{
  "direct_delta_cosine": 0.8110404111535682,
  "direct_delta_rank": 11.594326188160649,
  "direct_recall_at_1": 0.7037037037037037,
  "direct_transition_improvement": 0.11683629302393095,
  "floor_delta_cosine": 0.9348091301779191,
  "floor_delta_rank": 7.653265271940026,
  "floor_recall_at_1": 0.8888888888888888,
  "floor_transition_improvement": 0.14366915588425286,
  "identity_violation": 0.0,
  "image_target_effective_rank": 5.965925413995415,
  "image_to_rna_recall_at_1": 0.7777777777777778,
  "leakage_flag": 0.0,
  "rna_to_image_recall_at_1": 0.8148148148148148,
  "selected_action_negative_gap": 0.022385561620677466,
  "selected_delta_cosine": 0.9348091301779191,
  "selected_delta_rank": 7.653265271940026,
  "selected_gap_delta_cosine": 0.0,
  "selected_gap_recall": 0.0,
  "selected_gap_transition": 0.0,
  "selected_magnitude_ratio": 1.032848813148596,
  "selected_recall_at_1": 0.8888888888888888,
  "selected_residual_scale": 0.0,
  "selected_train_delta_cosine": 0.9490979256830906,
  "selected_train_recall_at_1": 0.4583333333333333,
  "selected_train_transition_improvement": 0.14541942888185247,
  "selected_transition_improvement": 0.14366915588425286,
  "target_effective_rank": 4.9867390041693875
}
