{
  "action_negative_loss": 0.047710102051496506,
  "active_delta_std_dims": 24.0,
  "delta_cosine_train": 0.6890706419944763,
  "delta_variance_loss": 0.0,
  "device_used": "cuda",
  "image_to_rna_loss": 0.0692272037267685,
  "loss": 150620.65625,
  "magnitude_loss": 2.836958646774292,
  "pca_delta_direction_loss": 0.3109293580055237,
  "relational_loss": 0.021397655829787254,
  "rna_to_image_loss": 0.031179530546069145,
  "source_anchor_cosine": 0.8737343549728394,
  "source_anchor_loss": 114480.703125,
  "source_improvement_hinge": 0.0,
  "steps": 120.0,
  "target_anchor_cosine": 0.8660581707954407,
  "target_anchor_loss": 122839.046875,
  "teacher_delta_direction_loss": 0.5191411375999451,
  "transition_anchor_cosine": 0.9624308943748474,
  "transition_anchor_loss": 122833.2890625,
  "transition_loss": 0.3391019105911255,
  "variance_loss": 0.0016344984760507941
}
