{
  "action_negative_loss": 0.012330541387200356,
  "active_delta_std_dims": 18.0,
  "delta_cosine_train": 0.8255430459976196,
  "delta_variance_loss": 0.0,
  "device_used": "cuda",
  "image_to_rna_loss": 0.019646208733320236,
  "loss": 0.4630280137062073,
  "magnitude_loss": 0.3132515251636505,
  "pca_delta_direction_loss": 0.17445695400238037,
  "relational_loss": 0.08110985159873962,
  "rna_to_image_loss": 0.008434363640844822,
  "source_anchor_cosine": 0.9974839687347412,
  "source_anchor_loss": 0.002952008042484522,
  "source_improvement_hinge": 0.015842925757169724,
  "steps": 600.0,
  "target_anchor_cosine": 0.9919693470001221,
  "target_anchor_loss": 0.012932796031236649,
  "teacher_delta_direction_loss": 0.17241030931472778,
  "transition_anchor_cosine": 0.8133570551872253,
  "transition_anchor_loss": 0.20480425655841827,
  "transition_loss": 0.20212222635746002,
  "variance_loss": 0.0
}
