{
  "action_negative_transition_gap": 0.052066936888433946,
  "direct_delta_cosine": 0.8669816501393761,
  "direct_delta_rank": 10.990488020996716,
  "direct_magnitude_ratio": 0.8445138995420248,
  "direct_recall_at_1": 0.7407407407407407,
  "direct_transition_improvement": 0.5221244931407751,
  "identity_violation": 0.0,
  "image_target_effective_rank": 7.976281045676758,
  "image_to_rna_recall_at_1": 0.7777777777777778,
  "leakage_flag": 0.0,
  "local_floor_gap_delta_cosine": -0.05616821987839682,
  "local_floor_gap_recall": -0.11111111111111116,
  "local_floor_gap_transition": -0.05857967145264176,
  "protected_floor_gap_delta_cosine": 0.4689816501393761,
  "protected_floor_gap_recall": 0.2592407407407407,
  "protected_floor_gap_transition": 0.5164244931407751,
  "ridge_floor_delta_cosine": 0.9231498700177729,
  "ridge_floor_delta_rank": 6.985213363306982,
  "ridge_floor_recall_at_1": 0.8518518518518519,
  "ridge_floor_transition_improvement": 0.5807041645934169,
  "rna_to_image_recall_at_1": 0.5925925925925926,
  "target_effective_rank": 8.606581948095766
}
