{
  "active_gates_pass": true,
  "broken_count": 0.0,
  "diagnostic_label": "F064_TRAIN_SELECTOR_OVERFITS_CONTINUOUS_TRANSITION_GAINS",
  "f063_decision": "F063_TRAIN_CONE_SELECTOR_HELDOUT_BELOW_FLOOR",
  "floor_mean_delta_cosine": 0.8833811735733827,
  "floor_mean_recall": 0.7654320987654321,
  "floor_mean_transition": 0.4318081135936202,
  "heldout_local_floor_preserved": false,
  "heldout_mean_delta_cosine": 0.8832989111543178,
  "heldout_mean_gap_delta_cosine": -8.226241906494902e-05,
  "heldout_mean_gap_recall": 0.0,
  "heldout_mean_gap_transition": -0.0008818234160301863,
  "heldout_mean_recall": 0.7654320987654321,
  "heldout_mean_transition": 0.43092629017758993,
  "heldout_min_gap_delta_cosine": -0.0012100746053923528,
  "heldout_min_gap_recall": 0.0,
  "heldout_min_gap_transition": -0.003157108904245115,
  "heldout_negative_delta_seed_count": 1,
  "heldout_negative_transition_seed_count": 1,
  "mean_delta_gap_generalization": -0.0017791613249408002,
  "mean_recall_gap_generalization": -0.009259259259259233,
  "mean_rowwise_effective_scale": 0.022222222222222223,
  "mean_selected_cone_mix": 0.08333333333333333,
  "mean_transition_gap_generalization": -0.00229381379202117,
  "model_promoted": false,
  "seed_count": 3,
  "seed_rows": [
    {
      "delta_gap_generalization": -0.0001701975276189,
      "direct_delta_cosine": 0.9407144149558812,
      "direct_delta_rank": 9.010550991565466,
      "direct_recall_at_1": 0.6666666666666666,
      "direct_transition_improvement": 0.5417454119746387,
      "floor_delta_cosine": 0.9431525386455052,
      "floor_delta_rank": 6.935585076932139,
      "floor_init_error": 4.402179794027461e-07,
      "floor_recall_at_1": 0.6666666666666666,
      "floor_transition_improvement": 0.5445816542107146,
      "identity_violation": 0.0,
      "image_target_effective_rank": 8.996455832802338,
      "image_to_rna_recall_at_1": 0.6666666666666666,
      "leakage_flag": 0.0,
      "recall_gap_generalization": 0.0,
      "retrieval_broken_count": 0.0,
      "retrieval_broken_mean_delta_cosine_change": 0.0,
      "retrieval_broken_mean_floor_margin": 0.0,
      "retrieval_broken_mean_margin_change": 0.0,
      "retrieval_broken_mean_selected_margin": 0.0,
      "retrieval_broken_mean_transition_gain_change": 0.0,
      "retrieval_broken_near_tie_fraction": 0.0,
      "retrieval_floor_median_rank": 1.0,
      "retrieval_mean_floor_margin": 0.2049348790450373,
      "retrieval_mean_margin_change": -4.351985034328148e-05,
      "retrieval_mean_rank_change": 0.0,
      "retrieval_mean_residual_norm": 0.0103814771781016,
      "retrieval_mean_selected_margin": 0.204891359194694,
      "retrieval_preserved_correct_count": 18.0,
      "retrieval_repaired_count": 0.0,
      "retrieval_row_count": 27.0,
      "retrieval_selected_median_rank": 1.0,
      "retrieval_still_wrong_count": 9.0,
      "rna_to_image_recall_at_1": 0.6296296296296297,
      "rowwise_active_fraction": 0.2962962962962963,
      "rowwise_effective_scale": 0.0148148148148148,
      "rowwise_risk_score_mean": -0.4883854512666259,
      "rowwise_selected_base_scale": 0.05,
      "seed": 34,
      "selected_action_negative_gap": 0.0660919505269783,
      "selected_cone_mix": 0.25,
      "selected_delta_cosine": 0.9432993884679384,
      "selected_delta_rank": 7.025388974568015,
      "selected_gap_delta_cosine": 0.0001468498224331,
      "selected_gap_recall": 0.0,
      "selected_gap_transition": 8.590757067938881e-05,
      "selected_magnitude_ratio": 0.9543325826474224,
      "selected_recall_at_1": 0.6666666666666666,
      "selected_residual_scale": 0.0148148148148148,
      "selected_transition_improvement": 0.544667561781394,
      "target_effective_rank": 7.647189647161062,
      "train_positive_heldout_negative_delta": false,
      "train_positive_heldout_negative_transition": false,
      "train_rowwise_floor_delta_cosine": 0.9658461727019556,
      "train_rowwise_floor_recall_at_1": 0.4861111111111111,
      "train_rowwise_floor_transition": 0.6134445343613452,
      "train_rowwise_selected_active_fraction": 0.25,
      "train_rowwise_selected_broken_count": 0.0,
      "train_rowwise_selected_delta_cosine": 0.9661632200520076,
      "train_rowwise_selected_gap_delta_cosine": 0.000317047350052,
      "train_rowwise_selected_gap_recall": 0.0,
      "train_rowwise_selected_gap_transition": 0.0003939867660769,
      "train_rowwise_selected_near_tie_erosions": 0.0,
      "train_rowwise_selected_near_tie_flips": 0.0,
      "train_rowwise_selected_recall_at_1": 0.4861111111111111,
      "train_rowwise_selected_scale": 0.05,
      "train_rowwise_selected_threshold": -0.2493717078464779,
      "train_rowwise_selected_transition": 0.6138385211274221,
      "train_rowwise_selected_unsafe_count": 27.0,
      "train_selected_cone_was_train_safe": true,
      "train_selected_safe_nonzero": true,
      "transition_gap_generalization": -0.00030807919539751116
    },
    {
      "delta_gap_generalization": -0.0014653220954624,
      "direct_delta_cosine": 0.9599169317491092,
      "direct_delta_rank": 8.639624121878143,
      "direct_recall_at_1": 1.0,
      "direct_transition_improvement": 0.7001462502119042,
      "floor_delta_cosine": 0.904322793117116,
      "floor_delta_rank": 5.955486603087957,
      "floor_init_error": 5.264354490108758e-07,
      "floor_recall_at_1": 0.925925925925926,
      "floor_transition_improvement": 0.6593424893224786,
      "identity_violation": 0.0,
      "image_target_effective_rank": 6.688059040272776,
      "image_to_rna_recall_at_1": 0.8888888888888888,
      "leakage_flag": 0.0,
      "recall_gap_generalization": 0.0,
      "retrieval_broken_count": 0.0,
      "retrieval_broken_mean_delta_cosine_change": 0.0,
      "retrieval_broken_mean_floor_margin": 0.0,
      "retrieval_broken_mean_margin_change": 0.0,
      "retrieval_broken_mean_selected_margin": 0.0,
      "retrieval_broken_mean_transition_gain_change": 0.0,
      "retrieval_broken_near_tie_fraction": 0.0,
      "retrieval_floor_median_rank": 1.0,
      "retrieval_mean_floor_margin": 0.1113684494193985,
      "retrieval_mean_margin_change": -0.0003698022600333,
      "retrieval_mean_rank_change": 0.0,
      "retrieval_mean_residual_norm": 0.0264483061543024,
      "retrieval_mean_selected_margin": 0.1109986471593652,
      "retrieval_preserved_correct_count": 25.0,
      "retrieval_repaired_count": 0.0,
      "retrieval_row_count": 27.0,
      "retrieval_selected_median_rank": 1.0,
      "retrieval_still_wrong_count": 2.0,
      "rna_to_image_recall_at_1": 0.7777777777777778,
      "rowwise_active_fraction": 0.3703703703703703,
      "rowwise_effective_scale": 0.0185185185185185,
      "rowwise_risk_score_mean": -0.6838335851913128,
      "rowwise_selected_base_scale": 0.05,
      "seed": 35,
      "selected_action_negative_gap": 0.1201845777240608,
      "selected_cone_mix": 0.0,
      "selected_delta_cosine": 0.9051392306428804,
      "selected_delta_rank": 6.082597491056147,
      "selected_gap_delta_cosine": 0.0008164375257643,
      "selected_gap_recall": 0.0,
      "selected_gap_transition": 0.0004257310854751,
      "selected_magnitude_ratio": 0.9663162299957396,
      "selected_recall_at_1": 0.925925925925926,
      "selected_residual_scale": 0.0185185185185185,
      "selected_transition_improvement": 0.6597682204079538,
      "target_effective_rank": 6.650924281298532,
      "train_positive_heldout_negative_delta": false,
      "train_positive_heldout_negative_transition": false,
      "train_rowwise_floor_delta_cosine": 0.9259853263364556,
      "train_rowwise_floor_recall_at_1": 0.5,
      "train_rowwise_floor_transition": 0.6276086396938249,
      "train_rowwise_selected_active_fraction": 0.3611111111111111,
      "train_rowwise_selected_broken_count": 0.0,
      "train_rowwise_selected_delta_cosine": 0.9282670859576824,
      "train_rowwise_selected_gap_delta_cosine": 0.0022817596212267,
      "train_rowwise_selected_gap_recall": 0.0,