{
  "floor_delta_cosine": 0.9200586293997617,
  "floor_recall_at_1": 0.8148148148148148,
  "floor_transition_improvement": 0.5571293539076213,
  "identity_violation": 0.0,
  "leakage_flag": 0.0,
  "oracle_broken_count": 0.0,
  "oracle_delta_cosine": 0.9480959910566845,
  "oracle_delta_rank": 8.221040427936106,
  "oracle_gap_delta_cosine": 0.028037361656922832,
  "oracle_gap_recall": 0.0,
  "oracle_gap_transition": 0.011067903571601923,
  "oracle_magnitude_ratio": 1.0807193685285783,
  "oracle_mean_margin_change": 0.0068936080693977235,
  "oracle_nonzero": true,
  "oracle_recall_at_1": 0.8148148148148148,
  "oracle_repaired_count": 0.0,
  "oracle_safe_scale": 0.75,
  "oracle_transition_improvement": 0.5681972574792232,
  "seed": 4
}
