{
  "action_negative_transition_gap": 0.04151852520085732,
  "benchmark": "synth_program_aligned_extrapolative_holdout_lite",
  "calibrated_action_negative_gap": 0.057330906610388255,
  "calibrated_delta_cosine": 0.9446241771838747,
  "calibrated_delta_cosine_gain": 0.181082299810861,
  "calibrated_delta_rank": 6.848182753157886,
  "calibrated_magnitude_ratio": 1.0185800130650646,
  "calibrated_recall_at_1": 1.0,
  "calibrated_recall_gain": 0.0,
  "calibrated_transition_gain": 0.016507220014529395,
  "calibrated_transition_improvement": 0.2043271701754121,
  "direct_delta_cosine": 0.7818370562252879,
  "direct_delta_rank": 7.972868439712117,
  "direct_magnitude_ratio": 1.1789371344947308,
  "direct_recall_at_1": 0.9629629629629629,
  "direct_transition_improvement": 0.10515976883613982,
  "identity_violation": 0.0,
  "image_target_effective_rank": 8.103214277167435,
  "image_teacher_action_negative_gap": 0.05460574385254938,
  "image_teacher_delta_cosine": 0.7635418773730137,
  "image_teacher_delta_rank": 8.174390685650222,
  "image_teacher_magnitude_ratio": 1.6623533170535836,
  "image_teacher_recall_at_1": 1.0,
  "image_teacher_transition_improvement": 0.1878199501608827,
  "image_to_rna_recall_at_1": 1.0,
  "leakage_flag": 0.0,
  "policy": "extrapolative_index",
  "ridge_floor_delta_cosine": 0.7739033512664716,
  "ridge_floor_delta_rank": 5.638027114259568,
  "ridge_floor_recall_at_1": 0.8888888888888888,
  "ridge_floor_transition_improvement": 0.08394654690948876,
  "rna_to_image_recall_at_1": 0.7037037037037037,
  "seed": 41,
  "source_image_cosine": 0.9929456749678919,
  "source_image_effective_rank": 3.4939571894301054,
  "target_effective_rank": 9.707313828019839,
  "target_image_cosine": 0.8738867790390913,
  "target_image_effective_rank": 7.033838548635067,
  "train_calibrated_delta_cosine": 0.9869824944130495,
  "train_calibrated_delta_rank": 8.353351370045653,
  "train_calibrated_magnitude_ratio": 0.9875152576122022,
  "train_calibrated_recall_at_1": 0.5,
  "train_calibrated_transition_improvement": 0.2353840805869367,
  "train_raw_delta_cosine": 0.7583487928844644,
  "train_raw_delta_rank": 9.913053769245776,
  "train_raw_recall_at_1": 0.5,
  "train_raw_transition_improvement": 0.21447338433596747,
  "transition_image_cosine": 0.9596623306209218
}
