{
  "action_negative_loss": 0.01718750037252903,
  "active_delta_std_dims": 24.0,
  "delta_cosine_train": 0.9482208490371704,
  "delta_variance_loss": 0.0,
  "device_used": "cpu",
  "image_to_rna_loss": 0.02357788383960724,
  "loss": 0.17628134787082672,
  "magnitude_loss": 0.34053391218185425,
  "pca_delta_direction_loss": 0.05177915096282959,
  "relational_loss": 0.012721182778477669,
  "rna_to_image_loss": 0.006386226508766413,
  "source_anchor_cosine": 0.9933610558509827,
  "source_anchor_loss": 0.010757919400930405,
  "source_improvement_hinge": 0.0,
  "steps": 120.0,
  "target_anchor_cosine": 0.9756165742874146,
  "target_anchor_loss": 0.028297651559114456,
  "teacher_delta_direction_loss": 0.1861865520477295,
  "transition_anchor_cosine": 0.9746167659759521,
  "transition_anchor_loss": 0.029374802485108376,
  "transition_loss": 0.052869196981191635,
  "variance_loss": 0.0418144166469574
}
