{
  "action_negative_loss": 0.042774081230163574,
  "active_delta_std_dims": 24.0,
  "delta_cosine_train": 0.06512656062841415,
  "delta_variance_loss": 0.0,
  "device_used": "cuda",
  "image_to_rna_loss": 0.18136775493621826,
  "loss": 2889160.0,
  "magnitude_loss": 6.446723937988281,
  "pca_delta_direction_loss": 0.9348734617233276,
  "relational_loss": 0.37154704332351685,
  "rna_to_image_loss": 0.04117221757769585,
  "source_anchor_cosine": 0.9282957911491394,
  "source_anchor_loss": 4862.83740234375,
  "source_improvement_hinge": 0.008317180909216404,
  "steps": 120.0,
  "target_anchor_cosine": 0.7733472585678101,
  "target_anchor_loss": 3208064.0,
  "teacher_delta_direction_loss": 0.2140345573425293,
  "transition_anchor_cosine": 0.8734848499298096,
  "transition_anchor_loss": 3208396.0,
  "transition_loss": 0.31348270177841187,
  "variance_loss": 0.003422132693231106
}
