{
  "active_gates_pass": true,
  "broken_count": 0.0,
  "diagnostic_label": "F066_TRAIN_ACTION_HELDOUT_STILL_OPTIMISTIC_FOR_REAL_HELDOUT",
  "f065_decision": "F065_ACTION_HELDOUT_GATE_HELDOUT_BELOW_FLOOR",
  "heldout_local_floor_preserved": false,
  "inner_fold_count": 120,
  "inner_gate_safe_nonzero_fraction": 1.0,
  "inner_mean_gap_delta_cosine": 0.004129262020374576,
  "inner_mean_gap_transition": 0.003880323658053115,
  "inner_min_gap_delta_cosine": 0.001021271041269145,
  "inner_min_gap_transition": 0.0006452559163925842,
  "inner_real_delta_gap_corr": 0.13155724209600558,
  "inner_real_transition_gap_corr": 0.1326272174246609,
  "inner_safe_cone_count": 11,
  "mean_inner_minus_real_delta_gap": 0.004212848369449533,
  "mean_inner_minus_real_transition_gap": 0.004753675328030708,
  "model_promoted": false,
  "real_direction_support_gap": -0.013426366598448869,
  "real_direction_support_margin": 1.0421971351736121,
  "real_mean_gap_delta_cosine": -8.358634907497849e-05,
  "real_mean_gap_transition": -0.0008733516699776326,
  "real_min_gap_delta_cosine": -0.0009325085657219123,
  "real_min_gap_transition": -0.002939818923693105,
  "seed_count": 3,
  "seed_rows": [
    {
      "direct_delta_cosine": 0.9112797905636956,
      "direct_delta_rank": 10.2832611756304,
      "direct_recall_at_1": 0.7407407407407407,
      "direct_transition_improvement": 0.5037039717378603,
      "floor_delta_cosine": 0.9079231000189124,
      "floor_delta_rank": 7.141733924637492,
      "floor_init_error": 3.6706384243245793e-07,
      "floor_recall_at_1": 0.6666666666666666,
      "floor_transition_improvement": 0.5029929658514986,
      "identity_violation": 0.0,
      "image_target_effective_rank": 9.683034385632562,
      "image_to_rna_recall_at_1": 0.8148148148148148,
      "inner_gate_safe_nonzero": true,
      "inner_minus_real_delta_gap": 0.0027971183722562,
      "inner_minus_real_transition_gap": 0.002322618544005326,
      "inner_selected_broken_count": 0.0,
      "inner_selected_mean_gap_delta_cosine": 0.0030092840590206,
      "inner_selected_mean_gap_transition": 0.0023581589328288,
      "inner_selected_min_gap_delta_cosine": 0.0019160756755207,
      "inner_selected_min_gap_recall": 0.0,
      "inner_selected_min_gap_transition": 0.0008577622983338,
      "inner_selected_nonzero_fraction": 1.0,
      "leakage_flag": 0.0,
      "retrieval_broken_count": 0.0,
      "retrieval_broken_mean_delta_cosine_change": 0.0,
      "retrieval_broken_mean_floor_margin": 0.0,
      "retrieval_broken_mean_margin_change": 0.0,
      "retrieval_broken_mean_selected_margin": 0.0,
      "retrieval_broken_mean_transition_gain_change": 0.0,
      "retrieval_broken_near_tie_fraction": 0.0,
      "retrieval_floor_median_rank": 1.0,
      "retrieval_mean_floor_margin": 0.1913488036151709,
      "retrieval_mean_margin_change": -9.42362398232113e-05,
      "retrieval_mean_rank_change": 0.0,
      "retrieval_mean_residual_norm": 0.0081708202075781,
      "retrieval_mean_selected_margin": 0.1912545673753477,
      "retrieval_preserved_correct_count": 18.0,
      "retrieval_repaired_count": 0.0,
      "retrieval_row_count": 27.0,
      "retrieval_selected_median_rank": 1.0,
      "retrieval_still_wrong_count": 9.0,
      "rna_to_image_recall_at_1": 0.6666666666666666,
      "rowwise_active_fraction": 0.1851851851851851,
      "rowwise_effective_scale": 0.0092592592592592,
      "rowwise_risk_score_mean": -0.3127289316744188,
      "rowwise_selected_base_scale": 0.05,
      "seed": 34,
      "selected_action_negative_gap": 0.0642300290111531,
      "selected_cone_mix": 0.0,
      "selected_delta_cosine": 0.9081352657056768,
      "selected_delta_rank": 7.22534850395313,
      "selected_gap_delta_cosine": 0.0002121656867644,
      "selected_gap_recall": 0.0,
      "selected_gap_transition": 3.554038882347399e-05,
      "selected_magnitude_ratio": 1.0220485528222627,
      "selected_recall_at_1": 0.6666666666666666,
      "selected_residual_scale": 0.0092592592592592,
      "selected_transition_improvement": 0.503028506240322,
      "target_effective_rank": 8.427407493576375,
      "train_action_positive_real_negative_delta": false,
      "train_action_positive_real_negative_transition": false,
      "train_rowwise_floor_delta_cosine": 0.9557648041392852,
      "train_rowwise_floor_recall_at_1": 0.5,
      "train_rowwise_floor_transition": 0.6273727129142994,
      "train_rowwise_selected_active_fraction": 0.1666666666666666,
      "train_rowwise_selected_broken_count": 0.0,
      "train_rowwise_selected_delta_cosine": 0.9562281678965798,
      "train_rowwise_selected_gap_delta_cosine": 0.0004633637572946,
      "train_rowwise_selected_gap_recall": 0.0,
      "train_rowwise_selected_gap_transition": 0.0003518526672084,
      "train_rowwise_selected_near_tie_erosions": 0.0,
      "train_rowwise_selected_near_tie_flips": 0.0,
      "train_rowwise_selected_recall_at_1": 0.5,
      "train_rowwise_selected_scale": 0.05,
      "train_rowwise_selected_threshold": -1.104474754522311,
      "train_rowwise_selected_transition": 0.6277245655815079,
      "train_rowwise_selected_unsafe_count": 29.0
    },
    {
      "direct_delta_cosine": 0.9632192927510708,
      "direct_delta_rank": 7.033760878726791,
      "direct_recall_at_1": 0.8888888888888888,
      "direct_transition_improvement": 0.6990249111206028,
      "floor_delta_cosine": 0.9244966469013084,
      "floor_delta_rank": 5.18503368940262,
      "floor_init_error": 7.598325814095475e-07,
      "floor_recall_at_1": 0.8888888888888888,
      "floor_transition_improvement": 0.6647616525017305,
      "identity_violation": 0.0,
      "image_target_effective_rank": 7.088991903582171,
      "image_to_rna_recall_at_1": 0.8148148148148148,
      "inner_gate_safe_nonzero": true,
      "inner_minus_real_delta_gap": 0.0047273695256793,
      "inner_minus_real_transition_gap": 0.0052345720453331,
      "inner_selected_broken_count": 0.0,
      "inner_selected_mean_gap_delta_cosine": 0.0051969533574118,
      "inner_selected_mean_gap_transition": 0.0055187955702698,
      "inner_selected_min_gap_delta_cosine": 0.0010212710412691,
      "inner_selected_min_gap_recall": 0.0,
      "inner_selected_min_gap_transition": 0.0024029277543208,
      "inner_selected_nonzero_fraction": 1.0,
      "leakage_flag": 0.0,
      "retrieval_broken_count": 0.0,
      "retrieval_broken_mean_delta_cosine_change": 0.0,
      "retrieval_broken_mean_floor_margin": 0.0,
      "retrieval_broken_mean_margin_change": 0.0,
      "retrieval_broken_mean_selected_margin": 0.0,
      "retrieval_broken_mean_transition_gain_change": 0.0,
      "retrieval_broken_near_tie_fraction": 0.0,
      "retrieval_floor_median_rank": 1.0,
      "retrieval_mean_floor_margin": 0.1099246989641068,
      "retrieval_mean_margin_change": -0.000133543885544,
      "retrieval_mean_rank_change": 0.0,
      "retrieval_mean_residual_norm": 0.0237322548929784,
      "retrieval_mean_selected_margin": 0.1097911550785628,
      "retrieval_preserved_correct_count": 24.0,
      "retrieval_repaired_count": 0.0,
      "retrieval_row_count": 27.0,
      "retrieval_selected_median_rank": 1.0,
      "retrieval_still_wrong_count": 3.0,
      "rna_to_image_recall_at_1": 0.6296296296296297,
      "rowwise_active_fraction": 0.3703703703703703,
      "rowwise_effective_scale": 0.0185185185185185,
      "rowwise_risk_score_mean": -0.5869988774433826,
      "rowwise_selected_base_scale": 0.05,
      "seed": 35,
      "selected_action_negative_gap": 0.1260803661759397,
      "selected_cone_mix": 0.0,
      "selected_delta_cosine": 0.924966230733041,
      "selected_delta_rank": 5.274723263848486,
      "selected_gap_delta_cosine": 0.0004695838317325,
      "selected_gap_recall": 0.0,
      "selected_gap_transition": 0.0002842235249367,
      "selected_magnitude_ratio": 0.971445257558557,
      "selected_recall_at_1": 0.8888888888888888,
      "selected_residual_scale": 0.0185185185185185,