seed	loss	transition_loss	delta_direction_loss	source_improvement_hinge	rna_to_image_loss	image_to_rna_loss	pca_anchor_loss	action_negative_loss	variance_loss	mean_positive_transition_cosine	mean_negative_transition_cosine
0	0.12838214635849	0.03142554312944412	0.04181993007659912	0.0	0.0071952324360609055	0.01012422889471054	0.3156030476093292	0.020891744643449783	0.0007370617240667343	0.9746823310852051	0.8415267467498779
1	0.16421817243099213	0.05136023834347725	0.05618488788604736	0.0006736000068485737	0.008147129788994789	0.01364117581397295	0.31673169136047363	0.024656957015395164	0.00047400096082128584	0.9604076743125916	0.848053514957428
2	0.20435382425785065	0.05768632888793945	0.07269322872161865	0.00020641705486923456	0.010339522734284401	0.013924619182944298	0.45706692337989807	0.011010449379682541	0.0	0.9517887830734253	0.8027885556221008
