{
  "direct_delta_cosine": 0.9112797905636955,
  "direct_delta_rank": 10.2832611756304,
  "direct_recall_at_1": 0.7407407407407407,
  "direct_transition_improvement": 0.5037039717378603,
  "floor_delta_cosine": 0.9079231000189124,
  "floor_delta_rank": 7.141733924637492,
  "floor_init_error": 3.6706384243245793e-07,
  "floor_recall_at_1": 0.6666666666666666,
  "floor_transition_improvement": 0.5029929658514986,
  "identity_violation": 0.0,
  "image_target_effective_rank": 9.683034385632562,
  "image_to_rna_recall_at_1": 0.8148148148148148,
  "inner_gate_safe_nonzero": true,
  "inner_selected_broken_count": 0.0,
  "inner_selected_mean_gap_delta_cosine": 0.003009284059020609,
  "inner_selected_mean_gap_transition": 0.0023581589328288133,
  "inner_selected_min_gap_delta_cosine": 0.0019160756755207675,
  "inner_selected_min_gap_recall": 0.0,
  "inner_selected_min_gap_transition": 0.0008577622983338973,
  "inner_selected_nonzero_fraction": 1.0,
  "leakage_flag": 0.0,
  "retrieval_broken_count": 0.0,
  "retrieval_broken_mean_delta_cosine_change": 0.0,
  "retrieval_broken_mean_floor_margin": 0.0,
  "retrieval_broken_mean_margin_change": 0.0,
  "retrieval_broken_mean_selected_margin": 0.0,
  "retrieval_broken_mean_transition_gain_change": 0.0,
  "retrieval_broken_near_tie_fraction": 0.0,
  "retrieval_floor_median_rank": 1.0,
  "retrieval_mean_floor_margin": 0.19134880361517095,
  "retrieval_mean_margin_change": -9.42362398232113e-05,
  "retrieval_mean_rank_change": 0.0,
  "retrieval_mean_residual_norm": 0.008170820207578125,
  "retrieval_mean_selected_margin": 0.19125456737534774,
  "retrieval_preserved_correct_count": 18.0,
  "retrieval_repaired_count": 0.0,
  "retrieval_row_count": 27.0,
  "retrieval_selected_median_rank": 1.0,
  "retrieval_still_wrong_count": 9.0,
  "rna_to_image_recall_at_1": 0.6666666666666666,
  "rowwise_active_fraction": 0.18518518518518517,
  "rowwise_effective_scale": 0.009259259259259259,
  "rowwise_risk_score_mean": -0.31272893167441884,
  "rowwise_selected_base_scale": 0.05,
  "seed": 34,
  "selected_action_negative_gap": 0.06423002901115316,
  "selected_cone_mix": 0.0,
  "selected_delta_cosine": 0.9081352657056768,
  "selected_delta_rank": 7.22534850395313,
  "selected_gap_delta_cosine": 0.0002121656867644095,
  "selected_gap_recall": 0.0,
  "selected_gap_transition": 3.554038882347399e-05,
  "selected_magnitude_ratio": 1.0220485528222627,
  "selected_recall_at_1": 0.6666666666666666,
  "selected_residual_scale": 0.009259259259259259,
  "selected_transition_improvement": 0.503028506240322,
  "target_effective_rank": 8.427407493576375,
  "train_rowwise_floor_delta_cosine": 0.9557648041392852,
  "train_rowwise_floor_recall_at_1": 0.5,
  "train_rowwise_floor_transition": 0.6273727129142994,
  "train_rowwise_selected_active_fraction": 0.16666666666666666,
  "train_rowwise_selected_broken_count": 0.0,
  "train_rowwise_selected_delta_cosine": 0.9562281678965798,
  "train_rowwise_selected_gap_delta_cosine": 0.0004633637572946103,
  "train_rowwise_selected_gap_recall": 0.0,
  "train_rowwise_selected_gap_transition": 0.0003518526672084965,
  "train_rowwise_selected_near_tie_erosions": 0.0,
  "train_rowwise_selected_near_tie_flips": 0.0,
  "train_rowwise_selected_recall_at_1": 0.5,
  "train_rowwise_selected_scale": 0.05,
  "train_rowwise_selected_threshold": -1.104474754522311,
  "train_rowwise_selected_transition": 0.6277245655815079,
  "train_rowwise_selected_unsafe_count": 29.0
}
