{
  "base_action_negative_loss": 0.009077155031263828,
  "base_delta_direction_loss": 0.052997469902038574,
  "base_image_to_rna_loss": 0.02367013320326805,
  "base_loss": 0.1460450291633606,
  "base_mean_negative_transition_cosine": 0.35610711574554443,
  "base_mean_positive_transition_cosine": 0.9584211707115173,
  "base_pca_anchor_loss": 0.2296026647090912,
  "base_rna_to_image_loss": 0.007758962456136942,
  "base_source_improvement_hinge": 0.0,
  "base_transition_loss": 0.04425188899040222,
  "base_variance_loss": 0.00042724734521470964,
  "head_head_delta_loss": 0.012002408504486084,
  "head_head_endpoint_loss": 0.012412965297698975,
  "head_head_floor_delta_hinge": 0.0,
  "head_head_floor_endpoint_hinge": 0.00012227747356519103,
  "head_head_loss": 0.024465475231409073,
  "head_head_residual_norm": 0.0006322209956124425,
  "head_head_residual_scale": 0.9927728176116943,
  "inner_gate_safe_nonzero": true,
  "inner_selection_label": "inner_action_heldout_safe_nonzero",
  "seed": 34,
  "selected_cone_mix": 0.0
}
