{
  "action_negative_loss": 0.005357143469154835,
  "active_delta_std_dims": 24.0,
  "delta_cosine_train": 0.9841817617416382,
  "delta_variance_loss": 0.0,
  "device_used": "cuda",
  "image_to_rna_loss": 0.057019513100385666,
  "loss": 0.0926416739821434,
  "magnitude_loss": 0.13743232190608978,
  "pca_delta_direction_loss": 0.015818238258361816,
  "relational_loss": 0.0036557763814926147,
  "rna_to_image_loss": 0.0016928714467212558,
  "source_anchor_cosine": 0.9997996091842651,
  "source_anchor_loss": 0.0002247165102744475,
  "source_improvement_hinge": 0.0,
  "steps": 120.0,
  "target_anchor_cosine": 0.9953485131263733,
  "target_anchor_loss": 0.01693502441048622,
  "teacher_delta_direction_loss": 0.06374436616897583,
  "transition_anchor_cosine": 0.9875748753547668,
  "transition_anchor_loss": 0.024426091462373734,
  "transition_loss": 0.027928967028856277,
  "variance_loss": 0.0022144790273159742
}
