{
  "candidate_eval_image_latent_cosine": 0.6961625482120124,
  "candidate_mean_abs_delta_optimism": 0.0765240276028351,
  "candidate_mean_abs_transition_optimism": 0.047468077627256196,
  "candidate_mean_effective_rank": 5.415771718775428,
  "candidate_minus_f073_delta_cosine_gap": 0.0020778953581915838,
  "candidate_minus_f073_perturbation_probe_gap": 0.007716049382716056,
  "candidate_minus_f073_recall_gap": 0.04526748971193417,
  "candidate_minus_f073_transition_gap": -0.00497369684781189,
  "candidate_minus_image_delta_cosine_gap": -0.22099260082082617,
  "candidate_minus_image_perturbation_probe_gap": -0.33796296296296297,
  "candidate_minus_image_recall_gap": -0.2880658436213992,
  "candidate_minus_image_transition_gap": -0.1208312927407654,
  "candidate_summary": {
    "max_abs_delta_optimism": 0.18157126023726944,
    "max_abs_transition_optimism": 0.11251137668472139,
    "mean_abs_delta_optimism": 0.0765240276028351,
    "mean_abs_transition_optimism": 0.047468077627256196,
    "mean_eval_cell_image_latent_cosine": 0.6961625482120124,
    "mean_eval_effective_rank_z": 5.415771718775428,
    "mean_real_delta_cosine": 0.7442041038310859,
    "mean_real_delta_rank": 5.138564913929931,
    "mean_real_recall_at_1": 0.7119341563786008,
    "mean_real_transition": 0.11533959379327666,
    "mean_train_batch_probe_cv": 0.2592592592592593,
    "mean_train_perturbation_probe_cv": 0.1388888888888889,
    "representation": "rna_relational_predicted_image_latent",
    "seed_policy_count": 9
  },
  "diagnostic_label": "F075_RELATIONAL_IMAGE_TEACHER_STILL_LOSES_STRUCTURE",
  "f073_candidate_summary": {
    "max_abs_delta_optimism": 0.21114801094508973,
    "max_abs_transition_optimism": 0.1376679396534598,
    "mean_abs_delta_optimism": 0.07454739545372312,
    "mean_abs_transition_optimism": 0.049724756216931475,
    "mean_eval_cell_image_latent_cosine": 0.7020791819273168,
    "mean_eval_effective_rank_z": 4.608700589463766,
    "mean_real_delta_cosine": 0.7421262084728943,
    "mean_real_delta_rank": 4.611544138265251,
    "mean_real_recall_at_1": 0.6666666666666666,
    "mean_real_transition": 0.12031329064108855,
    "mean_train_batch_probe_cv": 0.26851851851851855,
    "mean_train_perturbation_probe_cv": 0.13117283950617284,
    "representation": "rna_student_predicted_image_latent",
    "seed_policy_count": 9
  },
  "image_pca_mean_abs_delta_optimism": 0.049570270387477335,
  "image_pca_mean_abs_transition_optimism": 0.014696945177998494,
  "image_pca_summary": {
    "max_abs_delta_optimism": 0.14868730077098713,
    "max_abs_transition_optimism": 0.027852848302330396,
    "mean_abs_delta_optimism": 0.049570270387477335,
    "mean_abs_transition_optimism": 0.014696945177998494,
    "mean_eval_cell_image_latent_cosine": 1.0,
    "mean_eval_effective_rank_z": 6.944036289249385,
    "mean_real_delta_cosine": 0.9651967046519121,
    "mean_real_delta_rank": 3.938511271441266,
    "mean_real_recall_at_1": 1.0,
    "mean_real_transition": 0.23617088653404206,
    "mean_train_batch_probe_cv": 0.30864197530864196,
    "mean_train_perturbation_probe_cv": 0.47685185185185186,
    "representation": "image_train_pca",
    "seed_policy_count": 9
  },
  "leakage_controls": "Relational RNA student trains on train rows only against stop-gradient train-only image PCA targets. The pairwise similarity loss uses only train-batch teacher similarities. Eval rows are used only for scoring. No synthetic z_bio, condition_key, biological_key, exact heldout action one-hot, eval target means, or pooled train+test statistics are inputs.",
  "model_promoted": false,
  "observed_mean_abs_delta_optimism": 0.08390419514577224,
  "observed_mean_abs_transition_optimism": 0.06930811709065236,
  "observed_summary": {
    "max_abs_delta_optimism": 0.21088456814634915,
    "max_abs_transition_optimism": 0.23173865483323217,
    "mean_abs_delta_optimism": 0.08390419514577224,
    "mean_abs_transition_optimism": 0.06930811709065236,
    "mean_eval_cell_image_latent_cosine": 0.021238804382752434,
    "mean_eval_effective_rank_z": 7.888215441683916,
    "mean_real_delta_cosine": 0.9193703863700935,
    "mean_real_delta_rank": 7.275552102071973,
    "mean_real_recall_at_1": 0.8765432098765431,
    "mean_real_transition": 0.34965717745838854,
    "mean_train_batch_probe_cv": 0.27469135802469136,
    "mean_train_perturbation_probe_cv": 0.22067901234567902,
    "representation": "observed_rna_train_pca",
    "seed_policy_count": 9
  },
  "source_experiment": "F074",
  "student_embedding_summary": {
    "max_abs_delta_optimism": 0.11851806910813112,
    "max_abs_transition_optimism": 0.10066666539304253,
    "mean_abs_delta_optimism": 0.033271429595115976,
    "mean_abs_transition_optimism": 0.05862807729234776,
    "mean_eval_cell_image_latent_cosine": -0.0502572891243151,
    "mean_eval_effective_rank_z": 6.143869167926438,
    "mean_real_delta_cosine": 0.8433375291096504,
    "mean_real_delta_rank": 6.162065052115811,
    "mean_real_recall_at_1": 0.8024691358024691,
    "mean_real_transition": 0.15057476400268677,
    "mean_train_batch_probe_cv": 0.25308641975308643,
    "mean_train_perturbation_probe_cv": 0.1728395061728395,
    "representation": "rna_relational_student_embedding",
    "seed_policy_count": 9
  },
  "train_summary": {
    "mean_active_std_dims": 24.0,
    "mean_final_loss": 0.2614627463950051,
    "mean_relational_loss": 0.12312284691466226,
    "mean_train_prediction_target_cosine": 0.8043514755037096
  }
}
