{
  "direct_delta_cosine": 0.9599169317491092,
  "direct_delta_rank": 8.639624121878143,
  "direct_recall_at_1": 1.0,
  "direct_transition_improvement": 0.7001462502119042,
  "floor_delta_cosine": 0.904322793117116,
  "floor_delta_rank": 5.955486603087957,
  "floor_init_error": 5.264354490108758e-07,
  "floor_recall_at_1": 0.9259259259259259,
  "floor_transition_improvement": 0.6593424893224786,
  "identity_violation": 0.0,
  "image_target_effective_rank": 6.688059040272776,
  "image_to_rna_recall_at_1": 0.8888888888888888,
  "leakage_flag": 0.0,
  "retrieval_broken_count": 0.0,
  "retrieval_broken_mean_delta_cosine_change": 0.0,
  "retrieval_broken_mean_floor_margin": 0.0,
  "retrieval_broken_mean_margin_change": 0.0,
  "retrieval_broken_mean_selected_margin": 0.0,
  "retrieval_broken_mean_transition_gain_change": 0.0,
  "retrieval_broken_near_tie_fraction": 0.0,
  "retrieval_floor_median_rank": 1.0,
  "retrieval_mean_floor_margin": 0.11136844941939851,
  "retrieval_mean_margin_change": -0.00036980226003330903,
  "retrieval_mean_rank_change": 0.0,
  "retrieval_mean_residual_norm": 0.02644830615430249,
  "retrieval_mean_selected_margin": 0.1109986471593652,
  "retrieval_preserved_correct_count": 25.0,
  "retrieval_repaired_count": 0.0,
  "retrieval_row_count": 27.0,
  "retrieval_selected_median_rank": 1.0,
  "retrieval_still_wrong_count": 2.0,
  "rna_to_image_recall_at_1": 0.7777777777777778,
  "rowwise_active_fraction": 0.37037037037037035,
  "rowwise_effective_scale": 0.018518518518518517,
  "rowwise_risk_score_mean": -0.6838335851913128,
  "rowwise_selected_base_scale": 0.05,
  "seed": 35,
  "selected_action_negative_gap": 0.12018457772406088,
  "selected_cone_mix": 0.0,
  "selected_delta_cosine": 0.9051392306428804,
  "selected_delta_rank": 6.082597491056147,
  "selected_gap_delta_cosine": 0.0008164375257643242,
  "selected_gap_recall": 0.0,
  "selected_gap_transition": 0.00042573108547516725,
  "selected_magnitude_ratio": 0.9663162299957396,
  "selected_recall_at_1": 0.9259259259259259,
  "selected_residual_scale": 0.018518518518518517,
  "selected_transition_improvement": 0.6597682204079538,
  "target_effective_rank": 6.650924281298532,
  "train_rowwise_floor_delta_cosine": 0.9259853263364555,
  "train_rowwise_floor_recall_at_1": 0.5,
  "train_rowwise_floor_transition": 0.6276086396938249,
  "train_rowwise_selected_active_fraction": 0.3611111111111111,
  "train_rowwise_selected_broken_count": 0.0,
  "train_rowwise_selected_delta_cosine": 0.9282670859576823,
  "train_rowwise_selected_gap_delta_cosine": 0.0022817596212267865,
  "train_rowwise_selected_gap_recall": 0.0,
  "train_rowwise_selected_gap_transition": 0.0015963655871966687,
  "train_rowwise_selected_near_tie_erosions": 0.0,
  "train_rowwise_selected_near_tie_flips": 0.0,
  "train_rowwise_selected_recall_at_1": 0.5,
  "train_rowwise_selected_scale": 0.05,
  "train_rowwise_selected_threshold": -0.5891913175311679,
  "train_rowwise_selected_transition": 0.6292050052810215,
  "train_rowwise_selected_unsafe_count": 22.0,
  "train_selected_safe_nonzero": true
}
