{
  "base_action_negative_loss": 0.01561465673148632,
  "base_delta_direction_loss": 0.0431099534034729,
  "base_image_to_rna_loss": 0.032800592482089996,
  "base_loss": 0.1558397114276886,
  "base_mean_negative_transition_cosine": 0.08719402551651001,
  "base_mean_positive_transition_cosine": 0.9571872353553772,
  "base_pca_anchor_loss": 0.28690382838249207,
  "base_rna_to_image_loss": 0.00651252968236804,
  "base_source_improvement_hinge": 0.0,
  "base_transition_loss": 0.04639548063278198,
  "base_variance_loss": 0.001873225555755198,
  "head_head_delta_loss": 0.015592813491821289,
  "head_head_endpoint_loss": 0.018030762672424316,
  "head_head_floor_delta_hinge": 1.2174652511021122e-05,
  "head_head_floor_endpoint_hinge": 8.27799885882996e-06,
  "head_head_loss": 0.03362775966525078,
  "head_head_residual_norm": 0.0011652534594759345,
  "head_head_residual_scale": 1.023428201675415,
  "seed": 35
}
