{
  "cache_dir": "outputs/autoresearch_bioflow_jepa_phase4/delta_operator_audit",
  "cache_status": "current_phase4_cache",
  "floor_delta_cosine": 0.39796251669473043,
  "floor_delta_rank": 10.283476977293052,
  "floor_init_error": 1.2150936186394734e-07,
  "floor_magnitude_ratio": 0.7744371112179363,
  "floor_recall_at_1": 0.48148148148148145,
  "floor_transition_improvement": 0.005661906516194076,
  "identity_violation": 0.0,
  "leakage_flag": 0.0,
  "retrieval_broken_count": 0.0,
  "retrieval_mean_margin_change": 0.00020021272972092774,
  "retrieval_repaired_count": 0.0,
  "retrieval_selected_median_rank": 2.0,
  "seed": 0,
  "selected_action_negative_gap": 0.007523315925562053,
  "selected_delta_cosine": 0.39720227262243785,
  "selected_delta_rank": 10.316817928409325,
  "selected_gap_delta_cosine": -0.0007602440722925818,
  "selected_gap_recall": 0.0,
  "selected_gap_transition": -9.575479188705504e-05,
  "selected_magnitude_ratio": 0.7779397220308291,
  "selected_recall_at_1": 0.48148148148148145,
  "selected_residual_scale": 0.05,
  "selected_transition_improvement": 0.005566151724307021,
  "train_small_cap_selected_gap_delta_cosine": 0.005759931821920583,
  "train_small_cap_selected_gap_recall": 0.01388888888888884,
  "train_small_cap_selected_gap_transition": 0.0007604525279941016,
  "train_small_cap_selected_train_broken_count_diagnostic_only": 0.0
}
