seed	scale	safe	transition_improvement	delta_cosine	recall_at_1	gap_transition	gap_delta_cosine	gap_recall	train_broken_count_diagnostic_only	train_mean_margin_change_diagnostic_only
0	0.0	True	0.07685792923111737	0.8482527387662345	0.7777777777777778	0.0	0.0	0.0	0.0	0.0
0	0.025	True	0.07724373180259358	0.8511789229679398	0.7777777777777778	0.0003858025714762181	0.0029261842017053175	0.0	0.0	0.0003201603108769337
0	0.05	True	0.07761838175911147	0.8540126705881551	0.7916666666666666	0.0007604525279941016	0.005759931821920583	0.01388888888888884	0.0	0.0006372050478317651
