{
  "direct_delta_cosine": 0.9259721246697088,
  "direct_delta_rank": 10.186238905672658,
  "direct_recall_at_1": 0.8888888888888888,
  "direct_transition_improvement": 0.4358870281403164,
  "floor_delta_cosine": 0.9269080989865179,
  "floor_delta_rank": 7.165357691487652,
  "floor_init_error": 7.021583749988736e-07,
  "floor_recall_at_1": 0.9629629629629629,
  "floor_transition_improvement": 0.44578978509615197,
  "identity_violation": 0.0,
  "image_target_effective_rank": 8.669737495678774,
  "image_to_rna_recall_at_1": 0.8888888888888888,
  "leakage_flag": 0.0,
  "retrieval_broken_count": 1.0,
  "retrieval_broken_mean_delta_cosine_change": 0.0005097716740690705,
  "retrieval_broken_mean_floor_margin": 0.0010862630066510448,
  "retrieval_broken_mean_margin_change": -0.0022896049216072356,
  "retrieval_broken_mean_selected_margin": -0.0012033419149561908,
  "retrieval_broken_mean_transition_gain_change": 0.0006275553533992007,
  "retrieval_broken_near_tie_fraction": 1.0,
  "retrieval_floor_median_rank": 1.0,
  "retrieval_mean_floor_margin": 0.06526367183624476,
  "retrieval_mean_margin_change": 0.00019979856088512025,
  "retrieval_mean_rank_change": 0.037037037037037035,
  "retrieval_mean_residual_norm": 0.049047910293445844,
  "retrieval_mean_selected_margin": 0.06546347039712988,
  "retrieval_preserved_correct_count": 25.0,
  "retrieval_repaired_count": 0.0,
  "retrieval_row_count": 27.0,
  "retrieval_selected_median_rank": 1.0,
  "retrieval_still_wrong_count": 1.0,
  "rna_to_image_recall_at_1": 0.6666666666666666,
  "seed": 12,
  "selected_action_negative_gap": 0.021263049432229786,
  "selected_delta_cosine": 0.9277117470781816,
  "selected_delta_rank": 7.443680483021622,
  "selected_gap_delta_cosine": 0.0008036480916636668,
  "selected_gap_recall": -0.03703703703703698,
  "selected_gap_transition": 0.00019169592254647538,
  "selected_magnitude_ratio": 1.029564402764195,
  "selected_recall_at_1": 0.9259259259259259,
  "selected_residual_scale": 0.05,
  "selected_transition_improvement": 0.44598148101869844,
  "target_effective_rank": 8.461674988184464,
  "train_small_cap_floor_delta_cosine": 0.9547687881481026,
  "train_small_cap_floor_recall_at_1": 0.5,
  "train_small_cap_floor_transition": 0.5211663418159606,
  "train_small_cap_selected_delta_cosine": 0.9568997573286288,
  "train_small_cap_selected_gap_delta_cosine": 0.002130969180526132,
  "train_small_cap_selected_gap_recall": 0.0,
  "train_small_cap_selected_gap_transition": 0.0016782428202257726,
  "train_small_cap_selected_recall_at_1": 0.5,
  "train_small_cap_selected_scale": 0.05,
  "train_small_cap_selected_train_broken_count_diagnostic_only": 0.0,
  "train_small_cap_selected_train_mean_margin_change_diagnostic_only": 0.00017250489509966184,
  "train_small_cap_selected_transition": 0.5228445846361863
}
