{
  "base_action_negative_loss": 0.01875000074505806,
  "base_delta_direction_loss": 0.06198859214782715,
  "base_image_to_rna_loss": 0.024778150022029877,
  "base_loss": 0.15039172768592834,
  "base_mean_negative_transition_cosine": 0.7627084255218506,
  "base_mean_positive_transition_cosine": 0.9578890800476074,
  "base_pca_anchor_loss": 0.1947232484817505,
  "base_rna_to_image_loss": 0.005381003953516483,
  "base_source_improvement_hinge": 0.0,
  "base_transition_loss": 0.0461605042219162,
  "base_variance_loss": 0.0,
  "head_head_delta_loss": 0.022580087184906006,
  "head_head_endpoint_loss": 0.024464845657348633,
  "head_head_floor_delta_hinge": 0.0,
  "head_head_floor_endpoint_hinge": 0.0,
  "head_head_loss": 0.04609840363264084,
  "head_head_residual_norm": 0.000507277378346771,
  "head_head_residual_scale": 0.9758479595184326,
  "seed": 12
}
