{
  "direct_delta_cosine": 0.9059202090120257,
  "direct_delta_rank": 8.433439980730501,
  "direct_recall_at_1": 1.0,
  "direct_transition_improvement": 0.3850355247329866,
  "floor_delta_cosine": 0.8919435663789892,
  "floor_delta_rank": 6.136888823122117,
  "floor_init_error": 1.1410940015110782e-06,
  "floor_recall_at_1": 0.8888888888888888,
  "floor_transition_improvement": 0.3670237316032156,
  "identity_violation": 0.0,
  "image_target_effective_rank": 8.51656227784668,
  "image_to_rna_recall_at_1": 1.0,
  "leakage_flag": 0.0,
  "retrieval_broken_count": 0.0,
  "retrieval_broken_mean_delta_cosine_change": 0.0,
  "retrieval_broken_mean_floor_margin": 0.0,
  "retrieval_broken_mean_margin_change": 0.0,
  "retrieval_broken_mean_selected_margin": 0.0,
  "retrieval_broken_mean_transition_gain_change": 0.0,
  "retrieval_broken_near_tie_fraction": 0.0,
  "retrieval_floor_median_rank": 1.0,
  "retrieval_mean_floor_margin": 0.10617509620499935,
  "retrieval_mean_margin_change": 0.00025386722953368445,
  "retrieval_mean_rank_change": 0.0,
  "retrieval_mean_residual_norm": 0.01854628751758644,
  "retrieval_mean_selected_margin": 0.10642896343453304,
  "retrieval_preserved_correct_count": 24.0,
  "retrieval_repaired_count": 0.0,
  "retrieval_row_count": 27.0,
  "retrieval_selected_median_rank": 1.0,
  "retrieval_still_wrong_count": 3.0,
  "rna_to_image_recall_at_1": 0.8888888888888888,
  "rowwise_active_fraction": 0.2962962962962963,
  "rowwise_effective_scale": 0.014814814814814815,
  "rowwise_risk_score_mean": -0.5561367898756763,
  "rowwise_selected_base_scale": 0.05,
  "seed": 20,
  "selected_action_negative_gap": 0.06287864437462332,
  "selected_delta_cosine": 0.892339465295045,
  "selected_delta_rank": 6.216939934224555,
  "selected_gap_delta_cosine": 0.0003958989160558479,
  "selected_gap_recall": 0.0,
  "selected_gap_transition": 0.0008359212939724192,
  "selected_magnitude_ratio": 1.1411512484615234,
  "selected_recall_at_1": 0.8888888888888888,
  "selected_residual_scale": 0.014814814814814815,
  "selected_transition_improvement": 0.367859652897188,
  "target_effective_rank": 6.433154365839242,
  "train_rowwise_floor_delta_cosine": 0.9568002793875535,
  "train_rowwise_floor_recall_at_1": 0.5,
  "train_rowwise_floor_transition": 0.4208773314972848,
  "train_rowwise_selected_active_fraction": 0.2222222222222222,
  "train_rowwise_selected_broken_count": 0.0,
  "train_rowwise_selected_delta_cosine": 0.9570893212515751,
  "train_rowwise_selected_gap_delta_cosine": 0.0002890418640215664,
  "train_rowwise_selected_gap_recall": 0.0,
  "train_rowwise_selected_gap_transition": 0.00043887582529994473,
  "train_rowwise_selected_near_tie_erosions": 0.0,
  "train_rowwise_selected_near_tie_flips": 0.0,
  "train_rowwise_selected_recall_at_1": 0.5,
  "train_rowwise_selected_scale": 0.05,
  "train_rowwise_selected_threshold": -1.152025365502993,
  "train_rowwise_selected_transition": 0.42131620732258473,
  "train_rowwise_selected_unsafe_count": 28.0
}
