{
  "base_action_negative_loss": 0.01764797791838646,
  "base_delta_direction_loss": 0.053680360317230225,
  "base_image_to_rna_loss": 0.014639521017670631,
  "base_loss": 0.1557079404592514,
  "base_mean_negative_transition_cosine": 0.7650358080863953,
  "base_mean_positive_transition_cosine": 0.9636098742485046,
  "base_pca_anchor_loss": 0.3558758497238159,
  "base_rna_to_image_loss": 0.00816778652369976,
  "base_source_improvement_hinge": 0.0,
  "base_transition_loss": 0.03959619998931885,
  "base_variance_loss": 0.000667822256218642,
  "head_head_delta_loss": 0.0126495361328125,
  "head_head_endpoint_loss": 0.009514093399047852,
  "head_head_floor_delta_hinge": 0.0,
  "head_head_floor_endpoint_hinge": 5.3013147407909855e-05,
  "head_head_loss": 0.02201020158827305,
  "head_head_residual_norm": 0.0007515304605476558,
  "head_head_residual_scale": 0.9831448793411255,
  "seed": 20
}
