{
  "action_negative_loss": 0.004715451505035162,
  "active_delta_std_dims": 18.0,
  "delta_cosine_train": 0.7504935264587402,
  "delta_variance_loss": 0.0,
  "device_used": "cuda",
  "image_to_rna_loss": 0.024535249918699265,
  "loss": 0.6435497999191284,
  "magnitude_loss": 0.2417445182800293,
  "pca_delta_direction_loss": 0.24950647354125977,
  "relational_loss": 0.1388537436723709,
  "rna_to_image_loss": 0.009021926671266556,
  "source_anchor_cosine": 0.9975749850273132,
  "source_anchor_loss": 0.0028966194950044155,
  "source_improvement_hinge": 0.012463596649467945,
  "steps": 600.0,
  "target_anchor_cosine": 0.9917212724685669,
  "target_anchor_loss": 0.012469533830881119,
  "teacher_delta_direction_loss": 0.23747646808624268,
  "transition_anchor_cosine": 0.7307103872299194,
  "transition_anchor_loss": 0.29057297110557556,
  "transition_loss": 0.28958266973495483,
  "variance_loss": 0.0012228687992319465
}
