{
  "best_non_old_summary": {
    "mean_delta_cosine": -0.080803908954635,
    "mean_effective_rank": 4.7060533201762205,
    "mean_magnitude_ratio": 0.5476258513309276,
    "mean_recall_at_1": 0.22962962962962963,
    "mean_recall_gap_vs_old_floor": -0.1037037037037037,
    "mean_transition_gap_vs_old_floor": -0.07417854888760514,
    "mean_transition_improvement": -0.06289711001040038,
    "min_delta_cosine": -0.17020830238566131,
    "min_recall_at_1": 0.1111111111111111,
    "min_transition_gap_vs_old_floor": -0.08535832578347402,
    "min_transition_improvement": -0.0801913575335744,
    "representation": "true_synthetic_z_bio",
    "seed_count": 5
  },
  "diagnostic_label": "F022_SYNTHETIC_Z_BIO_CEILING_DOES_NOT_SUPPORT_TRANSITION_SEARCH",
  "gates": {
    "primary_delta_cosine_gate": 0.3943880553384362,
    "primary_transition_gate": 0.0032213672056209536,
    "secondary_recall_gate": 0.25564378902443324
  },
  "model_promoted": false,
  "old_floor_summary": {
    "mean_delta_cosine": 0.45151513636166707,
    "mean_effective_rank": 10.245808787907375,
    "mean_magnitude_ratio": 0.7556432505625665,
    "mean_recall_at_1": 0.3333333333333333,
    "mean_recall_gap_vs_old_floor": 0.0,
    "mean_transition_gap_vs_old_floor": 0.0,
    "mean_transition_improvement": 0.011281438877204748,
    "min_delta_cosine": 0.39796251669473043,
    "min_recall_at_1": 0.25925925925925924,
    "min_transition_gap_vs_old_floor": 0.0,
    "min_transition_improvement": 0.0004243423315500173,
    "representation": "old_bioflow_teacher_floor",
    "seed_count": 5
  },
  "summary": [
    {
      "mean_delta_cosine": 0.45151513636166707,
      "mean_effective_rank": 10.245808787907375,
      "mean_magnitude_ratio": 0.7556432505625665,
      "mean_recall_at_1": 0.3333333333333333,
      "mean_recall_gap_vs_old_floor": 0.0,
      "mean_transition_gap_vs_old_floor": 0.0,
      "mean_transition_improvement": 0.011281438877204748,
      "min_delta_cosine": 0.39796251669473043,
      "min_recall_at_1": 0.25925925925925924,
      "min_transition_gap_vs_old_floor": 0.0,
      "min_transition_improvement": 0.0004243423315500173,
      "representation": "old_bioflow_teacher_floor",
      "seed_count": 5
    },
    {
      "mean_delta_cosine": -0.080803908954635,
      "mean_effective_rank": 4.7060533201762205,
      "mean_magnitude_ratio": 0.5476258513309276,
      "mean_recall_at_1": 0.22962962962962963,
      "mean_recall_gap_vs_old_floor": -0.1037037037037037,
      "mean_transition_gap_vs_old_floor": -0.07417854888760514,
      "mean_transition_improvement": -0.06289711001040038,
      "min_delta_cosine": -0.17020830238566131,
      "min_recall_at_1": 0.1111111111111111,
      "min_transition_gap_vs_old_floor": -0.08535832578347402,
      "min_transition_improvement": -0.0801913575335744,
      "representation": "true_synthetic_z_bio",
      "seed_count": 5
    },
    {
      "mean_delta_cosine": 0.15101995279335992,
      "mean_effective_rank": 8.844775297173554,
      "mean_magnitude_ratio": 0.6953983429240533,
      "mean_recall_at_1": 0.1259259259259259,
      "mean_recall_gap_vs_old_floor": -0.2074074074074074,
      "mean_transition_gap_vs_old_floor": -0.08089023888289427,
      "mean_transition_improvement": -0.06960880000568952,
      "min_delta_cosine": -0.018472136009363562,
      "min_recall_at_1": 0.0,
      "min_transition_gap_vs_old_floor": -0.1351081848368697,
      "min_transition_improvement": -0.12570612019007404,
      "representation": "observed_counts_train_pca",
      "seed_count": 5
    },
    {
      "mean_delta_cosine": 0.15101995279335992,
      "mean_effective_rank": 8.844775297173554,
      "mean_magnitude_ratio": 0.6953983429240533,
      "mean_recall_at_1": 0.1259259259259259,
      "mean_recall_gap_vs_old_floor": -0.2074074074074074,
      "mean_transition_gap_vs_old_floor": -0.08089023888289427,
      "mean_transition_improvement": -0.06960880000568952,
      "min_delta_cosine": -0.018472136009363562,
      "min_recall_at_1": 0.0,
      "min_transition_gap_vs_old_floor": -0.1351081848368697,
      "min_transition_improvement": -0.12570612019007404,
      "representation": "observed_rna_train_pca",
      "seed_count": 5
    },
    {
      "mean_delta_cosine": -0.259034367979984,
      "mean_effective_rank": 4.124392412017956,
      "mean_magnitude_ratio": 0.5387445806688731,
      "mean_recall_at_1": 0.2,
      "mean_recall_gap_vs_old_floor": -0.13333333333333333,
      "mean_transition_gap_vs_old_floor": -0.14149393983390862,
      "mean_transition_improvement": -0.1302125009567039,
      "min_delta_cosine": -0.38001920303712544,
      "min_recall_at_1": 0.1111111111111111,
      "min_transition_gap_vs_old_floor": -0.184253430832615,
      "min_transition_improvement": -0.17485136618581934,
      "representation": "clean_rna_train_pca",
      "seed_count": 5
    }
  ],
  "true_z_bio_summary": {
    "mean_delta_cosine": -0.080803908954635,
    "mean_effective_rank": 4.7060533201762205,
    "mean_magnitude_ratio": 0.5476258513309276,
    "mean_recall_at_1": 0.22962962962962963,
    "mean_recall_gap_vs_old_floor": -0.1037037037037037,
    "mean_transition_gap_vs_old_floor": -0.07417854888760514,
    "mean_transition_improvement": -0.06289711001040038,
    "min_delta_cosine": -0.17020830238566131,
    "min_recall_at_1": 0.1111111111111111,
    "min_transition_gap_vs_old_floor": -0.08535832578347402,
    "min_transition_improvement": -0.0801913575335744,
    "representation": "true_synthetic_z_bio",
    "seed_count": 5
  }
}
