{
  "action_negative_transition_gap": 0.00847838702410006,
  "direct_delta_cosine": 0.7737191786322392,
  "direct_delta_rank": 11.593171024164075,
  "direct_magnitude_ratio": 0.7603291994976024,
  "direct_recall_at_1": 0.8148148148148148,
  "direct_transition_improvement": 0.11175148439885027,
  "identity_violation": 0.0,
  "image_target_effective_rank": 7.333399226078994,
  "image_to_rna_recall_at_1": 0.8888888888888888,
  "leakage_flag": 0.0,
  "local_floor_gap_delta_cosine": -0.15741742148642057,
  "local_floor_gap_recall": -0.07407407407407407,
  "local_floor_gap_transition": -0.0369101934414387,
  "protected_floor_gap_delta_cosine": 0.37571917863223914,
  "protected_floor_gap_recall": 0.3333148148148148,
  "protected_floor_gap_transition": 0.10605148439885027,
  "ridge_floor_delta_cosine": 0.9311366001186597,
  "ridge_floor_delta_rank": 7.352777152682657,
  "ridge_floor_recall_at_1": 0.8888888888888888,
  "ridge_floor_transition_improvement": 0.14866167784028897,
  "rna_to_image_recall_at_1": 0.6666666666666666,
  "target_effective_rank": 5.806937201766598
}
