seed	loss	transition_loss	rna_to_image_loss	image_to_rna_loss	target_anchor_loss	source_anchor_loss	transition_anchor_loss	pca_delta_direction_loss	teacher_delta_direction_loss	source_improvement_hinge	action_negative_loss	magnitude_loss	variance_loss	delta_variance_loss	relational_loss	target_anchor_cosine	source_anchor_cosine	transition_anchor_cosine	delta_cosine_train	active_delta_std_dims	steps	device_used
37	1.232408046722412	0.48705410957336426	0.08587367087602615	0.2833900451660156	0.16707150638103485	0.02203085646033287	0.47951218485832214	0.4462429881095886	0.3186194896697998	0.024150382727384567	0.044570207595825195	0.3734627366065979	0.0	0.0	0.19127285480499268	0.8477765917778015	0.9798204898834229	0.5483171939849854	0.5537570118904114	24.0	120.0	cuda
38	1.1836837530136108	0.499787837266922	0.08850046992301941	0.26238536834716797	0.17006239295005798	0.014693952165544033	0.4875350594520569	0.3938787579536438	0.2782774567604065	0.012352130375802517	0.015150836668908596	0.3888227343559265	0.0006975922733545303	0.0	0.15322931110858917	0.8474456071853638	0.9876646995544434	0.54456627368927	0.6061212420463562	24.0	120.0	cuda
39	1.1401269435882568	0.4757711589336395	0.0994984582066536	0.23014672100543976	0.17792588472366333	0.0168414618819952	0.4468456208705902	0.3981930613517761	0.2973671555519104	0.00862190593034029	0.003362121060490608	0.35444769263267517	9.736667561810464e-05	0.0	0.13627804815769196	0.8350139260292053	0.9860576391220093	0.5785331726074219	0.6018069386482239	24.0	120.0	cuda
