{
  "action_negative_transition_gap": 0.05269456611042056,
  "benchmark": "synth_program_aligned_extrapolative_holdout_lite",
  "direct_delta_cosine": 0.5984980553927242,
  "direct_delta_rank": 7.959429763521542,
  "direct_magnitude_ratio": 0.9831636368736267,
  "direct_recall_at_1": 0.8518518518518519,
  "direct_transition_improvement": 0.19782032544589268,
  "identity_violation": 0.0,
  "image_target_effective_rank": 6.5836037594428305,
  "image_teacher_action_negative_gap": 0.04781260018904353,
  "image_teacher_delta_cosine": 0.8309573096452483,
  "image_teacher_delta_rank": 8.110608636814757,
  "image_teacher_magnitude_ratio": 1.444634535418482,
  "image_teacher_recall_at_1": 1.0,
  "image_teacher_transition_improvement": 0.15982064716038813,
  "image_to_rna_recall_at_1": 0.7407407407407407,
  "leakage_flag": 0.0,
  "policy": "extrapolative_index",
  "ridge_floor_delta_cosine": 0.549838638283021,
  "ridge_floor_delta_rank": 5.649036388245996,
  "ridge_floor_recall_at_1": 0.7777777777777778,
  "ridge_floor_transition_improvement": 0.14365542099747694,
  "rna_to_image_recall_at_1": 0.4074074074074074,
  "seed": 35,
  "source_image_cosine": 0.9927730584262806,
  "source_image_effective_rank": 2.975265022326444,
  "target_effective_rank": 10.229859760836812,
  "target_image_cosine": 0.6688097115751434,
  "target_image_effective_rank": 6.385389434876231,
  "transition_image_cosine": 0.9713094278577159
}
