{
  "action_negative_loss": 0.012500000186264515,
  "active_delta_std_dims": 24.0,
  "delta_cosine_train": 0.9238755106925964,
  "delta_variance_loss": 0.0,
  "device_used": "cpu",
  "image_to_rna_loss": 0.03138665482401848,
  "loss": 0.24269463121891022,
  "magnitude_loss": 0.2841501533985138,
  "pca_delta_direction_loss": 0.07612448930740356,
  "relational_loss": 0.012089540250599384,
  "rna_to_image_loss": 0.008333644829690456,
  "source_anchor_cosine": 0.9936417937278748,
  "source_anchor_loss": 0.009018352255225182,
  "source_improvement_hinge": 0.0,
  "steps": 120.0,
  "target_anchor_cosine": 0.9681187868118286,
  "target_anchor_loss": 0.03540064021945,
  "teacher_delta_direction_loss": 0.23548465967178345,
  "transition_anchor_cosine": 0.9727675914764404,
  "transition_anchor_loss": 0.030296778306365013,
  "transition_loss": 0.10401041060686111,
  "variance_loss": 0.03707002475857735
}
