{
  "action_negative_loss": 0.007156187202781439,
  "active_delta_std_dims": 24.0,
  "delta_cosine_train": 0.8609815835952759,
  "delta_variance_loss": 0.0,
  "device_used": "cuda",
  "image_to_rna_loss": 0.10310394316911697,
  "loss": 0.45317867398262024,
  "magnitude_loss": 0.6393101215362549,
  "pca_delta_direction_loss": 0.13901841640472412,
  "relational_loss": 0.0787053108215332,
  "rna_to_image_loss": 0.0044861650094389915,
  "source_anchor_cosine": 0.9816983938217163,
  "source_anchor_loss": 0.020375080406665802,
  "source_improvement_hinge": 0.010683027096092701,
  "steps": 120.0,
  "target_anchor_cosine": 0.977685272693634,
  "target_anchor_loss": 0.04464711248874664,
  "teacher_delta_direction_loss": 0.15801936388015747,
  "transition_anchor_cosine": 0.8472716808319092,
  "transition_anchor_loss": 0.1945202797651291,
  "transition_loss": 0.15774007141590118,
  "variance_loss": 0.0020419075153768063
}
