{
  "diagnostic_label": "F006_RIDGE_ENSEMBLE_UNCERTAINTY_AUDIT_COMPLETED",
  "highest_uncertainty_action": "11",
  "lowest_transition_action": "9",
  "rows": [
    {
      "delta_cosine": 0.12867587312415363,
      "eval_perturbation_id": "9",
      "recall_at_1": 0.5555555555555556,
      "rows": 9,
      "transition_improvement": -0.03787556074381832,
      "uncertainty_max": 0.03797618176310336,
      "uncertainty_mean": 0.02602645136922034
    },
    {
      "delta_cosine": 0.4427734591544262,
      "eval_perturbation_id": "10",
      "recall_at_1": 1.0,
      "rows": 9,
      "transition_improvement": 0.009205303511384969,
      "uncertainty_max": 0.03217393203984902,
      "uncertainty_mean": 0.0252224631401997
    },
    {
      "delta_cosine": 0.6224382178056113,
      "eval_perturbation_id": "11",
      "recall_at_1": 0.8888888888888888,
      "rows": 9,
      "transition_improvement": 0.04565597678101558,
      "uncertainty_max": 0.03172424507006745,
      "uncertainty_mean": 0.026416749933778585
    }
  ],
  "uncertainty_transition_corr": 0.2501861497558583
}
