{
  "device_used": "cpu",
  "final_active_std_dims": 24.0,
  "final_loss": 0.22998595237731934,
  "final_mse": 0.067256398499012,
  "final_prediction_target_cosine_train": 0.8039026856422424,
  "final_relational_loss": 0.12210327386856079,
  "relational_weight": 0.25,
  "steps": 80.0
}
