condition_key	rows	teacher_delta_norm_mean	transition_improvement	delta_cosine	recall_at_1	median_rank	delta_rank
pert=9|dose=1|cell=1	3	0.43634825586229914	-0.04451831712057889	0.32337704120122984	1.0	1.0	1.9847169133861136
pert=9|dose=1|cell=0	3	0.3473734468353655	-0.04426506843237384	-0.18020209194921455	1.0	1.0	1.987921362150457
pert=9|dose=1|cell=2	3	0.5045233678954077	-0.02484329667850223	0.24285267012044573	1.0	1.0	1.9897492216106125
pert=10|dose=1|cell=1	3	0.3676397260562106	-0.002612095271916267	0.35009911631635826	1.0	1.0	1.6108633675813528
pert=10|dose=1|cell=2	3	0.39677519378726306	0.004306396736574403	0.3427850864057651	1.0	1.0	1.9694010148282537
pert=11|dose=1|cell=1	3	0.3100772147603061	0.00622413415056459	0.6334772654758644	1.0	1.0	1.894811290819541
pert=11|dose=1|cell=0	3	0.4623120809748147	0.025431298410719266	0.46819585321423834	1.0	1.0	1.9202713910779152
pert=10|dose=1|cell=0	3	0.36335866230707986	0.02592160906949677	0.6354361747411553	1.0	1.0	1.8367777683754378
pert=11|dose=1|cell=2	3	0.6381084352543692	0.10531249778176288	0.7656415347267312	1.0	1.0	1.9784917933088864
