{
  "action_negative_loss": 0.037913452833890915,
  "active_delta_std_dims": 18.0,
  "delta_cosine_train": 0.5500984787940979,
  "delta_variance_loss": 0.0,
  "device_used": "cuda",
  "image_to_rna_loss": 0.3239416778087616,
  "loss": 1.3611406087875366,
  "magnitude_loss": 0.4803522825241089,
  "pca_delta_direction_loss": 0.4499015212059021,
  "relational_loss": 0.16441872715950012,
  "rna_to_image_loss": 0.10040970891714096,
  "source_anchor_cosine": 0.9866988658905029,
  "source_anchor_loss": 0.014835720881819725,
  "source_improvement_hinge": 0.03791823610663414,
  "steps": 120.0,
  "target_anchor_cosine": 0.8085094690322876,
  "target_anchor_loss": 0.21413053572177887,
  "teacher_delta_direction_loss": 0.36139070987701416,
  "transition_anchor_cosine": 0.5023053288459778,
  "transition_anchor_loss": 0.5322710275650024,
  "transition_loss": 0.55474454164505,
  "variance_loss": 0.0
}
