{
  "direct_delta_cosine": 0.9140096613386567,
  "direct_delta_rank": 10.249257058261566,
  "direct_recall_at_1": 1.0,
  "direct_transition_improvement": 0.20773989707126325,
  "floor_delta_cosine": 0.8397610586996869,
  "floor_delta_rank": 7.619827987041543,
  "floor_init_error": 3.8220388454135445e-07,
  "floor_recall_at_1": 1.0,
  "floor_transition_improvement": 0.18637448929443956,
  "identity_violation": 0.0,
  "image_target_effective_rank": 7.958940513707374,
  "image_to_rna_recall_at_1": 0.9629629629629629,
  "leakage_flag": 0.0,
  "retrieval_broken_count": 0.0,
  "retrieval_broken_mean_delta_cosine_change": 0.0,
  "retrieval_broken_mean_floor_margin": 0.0,
  "retrieval_broken_mean_margin_change": 0.0,
  "retrieval_broken_mean_selected_margin": 0.0,
  "retrieval_broken_mean_transition_gain_change": 0.0,
  "retrieval_broken_near_tie_fraction": 0.0,
  "retrieval_floor_median_rank": 1.0,
  "retrieval_mean_floor_margin": 0.08812028382051541,
  "retrieval_mean_margin_change": 0.00016582371910497836,
  "retrieval_mean_rank_change": 0.0,
  "retrieval_mean_residual_norm": 0.011578435047795148,
  "retrieval_mean_selected_margin": 0.08828610753962039,
  "retrieval_preserved_correct_count": 27.0,
  "retrieval_repaired_count": 0.0,
  "retrieval_row_count": 27.0,
  "retrieval_selected_median_rank": 1.0,
  "retrieval_still_wrong_count": 0.0,
  "rna_to_image_recall_at_1": 0.8888888888888888,
  "rowwise_active_fraction": 0.3333333333333333,
  "rowwise_effective_scale": 0.008333333333333333,
  "rowwise_risk_score_mean": -0.6493011968711057,
  "rowwise_selected_base_scale": 0.025,
  "seed": 25,
  "selected_action_negative_gap": 0.011030007266882969,
  "selected_delta_cosine": 0.8406251916290032,
  "selected_delta_rank": 7.70585791097578,
  "selected_gap_delta_cosine": 0.000864132929316308,
  "selected_gap_recall": 0.0,
  "selected_gap_transition": 5.6592249509712644e-05,
  "selected_magnitude_ratio": 0.9952082936456553,
  "selected_recall_at_1": 1.0,
  "selected_residual_scale": 0.008333333333333333,
  "selected_transition_improvement": 0.18643108154394927,
  "target_effective_rank": 7.013173342879744,
  "train_rowwise_floor_delta_cosine": 0.9070301246573346,
  "train_rowwise_floor_recall_at_1": 0.4861111111111111,
  "train_rowwise_floor_transition": 0.20260409279950106,
  "train_rowwise_selected_active_fraction": 0.3055555555555556,
  "train_rowwise_selected_broken_count": 0.0,
  "train_rowwise_selected_delta_cosine": 0.9077832237428145,
  "train_rowwise_selected_gap_delta_cosine": 0.0007530990854799358,
  "train_rowwise_selected_gap_recall": 0.0,
  "train_rowwise_selected_gap_transition": 0.00014328682106662383,
  "train_rowwise_selected_near_tie_erosions": 0.0,
  "train_rowwise_selected_near_tie_flips": 0.0,
  "train_rowwise_selected_recall_at_1": 0.4861111111111111,
  "train_rowwise_selected_scale": 0.025,
  "train_rowwise_selected_threshold": -0.5437934488931232,
  "train_rowwise_selected_transition": 0.20274737962056769,
  "train_rowwise_selected_unsafe_count": 24.0
}
