{
  "action_negative_transition_gap": 0.05021302587029554,
  "benchmark": "synth_program_aligned_random_holdout_lite",
  "calibrated_action_negative_gap": 0.05846344816980281,
  "calibrated_delta_cosine": 0.9361066794686086,
  "calibrated_delta_cosine_gain": 0.11746318979753845,
  "calibrated_delta_rank": 7.023657517993768,
  "calibrated_magnitude_ratio": 1.0636626721208209,
  "calibrated_recall_at_1": 1.0,
  "calibrated_recall_gain": 0.0,
  "calibrated_transition_gain": 0.01726441713321064,
  "calibrated_transition_improvement": 0.2137950863803357,
  "direct_delta_cosine": 0.7545525956249179,
  "direct_delta_rank": 8.841604025565513,
  "direct_magnitude_ratio": 1.0079441296463645,
  "direct_recall_at_1": 0.8888888888888888,
  "direct_transition_improvement": 0.14610502102511716,
  "identity_violation": 0.0,
  "image_target_effective_rank": 8.537298262426107,
  "image_teacher_action_negative_gap": 0.05377357694528337,
  "image_teacher_delta_cosine": 0.8186434896710701,
  "image_teacher_delta_rank": 9.198222043606641,
  "image_teacher_magnitude_ratio": 1.2806797969127057,
  "image_teacher_recall_at_1": 1.0,
  "image_teacher_transition_improvement": 0.19653066924712506,
  "image_to_rna_recall_at_1": 0.8888888888888888,
  "leakage_flag": 0.0,
  "policy": "random_perturbation",
  "ridge_floor_delta_cosine": 0.7644718073583059,
  "ridge_floor_delta_rank": 6.1422624666790435,
  "ridge_floor_recall_at_1": 0.8888888888888888,
  "ridge_floor_transition_improvement": 0.13367157749109604,
  "rna_to_image_recall_at_1": 0.8888888888888888,
  "seed": 38,
  "source_image_cosine": 0.9896959376708232,
  "source_image_effective_rank": 3.5709329893045645,
  "target_effective_rank": 8.981006330209063,
  "target_image_cosine": 0.8029559887961546,
  "target_image_effective_rank": 7.422600062201654,
  "train_calibrated_delta_cosine": 0.9925252458227725,
  "train_calibrated_delta_rank": 8.061693701794171,
  "train_calibrated_magnitude_ratio": 0.9927007625090479,
  "train_calibrated_recall_at_1": 0.5,
  "train_calibrated_transition_improvement": 0.2674428798941958,
  "train_raw_delta_cosine": 0.873176585988475,
  "train_raw_delta_rank": 10.297717877114572,
  "train_raw_recall_at_1": 0.5,
  "train_raw_transition_improvement": 0.2497298773483715,
  "transition_image_cosine": 0.9559738888879208
}
