{
  "action_negative_loss": 0.014062500558793545,
  "active_delta_std_dims": 24.0,
  "delta_cosine_train": 0.9495154619216919,
  "delta_variance_loss": 0.0,
  "device_used": "cpu",
  "image_to_rna_loss": 0.02184925228357315,
  "loss": 0.1638379842042923,
  "magnitude_loss": 0.17924053966999054,
  "pca_delta_direction_loss": 0.050484538078308105,
  "relational_loss": 0.007947164587676525,
  "rna_to_image_loss": 0.008243714459240437,
  "source_anchor_cosine": 0.989783763885498,
  "source_anchor_loss": 0.012662817724049091,
  "source_improvement_hinge": 0.0,
  "steps": 120.0,
  "target_anchor_cosine": 0.983055591583252,
  "target_anchor_loss": 0.019603032618761063,
  "teacher_delta_direction_loss": 0.1744478940963745,
  "transition_anchor_cosine": 0.9783074855804443,
  "transition_anchor_loss": 0.0238371379673481,
  "transition_loss": 0.05759314075112343,
  "variance_loss": 0.05155082419514656
}
