{
  "direct_delta_cosine": 0.8422918632299427,
  "direct_delta_rank": 7.2790196063492685,
  "direct_recall_at_1": 0.9259259259259259,
  "direct_transition_improvement": 0.18531034797424428,
  "floor_delta_cosine": 0.8422918632299427,
  "floor_delta_rank": 7.058878943632644,
  "floor_init_error": 9.857986125183515e-07,
  "floor_recall_at_1": 0.9259259259259259,
  "floor_transition_improvement": 0.18848469460665807,
  "identity_violation": 0.0,
  "image_target_effective_rank": 6.224032225786769,
  "image_to_rna_recall_at_1": 0.8888888888888888,
  "leakage_flag": 0.0,
  "retrieval_broken_count": 0.0,
  "retrieval_broken_mean_delta_cosine_change": 0.0,
  "retrieval_broken_mean_floor_margin": 0.0,
  "retrieval_broken_mean_margin_change": 0.0,
  "retrieval_broken_mean_selected_margin": 0.0,
  "retrieval_broken_mean_transition_gain_change": 0.0,
  "retrieval_broken_near_tie_fraction": 0.0,
  "retrieval_floor_median_rank": 1.0,
  "retrieval_mean_floor_margin": 0.08849356006626322,
  "retrieval_mean_margin_change": 0.0008375681853563542,
  "retrieval_mean_rank_change": 0.0,
  "retrieval_mean_residual_norm": 0.010707773875673987,
  "retrieval_mean_selected_margin": 0.08933112825161958,
  "retrieval_preserved_correct_count": 25.0,
  "retrieval_repaired_count": 0.0,
  "retrieval_row_count": 27.0,
  "retrieval_selected_median_rank": 1.0,
  "retrieval_still_wrong_count": 2.0,
  "rna_to_image_recall_at_1": 0.7407407407407407,
  "rowwise_active_fraction": 0.7777777777777778,
  "rowwise_effective_scale": 0.03888888888888889,
  "rowwise_risk_score_mean": -2.5643648474239447,
  "rowwise_selected_base_scale": 0.05,
  "seed": 28,
  "selected_action_negative_gap": 0.0054100771923365765,
  "selected_delta_cosine": 0.8422918632299427,
  "selected_delta_rank": 7.084188119743561,
  "selected_gap_delta_cosine": 0.0,
  "selected_gap_recall": 0.0,
  "selected_gap_transition": 9.418958834306324e-05,
  "selected_magnitude_ratio": 1.059784693697954,
  "selected_recall_at_1": 0.9259259259259259,
  "selected_residual_scale": 0.03888888888888889,
  "selected_transition_improvement": 0.18857888419500113,
  "target_effective_rank": 5.872559468235009,
  "train_rowwise_floor_delta_cosine": 0.9076649095189219,
  "train_rowwise_floor_recall_at_1": 0.5,
  "train_rowwise_floor_transition": 0.23910354637936365,
  "train_rowwise_selected_active_fraction": 0.75,
  "train_rowwise_selected_broken_count": 0.0,
  "train_rowwise_selected_delta_cosine": 0.9076649095189219,
  "train_rowwise_selected_gap_delta_cosine": 0.0,
  "train_rowwise_selected_gap_recall": 0.0,
  "train_rowwise_selected_gap_transition": 0.0004712260058599149,
  "train_rowwise_selected_near_tie_erosions": 0.0,
  "train_rowwise_selected_near_tie_flips": 0.0,
  "train_rowwise_selected_recall_at_1": 0.5,
  "train_rowwise_selected_scale": 0.05,
  "train_rowwise_selected_threshold": -1.2361793588520102,
  "train_rowwise_selected_transition": 0.23957477238522357,
  "train_rowwise_selected_unsafe_count": 8.0
}
