{
  "action_negative_transition_gap": 0.04835594355888789,
  "benchmark": "synth_program_aligned_stratified_holdout_lite",
  "calibrated_action_negative_gap": 0.0575947126039317,
  "calibrated_delta_cosine": 0.9546991533073308,
  "calibrated_delta_cosine_gain": 0.13144705382784017,
  "calibrated_delta_rank": 6.754531649761126,
  "calibrated_magnitude_ratio": 1.0114081420762442,
  "calibrated_recall_at_1": 1.0,
  "calibrated_recall_gain": 0.0,
  "calibrated_transition_gain": 0.020647692908005666,
  "calibrated_transition_improvement": 0.2522779072301803,
  "direct_delta_cosine": 0.8664539838338031,
  "direct_delta_rank": 8.12862987173363,
  "direct_magnitude_ratio": 0.8950538848265107,
  "direct_recall_at_1": 1.0,
  "direct_transition_improvement": 0.21688197271860896,
  "identity_violation": 0.0,
  "image_target_effective_rank": 8.887963690908377,
  "image_teacher_action_negative_gap": 0.05332659179941279,
  "image_teacher_delta_cosine": 0.8232520994794906,
  "image_teacher_delta_rank": 8.360272659053539,
  "image_teacher_magnitude_ratio": 1.404657527621974,
  "image_teacher_recall_at_1": 1.0,
  "image_teacher_transition_improvement": 0.23163021432217462,
  "image_to_rna_recall_at_1": 1.0,
  "leakage_flag": 0.0,
  "policy": "stratified_program",
  "ridge_floor_delta_cosine": 0.8758465208031703,
  "ridge_floor_delta_rank": 5.6887399593630175,
  "ridge_floor_recall_at_1": 1.0,
  "ridge_floor_transition_improvement": 0.2183149845412122,
  "rna_to_image_recall_at_1": 0.8888888888888888,
  "seed": 38,
  "source_image_cosine": 0.9862998339472434,
  "source_image_effective_rank": 3.571095506947531,
  "target_effective_rank": 9.81551889757291,
  "target_image_cosine": 0.845853819917386,
  "target_image_effective_rank": 7.386817262888288,
  "train_calibrated_delta_cosine": 0.9901907982964543,
  "train_calibrated_delta_rank": 8.23737842635286,
  "train_calibrated_magnitude_ratio": 0.9903637196573478,
  "train_calibrated_recall_at_1": 0.5,
  "train_calibrated_transition_improvement": 0.2556726164896693,
  "train_raw_delta_cosine": 0.824967188601365,
  "train_raw_delta_rank": 9.991657578200872,
  "train_raw_recall_at_1": 0.5,
  "train_raw_transition_improvement": 0.2361397859505433,
  "transition_image_cosine": 0.9577876921088809
}
