{
  "action_negative_loss": 0.00937500037252903,
  "active_delta_std_dims": 24.0,
  "delta_cosine_train": 0.9495296478271484,
  "delta_variance_loss": 0.0,
  "device_used": "cpu",
  "image_to_rna_loss": 0.021460751071572304,
  "loss": 0.1719789057970047,
  "magnitude_loss": 0.23029860854148865,
  "pca_delta_direction_loss": 0.05047035217285156,
  "relational_loss": 0.009190334938466549,
  "rna_to_image_loss": 0.009175626561045647,
  "source_anchor_cosine": 0.9863645434379578,
  "source_anchor_loss": 0.016914088279008865,
  "source_improvement_hinge": 0.0,
  "steps": 120.0,
  "target_anchor_cosine": 0.9799813032150269,
  "target_anchor_loss": 0.02296338602900505,
  "teacher_delta_direction_loss": 0.19270336627960205,
  "transition_anchor_cosine": 0.9788225889205933,
  "transition_anchor_loss": 0.024511437863111496,
  "transition_loss": 0.05627858638763428,
  "variance_loss": 0.04590616747736931
}
