{
  "global_mean_transition_null_available": 1.0,
  "latent/transition_pred_std_mean": 0.12989774346351624,
  "source_as_target_transition_null_available": 1.0,
  "teacher/pred_norm_mean": 2.6328470706939697,
  "teacher/pred_target_cosine": 0.8997950553894043,
  "teacher/target_norm_mean": 1.7284411191940308,
  "transition_joint_cosine_to_teacher": 0.8997950553894043,
  "transition_source_cosine_improvement": 0.026241160929203033
}
