{
  "device_used": "cpu",
  "final_active_std_dims": 24.0,
  "final_loss": 0.23926985263824463,
  "final_mse": 0.07827091962099075,
  "final_prediction_target_cosine_train": 0.7970821261405945,
  "final_relational_loss": 0.12972307205200195,
  "relational_weight": 0.25,
  "steps": 100.0
}
