{
  "direct_delta_cosine": 0.9460679459229591,
  "direct_delta_rank": 9.666967618277697,
  "direct_recall_at_1": 0.9629629629629629,
  "direct_transition_improvement": 0.2669435266573299,
  "floor_delta_cosine": 0.9072029644436762,
  "floor_delta_rank": 7.127701761872629,
  "floor_init_error": 5.928034738644783e-07,
  "floor_recall_at_1": 0.8518518518518519,
  "floor_transition_improvement": 0.25591798851037617,
  "identity_violation": 0.0,
  "image_target_effective_rank": 7.588177585581666,
  "image_to_rna_recall_at_1": 0.8148148148148148,
  "leakage_flag": 0.0,
  "retrieval_broken_count": 0.0,
  "retrieval_broken_mean_delta_cosine_change": 0.0,
  "retrieval_broken_mean_floor_margin": 0.0,
  "retrieval_broken_mean_margin_change": 0.0,
  "retrieval_broken_mean_selected_margin": 0.0,
  "retrieval_broken_mean_transition_gain_change": 0.0,
  "retrieval_broken_near_tie_fraction": 0.0,
  "retrieval_floor_median_rank": 1.0,
  "retrieval_mean_floor_margin": 0.0642690349989075,
  "retrieval_mean_margin_change": 0.00010663140500823378,
  "retrieval_mean_rank_change": 0.0,
  "retrieval_mean_residual_norm": 0.017497528570729785,
  "retrieval_mean_selected_margin": 0.06437566640391575,
  "retrieval_preserved_correct_count": 23.0,
  "retrieval_repaired_count": 0.0,
  "retrieval_row_count": 27.0,
  "retrieval_selected_median_rank": 1.0,
  "retrieval_still_wrong_count": 4.0,
  "rna_to_image_recall_at_1": 0.7407407407407407,
  "rowwise_active_fraction": 0.3333333333333333,
  "rowwise_effective_scale": 0.016666666666666666,
  "rowwise_risk_score_mean": -0.6125757410770546,
  "rowwise_selected_base_scale": 0.05,
  "seed": 27,
  "selected_action_negative_gap": 0.00802966836336838,
  "selected_delta_cosine": 0.9082581761182558,
  "selected_delta_rank": 7.243750384883581,
  "selected_gap_delta_cosine": 0.0010552116745795592,
  "selected_gap_recall": 0.0,
  "selected_gap_transition": 0.00016890976580907768,
  "selected_magnitude_ratio": 0.9732920093428652,
  "selected_recall_at_1": 0.8518518518518519,
  "selected_residual_scale": 0.016666666666666666,
  "selected_transition_improvement": 0.25608689827618525,
  "target_effective_rank": 6.5985484245500725,
  "train_rowwise_floor_delta_cosine": 0.9482886415519682,
  "train_rowwise_floor_recall_at_1": 0.5,
  "train_rowwise_floor_transition": 0.3225770267260718,
  "train_rowwise_selected_active_fraction": 0.3055555555555556,
  "train_rowwise_selected_broken_count": 0.0,
  "train_rowwise_selected_delta_cosine": 0.9492437763785139,
  "train_rowwise_selected_gap_delta_cosine": 0.0009551348265456339,
  "train_rowwise_selected_gap_recall": 0.0,
  "train_rowwise_selected_gap_transition": 0.00019465179110872421,
  "train_rowwise_selected_near_tie_erosions": 0.0,
  "train_rowwise_selected_near_tie_flips": 0.0,
  "train_rowwise_selected_recall_at_1": 0.5,
  "train_rowwise_selected_scale": 0.05,
  "train_rowwise_selected_threshold": -0.9308289711959528,
  "train_rowwise_selected_transition": 0.3227716785171805,
  "train_rowwise_selected_unsafe_count": 24.0
}
