{
  "base_action_negative_loss": 0.02060878276824951,
  "base_delta_direction_loss": 0.053353190422058105,
  "base_image_to_rna_loss": 0.021763494238257408,
  "base_loss": 0.16911885142326355,
  "base_mean_negative_transition_cosine": 0.8368390202522278,
  "base_mean_positive_transition_cosine": 0.9546048045158386,
  "base_pca_anchor_loss": 0.334428995847702,
  "base_rna_to_image_loss": 0.008959103375673294,
  "base_source_improvement_hinge": 0.0,
  "base_transition_loss": 0.05013709142804146,
  "base_variance_loss": 3.158735853503458e-05,
  "head_head_delta_loss": 0.010915279388427734,
  "head_head_endpoint_loss": 0.006324410438537598,
  "head_head_floor_delta_hinge": 0.0,
  "head_head_floor_endpoint_hinge": 0.0003268875880166888,
  "head_head_loss": 0.017342014238238335,
  "head_head_residual_norm": 0.0007220307597890496,
  "head_head_residual_scale": 0.9819847941398621,
  "seed": 27
}
