{
  "direct_delta_cosine": 0.9692811826538767,
  "direct_delta_rank": 8.23038188326431,
  "direct_recall_at_1": 0.8888888888888888,
  "direct_transition_improvement": 0.2365265146281514,
  "floor_delta_cosine": 0.9517509821848421,
  "floor_delta_rank": 6.273849090566311,
  "floor_init_error": 8.746724668995398e-07,
  "floor_recall_at_1": 1.0,
  "floor_transition_improvement": 0.2317946174340691,
  "identity_violation": 0.0,
  "image_target_effective_rank": 7.021552458141622,
  "image_to_rna_recall_at_1": 0.8148148148148148,
  "leakage_flag": 0.0,
  "retrieval_broken_count": 0.0,
  "retrieval_broken_mean_delta_cosine_change": 0.0,
  "retrieval_broken_mean_floor_margin": 0.0,
  "retrieval_broken_mean_margin_change": 0.0,
  "retrieval_broken_mean_selected_margin": 0.0,
  "retrieval_broken_mean_transition_gain_change": 0.0,
  "retrieval_broken_near_tie_fraction": 0.0,
  "retrieval_floor_median_rank": 1.0,
  "retrieval_mean_floor_margin": 0.029313314501982553,
  "retrieval_mean_margin_change": 0.0002596132595666522,
  "retrieval_mean_rank_change": 0.0,
  "retrieval_mean_residual_norm": 0.035921057779101886,
  "retrieval_mean_selected_margin": 0.029572927761549204,
  "retrieval_preserved_correct_count": 27.0,
  "retrieval_repaired_count": 0.0,
  "retrieval_row_count": 27.0,
  "retrieval_selected_median_rank": 1.0,
  "retrieval_still_wrong_count": 0.0,
  "rna_to_image_recall_at_1": 0.7777777777777778,
  "rowwise_active_fraction": 0.6296296296296297,
  "rowwise_effective_scale": 0.031481481481481485,
  "rowwise_risk_score_mean": -1.2845319765215892,
  "rowwise_selected_base_scale": 0.05,
  "seed": 24,
  "selected_action_negative_gap": 0.019346684449591534,
  "selected_delta_cosine": 0.9527365867474492,
  "selected_delta_rank": 6.412111080480122,
  "selected_gap_delta_cosine": 0.0009856045626071008,
  "selected_gap_recall": 0.0,
  "selected_gap_transition": 0.00027593569286579744,
  "selected_magnitude_ratio": 1.0446995310952247,
  "selected_recall_at_1": 1.0,
  "selected_residual_scale": 0.031481481481481485,
  "selected_transition_improvement": 0.2320705531269349,
  "target_effective_rank": 5.462670159324522,
  "train_rowwise_floor_delta_cosine": 0.9746675382493873,
  "train_rowwise_floor_recall_at_1": 0.5,
  "train_rowwise_floor_transition": 0.25277840396324636,
  "train_rowwise_selected_active_fraction": 0.5555555555555556,
  "train_rowwise_selected_broken_count": 0.0,
  "train_rowwise_selected_delta_cosine": 0.9754898063906947,
  "train_rowwise_selected_gap_delta_cosine": 0.0008222681413073696,
  "train_rowwise_selected_gap_recall": 0.0,
  "train_rowwise_selected_gap_transition": 0.00024073717731093458,
  "train_rowwise_selected_near_tie_erosions": 0.0,
  "train_rowwise_selected_near_tie_flips": 0.0,
  "train_rowwise_selected_recall_at_1": 0.5,
  "train_rowwise_selected_scale": 0.05,
  "train_rowwise_selected_threshold": -0.9049353499195485,
  "train_rowwise_selected_transition": 0.2530191411405573,
  "train_rowwise_selected_unsafe_count": 16.0
}
