seed	cache_status	transition_improvement	delta_cosine	condition_recall_at_1	condition_median_rank	delta_prediction_effective_rank	delta_magnitude_ratio	best_composite_condition_recall_at_1	best_composite_delta_weight	endpoint_condition_recall_at_1	online_source_condition_recall_at_1	online_source_condition_median_rank	online_source_selected_fraction_mean	online_source_selected_delta_weight_mean	online_teacher_row_cosine_mean	online_minus_teacher_residual_cell_line_eta
1	ok	0.021756478285427833	0.5404280277268804	0.3333333333333333	2.0	9.937518308977577	0.7933582487536444	0.3716931216931217	0.5	0.27645502645502645	0.4186507936507936	1.9285714285714286	0.3333333333333333	0.7383928571428571	0.938743114165721	0.8089644168940938
2	ok	0.009402064646795659	0.4018851082029823	0.2962962962962963	5.0	9.632914633777684	0.5918627929859949	0.44841269841269843	0.1	0.32936507936507936	0.4636243386243386	1.75	0.3333333333333333	0.4678571428571429	0.9141283358739027	0.5472735689895137
3	ok	0.0004243423315500173	0.4200548145191377	0.25925925925925924	3.0	10.486444270464679	0.8778340372856198	0.3716931216931217	0.1	0.3194444444444445	0.38359788359788355	2.1607142857142856	0.34523809523809523	0.2267857142857143	0.9283147272474991	0.6429859608660564
4	ok	0.019162402606056148	0.4972452146646043	0.2962962962962963	2.0	10.888689749023888	0.7407240625696372	0.4325396825396825	0.35	0.332010582010582	0.43783068783068785	1.7857142857142858	0.3363095238095238	0.5294642857142857	0.9395439136731321	0.7613796768476649
