{
  "best_composite_condition_recall_mean": 0.4060846560846561,
  "diagnostic_label": "G002_FRESH_REPLICATION_CONFIRMS_SOURCE_PROXY_INSTABILITY_BELOW_FLOOR",
  "floor_condition_recall_mean": 0.2962962962962963,
  "online_source_condition_recall_mean": 0.42592592592592593,
  "online_source_condition_recall_min": 0.38359788359788355,
  "online_source_condition_recall_std": 0.029186830904254286,
  "online_source_floor_fraction": 0.0,
  "protected_condition_recall_floor": 0.48148148148148145,
  "seed_rows": [
    {
      "best_composite_condition_recall_at_1": 0.3716931216931217,
      "best_composite_delta_weight": 0.5,
      "cache_status": "ok",
      "condition_median_rank": 2.0,
      "condition_recall_at_1": 0.3333333333333333,
      "delta_cosine": 0.5404280277268804,
      "delta_magnitude_ratio": 0.7933582487536444,
      "delta_prediction_effective_rank": 9.937518308977577,
      "endpoint_condition_recall_at_1": 0.27645502645502645,
      "online_minus_teacher_residual_cell_line_eta": 0.8089644168940938,
      "online_source_condition_median_rank": 1.9285714285714286,
      "online_source_condition_recall_at_1": 0.4186507936507936,
      "online_source_selected_delta_weight_mean": 0.7383928571428571,
      "online_source_selected_fraction_mean": 0.3333333333333333,
      "online_teacher_row_cosine_mean": 0.938743114165721,
      "seed": 1,
      "transition_improvement": 0.021756478285427833
    },
    {
      "best_composite_condition_recall_at_1": 0.44841269841269843,
      "best_composite_delta_weight": 0.1,
      "cache_status": "ok",
      "condition_median_rank": 5.0,
      "condition_recall_at_1": 0.2962962962962963,
      "delta_cosine": 0.4018851082029823,
      "delta_magnitude_ratio": 0.5918627929859949,
      "delta_prediction_effective_rank": 9.632914633777684,
      "endpoint_condition_recall_at_1": 0.32936507936507936,
      "online_minus_teacher_residual_cell_line_eta": 0.5472735689895137,
      "online_source_condition_median_rank": 1.75,
      "online_source_condition_recall_at_1": 0.4636243386243386,
      "online_source_selected_delta_weight_mean": 0.4678571428571429,
      "online_source_selected_fraction_mean": 0.3333333333333333,
      "online_teacher_row_cosine_mean": 0.9141283358739027,
      "seed": 2,
      "transition_improvement": 0.009402064646795659
    },
    {
      "best_composite_condition_recall_at_1": 0.3716931216931217,
      "best_composite_delta_weight": 0.1,
      "cache_status": "ok",
      "condition_median_rank": 3.0,
      "condition_recall_at_1": 0.25925925925925924,
      "delta_cosine": 0.4200548145191377,
      "delta_magnitude_ratio": 0.8778340372856198,
      "delta_prediction_effective_rank": 10.486444270464679,
      "endpoint_condition_recall_at_1": 0.3194444444444445,
      "online_minus_teacher_residual_cell_line_eta": 0.6429859608660564,
      "online_source_condition_median_rank": 2.1607142857142856,
      "online_source_condition_recall_at_1": 0.38359788359788355,
      "online_source_selected_delta_weight_mean": 0.2267857142857143,
      "online_source_selected_fraction_mean": 0.34523809523809523,
      "online_teacher_row_cosine_mean": 0.9283147272474991,
      "seed": 3,
      "transition_improvement": 0.0004243423315500173
    },
    {
      "best_composite_condition_recall_at_1": 0.4325396825396825,
      "best_composite_delta_weight": 0.35,
      "cache_status": "ok",
      "condition_median_rank": 2.0,
      "condition_recall_at_1": 0.2962962962962963,
      "delta_cosine": 0.4972452146646043,
      "delta_magnitude_ratio": 0.7407240625696372,
      "delta_prediction_effective_rank": 10.888689749023888,
      "endpoint_condition_recall_at_1": 0.332010582010582,
      "online_minus_teacher_residual_cell_line_eta": 0.7613796768476649,
      "online_source_condition_median_rank": 1.7857142857142858,
      "online_source_condition_recall_at_1": 0.43783068783068785,
      "online_source_selected_delta_weight_mean": 0.5294642857142857,
      "online_source_selected_fraction_mean": 0.3363095238095238,
      "online_teacher_row_cosine_mean": 0.9395439136731321,
      "seed": 4,
      "transition_improvement": 0.019162402606056148
    }
  ],
  "seeds_completed": [
    1,
    2,
    3,
    4
  ],
  "seeds_requested": [
    1,
    2,
    3,
    4
  ]
}
