delta_score_weight	mean_condition_recall_at_1	min_condition_recall_at_1	mean_condition_median_rank	mean_perturbation_recall_at_1	seed
0.1	0.44841269841269843	0.2962962962962963	1.8392857142857142	0.46164021164021163	2
0.2	0.4431216931216931	0.2962962962962963	1.9107142857142858	0.47288359788359785	2
0.05	0.421957671957672	0.2962962962962963	1.9642857142857142	0.43650793650793646	2
0.35	0.4212962962962963	0.25925925925925924	1.9642857142857142	0.45965608465608465	2
0.5	0.3961640211640211	0.18518518518518517	2.0714285714285716	0.44576719576719576	2
0.65	0.38029100529100524	0.1111111111111111	2.1964285714285716	0.4398148148148148	2
0.8	0.37037037037037035	0.1111111111111111	2.3392857142857144	0.4398148148148148	2
1.0	0.35317460317460314	0.1111111111111111	2.4464285714285716	0.4272486772486772	2
0.0	0.32936507936507936	0.14814814814814814	2.8214285714285716	0.36441798941798936	2
