delta_score_weight	mean_condition_recall_at_1	min_condition_recall_at_1	mean_condition_median_rank	mean_perturbation_recall_at_1	seed
0.35	0.4325396825396825	0.2222222222222222	1.8571428571428572	0.4523809523809524	4
0.2	0.42857142857142855	0.25925925925925924	1.875	0.4345238095238095	4
0.5	0.421957671957672	0.25925925925925924	1.9107142857142858	0.4497354497354497	4
0.1	0.41666666666666663	0.2222222222222222	1.9464285714285714	0.4206349206349206	4
0.65	0.4126984126984127	0.25925925925925924	1.9464285714285714	0.449074074074074	4
0.8	0.4060846560846561	0.2222222222222222	2.0	0.4497354497354497	4
1.0	0.3902116402116402	0.18518518518518517	2.0892857142857144	0.45105820105820105	4
0.05	0.3763227513227513	0.2222222222222222	2.0535714285714284	0.3822751322751322	4
0.0	0.332010582010582	0.18518518518518517	2.3035714285714284	0.3472222222222222	4
