delta_score_weight	mean_condition_recall_at_1	min_condition_recall_at_1	mean_condition_median_rank	mean_perturbation_recall_at_1	seed
0.1	0.3716931216931217	0.25925925925925924	2.5	0.40343915343915343	3
0.05	0.3604497354497354	0.25925925925925924	2.482142857142857	0.40277777777777773	3
0.2	0.35714285714285715	0.2222222222222222	2.5892857142857144	0.3822751322751322	3
0.35	0.3373015873015873	0.2222222222222222	2.857142857142857	0.3763227513227513	3
0.0	0.3194444444444445	0.18518518518518517	2.6964285714285716	0.3776455026455026	3
0.5	0.3095238095238095	0.2222222222222222	3.482142857142857	0.3664021164021164	3
0.65	0.29298941798941797	0.2222222222222222	3.857142857142857	0.3697089947089947	3
0.8	0.2738095238095238	0.18518518518518517	4.232142857142857	0.375	3
1.0	0.251984126984127	0.14814814814814814	4.589285714285714	0.3743386243386243	3
