representation	representation_class	seed_policy_count	mean_eval_cell_zbio_cosine	mean_real_transition	mean_real_delta_cosine	mean_real_recall_at_1	mean_real_delta_rank	mean_abs_transition_optimism	mean_abs_delta_optimism	max_abs_transition_optimism	max_abs_delta_optimism	mean_eval_effective_rank_z	mean_train_perturbation_probe_cv	mean_train_batch_probe_cv
clean_rna_to_zbio_ridge	oracle	15	0.9034383068381258	0.16824499454928604	0.9325945817243271	0.9851851851851853	3.183847287239943	0.030741349000539108	0.042520654402754085	0.05671516616857898	0.1810728403862385	4.393937516795891	0.3333333333333333	0.22870370370370371
true_z_bio	oracle	15	1.0	0.16953120162800714	0.9648553302171389	1.0	3.55143600767371	0.016932093882304954	0.05119970601882025	0.0433457611885803	0.18267513554844383	5.574002608851815	0.4564814814814815	0.19444444444444445
image_to_zbio_ridge	train_only_recovered	15	0.9992068665836323	0.17026033709312072	0.9686163555004593	1.0	3.566198650654501	0.016695304551762047	0.05255062098545685	0.043019844067497176	0.1867120899522675	5.503290335588071	0.44166666666666665	0.1935185185185185
rna_image_to_zbio_ridge	train_only_recovered	15	0.997778510001508	0.170390052720611	0.9698999020983262	1.0	3.528108884757182	0.017249744997972234	0.05418504374966753	0.04455507475532308	0.18810413755444233	5.512439863570625	0.4574074074074074	0.19444444444444445
observed_rna_train_pca	train_only_recovered	15	0.0	0.3059951020058439	0.9178814850802357	0.9135802469135803	7.293701283503887	0.058406140545465425	0.08875146597741966	0.23173865483323217	0.21993576371878365	7.839206501615208	0.23425925925925925	0.36759259259259264
observed_rna_to_zbio_ridge	train_only_recovered	15	0.681862721492951	0.09651216202474537	0.7372812519762425	0.8864197530864197	4.37479037055183	0.048403961766031754	0.16708221203555665	0.12946326301318756	0.33562053046819573	5.6337581028215515	0.33611111111111114	0.2574074074074074
batch_residualized_rna_to_zbio_ridge	train_only_recovered	15	0.6805154494408188	0.09619377444101979	0.7353135131527974	0.8765432098765432	4.372044873571432	0.04850767108887577	0.1689498709432027	0.12782524709497897	0.3334681548965521	5.664245455121792	0.34444444444444444	0.22777777777777777
