{
  "direct_delta_cosine": 0.9553143432543786,
  "direct_delta_rank": 10.006084527613565,
  "direct_recall_at_1": 0.7777777777777778,
  "direct_transition_improvement": 0.14825547628213553,
  "floor_delta_cosine": 0.9348091301779191,
  "floor_delta_rank": 7.653265271940026,
  "floor_init_error": 6.146275541851765e-07,
  "floor_recall_at_1": 0.8888888888888888,
  "floor_transition_improvement": 0.14366915588425286,
  "identity_violation": 0.0,
  "image_target_effective_rank": 5.965925413995415,
  "image_to_rna_recall_at_1": 0.7777777777777778,
  "inner_val_broken_count": 0.0,
  "inner_val_floor_delta_cosine": 0.9278397509937192,
  "inner_val_floor_recall_at_1": 0.5,
  "inner_val_floor_transition": 0.14653098784106897,
  "inner_val_mean_margin_change": 0.0018605547433893392,
  "inner_val_selected_delta_cosine": 0.9644117323856661,
  "inner_val_selected_gap_delta_cosine": 0.03657198139194695,
  "inner_val_selected_gap_recall": 0.045454545454545414,
  "inner_val_selected_gap_transition": 0.008287810039880716,
  "inner_val_selected_recall_at_1": 0.5454545454545454,
  "inner_val_selected_scale": 0.75,
  "inner_val_selected_transition": 0.15481879788094968,
  "leakage_flag": 0.0,
  "retrieval_broken_count": 1.0,
  "retrieval_broken_mean_delta_cosine_change": 0.007991880740609525,
  "retrieval_broken_mean_floor_margin": 0.004438713567499586,
  "retrieval_broken_mean_margin_change": -0.005499513086931418,
  "retrieval_broken_mean_selected_margin": -0.001060799519431832,
  "retrieval_broken_mean_transition_gain_change": 0.01039583409212419,
  "retrieval_broken_near_tie_fraction": 1.0,
  "retrieval_floor_median_rank": 1.0,
  "retrieval_mean_floor_margin": 0.04787862585862564,
  "retrieval_mean_margin_change": 0.011424956229193532,
  "retrieval_mean_rank_change": 0.037037037037037035,
  "retrieval_mean_residual_norm": 0.6756004185755901,
  "retrieval_mean_selected_margin": 0.059303582087819176,
  "retrieval_preserved_correct_count": 23.0,
  "retrieval_repaired_count": 0.0,
  "retrieval_row_count": 27.0,
  "retrieval_selected_median_rank": 1.0,
  "retrieval_still_wrong_count": 3.0,
  "rna_to_image_recall_at_1": 0.8148148148148148,
  "seed": 0,
  "selected_action_negative_gap": 0.023921592172789177,
  "selected_delta_cosine": 0.9557921337191744,
  "selected_delta_rank": 9.616351945866294,
  "selected_gap_delta_cosine": 0.020983003541255263,
  "selected_gap_recall": -0.03703703703703698,
  "selected_gap_transition": 0.00463997157039317,
  "selected_magnitude_ratio": 1.0194049029451444,
  "selected_recall_at_1": 0.8518518518518519,
  "selected_residual_scale": 0.75,
  "selected_transition_improvement": 0.14830912745464603,
  "target_effective_rank": 4.9867390041693875
}
