{
  "direct_delta_cosine": 0.9176971442898058,
  "direct_delta_rank": 9.307619505323764,
  "direct_recall_at_1": 1.0,
  "direct_transition_improvement": 0.43064729033270444,
  "floor_delta_cosine": 0.8062536053003689,
  "floor_delta_rank": 6.798110719493703,
  "floor_init_error": 8.574065644140205e-07,
  "floor_recall_at_1": 0.9629629629629629,
  "floor_transition_improvement": 0.383847438510431,
  "identity_violation": 0.0,
  "image_target_effective_rank": 7.736660365162129,
  "image_to_rna_recall_at_1": 0.8888888888888888,
  "leakage_flag": 0.0,
  "retrieval_broken_count": 0.0,
  "retrieval_broken_mean_delta_cosine_change": 0.0,
  "retrieval_broken_mean_floor_margin": 0.0,
  "retrieval_broken_mean_margin_change": 0.0,
  "retrieval_broken_mean_selected_margin": 0.0,
  "retrieval_broken_mean_transition_gain_change": 0.0,
  "retrieval_broken_near_tie_fraction": 0.0,
  "retrieval_floor_median_rank": 1.0,
  "retrieval_mean_floor_margin": 0.15876262558129492,
  "retrieval_mean_margin_change": 8.51316772264453e-06,
  "retrieval_mean_rank_change": 0.0,
  "retrieval_mean_residual_norm": 0.010871213426083763,
  "retrieval_mean_selected_margin": 0.15877113874901755,
  "retrieval_preserved_correct_count": 26.0,
  "retrieval_repaired_count": 0.0,
  "retrieval_row_count": 27.0,
  "retrieval_selected_median_rank": 1.0,
  "retrieval_still_wrong_count": 1.0,
  "rna_to_image_recall_at_1": 0.7777777777777778,
  "rowwise_active_fraction": 0.18518518518518517,
  "rowwise_effective_scale": 0.009259259259259259,
  "rowwise_risk_score_mean": -0.2105790092407267,
  "rowwise_selected_base_scale": 0.05,
  "seed": 19,
  "selected_action_negative_gap": 0.040453446448500796,
  "selected_delta_cosine": 0.8067869206808962,
  "selected_delta_rank": 6.867042477570351,
  "selected_gap_delta_cosine": 0.000533315380527255,
  "selected_gap_recall": 0.0,
  "selected_gap_transition": 0.00017226914578949426,
  "selected_magnitude_ratio": 1.109970239615899,
  "selected_recall_at_1": 0.9629629629629629,
  "selected_residual_scale": 0.009259259259259259,
  "selected_transition_improvement": 0.3840197076562205,
  "target_effective_rank": 6.929110975037576,
  "train_rowwise_floor_delta_cosine": 0.9012139806918036,
  "train_rowwise_floor_recall_at_1": 0.5,
  "train_rowwise_floor_transition": 0.46367261184757524,
  "train_rowwise_selected_active_fraction": 0.2222222222222222,
  "train_rowwise_selected_broken_count": 0.0,
  "train_rowwise_selected_delta_cosine": 0.9022752547503846,
  "train_rowwise_selected_gap_delta_cosine": 0.0010612740585810299,
  "train_rowwise_selected_gap_recall": 0.0,
  "train_rowwise_selected_gap_transition": 0.0001803634053126335,
  "train_rowwise_selected_near_tie_erosions": 0.0,
  "train_rowwise_selected_near_tie_flips": 0.0,
  "train_rowwise_selected_recall_at_1": 0.5,
  "train_rowwise_selected_scale": 0.05,
  "train_rowwise_selected_threshold": -0.11015850858077832,
  "train_rowwise_selected_transition": 0.4638529752528879,
  "train_rowwise_selected_unsafe_count": 28.0
}
