{
  "base_action_negative_loss": 0.020285021513700485,
  "base_delta_direction_loss": 0.052094459533691406,
  "base_image_to_rna_loss": 0.015175742097198963,
  "base_loss": 0.15757893025875092,
  "base_mean_negative_transition_cosine": 0.6665529608726501,
  "base_mean_positive_transition_cosine": 0.9641725420951843,
  "base_pca_anchor_loss": 0.3483535349369049,
  "base_rna_to_image_loss": 0.006384546868503094,
  "base_source_improvement_hinge": 0.000518846558406949,
  "base_transition_loss": 0.044177934527397156,
  "base_variance_loss": 0.0,
  "head_head_delta_loss": 0.02763974666595459,
  "head_head_endpoint_loss": 0.012272953987121582,
  "head_head_floor_delta_hinge": 0.00011022284161299467,
  "head_head_floor_endpoint_hinge": 0.0002459765528328717,
  "head_head_loss": 0.038348402827978134,
  "head_head_residual_norm": 0.00120782689191401,
  "head_head_residual_scale": 1.040790319442749,
  "seed": 19
}
