seed	base_loss	base_transition_loss	base_delta_direction_loss	base_source_improvement_hinge	base_rna_to_image_loss	base_image_to_rna_loss	base_pca_anchor_loss	base_action_negative_loss	base_variance_loss	base_mean_positive_transition_cosine	base_mean_negative_transition_cosine	head_head_loss	head_head_endpoint_loss	head_head_delta_loss	head_head_floor_endpoint_hinge	head_head_floor_delta_hinge	head_head_residual_norm	head_head_residual_scale
13	0.18508857488632202	0.037354566156864166	0.0700727105140686	0.0	0.011184470728039742	0.01657097041606903	0.46111932396888733	0.011275716125965118	0.0	0.9657391309738159	0.41967904567718506	0.027871230617165565	0.012515664100646973	0.013614892959594727	0.0003513027331791818	0.0004764780751429498	0.0007640796829946339	0.9969160556793213
14	0.19733783602714539	0.0590633787214756	0.07190960645675659	0.0027194833382964134	0.007201331667602062	0.035535745322704315	0.29066336154937744	0.02488243207335472	4.7150999307632446e-05	0.9532931447029114	0.8191818594932556	0.022660303860902786	0.009786665439605713	0.013554573059082031	0.0	0.0	0.0005424216506071389	0.9776802659034729
15	0.18557754158973694	0.06238289922475815	0.05715268850326538	0.0	0.007568760775029659	0.024364370852708817	0.34585845470428467	0.01079604309052229	0.0004892771248705685	0.9471510052680969	0.7545254230499268	0.06749345362186432	0.03513073921203613	0.03455597162246704	0.0	0.0	0.0010333904065191746	1.0206844806671143
