{
  "direct_delta_cosine": 0.8321305906647707,
  "direct_delta_rank": 10.471092260479605,
  "direct_recall_at_1": 0.8148148148148148,
  "direct_transition_improvement": 0.23683803702812847,
  "floor_delta_cosine": 0.932261923188985,
  "floor_delta_rank": 6.230242065351273,
  "floor_recall_at_1": 1.0,
  "floor_transition_improvement": 0.2724394655216964,
  "identity_violation": 0.0,
  "image_target_effective_rank": 7.238290478159652,
  "image_to_rna_recall_at_1": 0.7037037037037037,
  "leakage_flag": 0.0,
  "rna_to_image_recall_at_1": 0.7037037037037037,
  "selected_action_negative_gap": 0.011421118009169173,
  "selected_delta_cosine": 0.932261923188985,
  "selected_delta_rank": 6.230242065351273,
  "selected_gap_delta_cosine": 0.0,
  "selected_gap_recall": 0.0,
  "selected_gap_transition": 0.0,
  "selected_magnitude_ratio": 0.989959751361646,
  "selected_recall_at_1": 1.0,
  "selected_residual_scale": 0.0,
  "selected_train_delta_cosine": 0.9472656765128912,
  "selected_train_recall_at_1": 0.5,
  "selected_train_transition_improvement": 0.31538051651863425,
  "selected_transition_improvement": 0.2724394655216964,
  "target_effective_rank": 5.545190988462882
}
