{
  "action_negative_transition_gap": 0.006119561655543726,
  "benchmark": "synth_program_aligned_random_holdout_lite",
  "direct_delta_cosine": 0.6155138955942172,
  "direct_delta_rank": 8.85322810826305,
  "direct_magnitude_ratio": 1.2244781841539865,
  "direct_recall_at_1": 1.0,
  "direct_transition_improvement": 0.04734134811820118,
  "identity_violation": 0.0,
  "image_target_effective_rank": 7.080593653076607,
  "image_teacher_action_negative_gap": 0.02574249324107028,
  "image_teacher_delta_cosine": 0.7501004767685778,
  "image_teacher_delta_rank": 8.32126324733089,
  "image_teacher_magnitude_ratio": 1.4623524943476842,
  "image_teacher_recall_at_1": 1.0,
  "image_teacher_transition_improvement": 0.18674771681787095,
  "image_to_rna_recall_at_1": 0.9629629629629629,
  "leakage_flag": 0.0,
  "policy": "random_perturbation",
  "ridge_floor_delta_cosine": 0.6668615888578406,
  "ridge_floor_delta_rank": 6.769947560034099,
  "ridge_floor_recall_at_1": 1.0,
  "ridge_floor_transition_improvement": 0.031046866713647106,
  "rna_to_image_recall_at_1": 0.5925925925925926,
  "seed": 36,
  "source_image_cosine": 0.9898415438671505,
  "source_image_effective_rank": 3.316196534973935,
  "target_effective_rank": 9.384430234581394,
  "target_image_cosine": 0.8341795820023704,
  "target_image_effective_rank": 6.988893152734907,
  "transition_image_cosine": 0.955272830241227
}
