{
  "action_negative_loss": 0.01718750037252903,
  "active_delta_std_dims": 24.0,
  "delta_cosine_train": 0.9428179264068604,
  "delta_variance_loss": 0.0,
  "device_used": "cpu",
  "image_to_rna_loss": 0.027078574523329735,
  "loss": 0.24159277975559235,
  "magnitude_loss": 0.21144020557403564,
  "pca_delta_direction_loss": 0.05718207359313965,
  "relational_loss": 0.02643800526857376,
  "rna_to_image_loss": 0.017206020653247833,
  "source_anchor_cosine": 0.9902909398078918,
  "source_anchor_loss": 0.013221070170402527,
  "source_improvement_hinge": 0.0,
  "steps": 120.0,
  "target_anchor_cosine": 0.9624269008636475,
  "target_anchor_loss": 0.04135323315858841,
  "teacher_delta_direction_loss": 0.2884615659713745,
  "transition_anchor_cosine": 0.9660674929618835,
  "transition_anchor_loss": 0.03756684809923172,
  "transition_loss": 0.08945886045694351,
  "variance_loss": 0.03589276596903801
}
