{
  "final_loss": 0.5623033046722412,
  "final_train_cosine": 0.8186143040657043
}
