{
  "direct_delta_cosine": 0.9493832975225002,
  "direct_delta_rank": 10.033720175354581,
  "direct_recall_at_1": 0.8148148148148148,
  "direct_transition_improvement": 0.21204870031365733,
  "floor_delta_cosine": 0.9232905508912224,
  "floor_delta_rank": 7.313377330227081,
  "floor_init_error": 6.788023292347845e-07,
  "floor_recall_at_1": 0.8148148148148148,
  "floor_transition_improvement": 0.20894105623352074,
  "identity_violation": 0.0,
  "image_target_effective_rank": 6.265357666190274,
  "image_to_rna_recall_at_1": 0.7777777777777778,
  "leakage_flag": 0.0,
  "retrieval_broken_count": 0.0,
  "retrieval_broken_mean_delta_cosine_change": 0.0,
  "retrieval_broken_mean_floor_margin": 0.0,
  "retrieval_broken_mean_margin_change": 0.0,
  "retrieval_broken_mean_selected_margin": 0.0,
  "retrieval_broken_mean_transition_gain_change": 0.0,
  "retrieval_broken_near_tie_fraction": 0.0,
  "retrieval_floor_median_rank": 1.0,
  "retrieval_mean_floor_margin": 0.025928284127364136,
  "retrieval_mean_margin_change": 0.00044537447848677945,
  "retrieval_mean_rank_change": 0.0,
  "retrieval_mean_residual_norm": 0.0615099458632729,
  "retrieval_mean_selected_margin": 0.026373658605850916,
  "retrieval_preserved_correct_count": 22.0,
  "retrieval_repaired_count": 0.0,
  "retrieval_row_count": 27.0,
  "retrieval_selected_median_rank": 1.0,
  "retrieval_still_wrong_count": 5.0,
  "rna_to_image_recall_at_1": 0.6296296296296297,
  "seed": 7,
  "selected_action_negative_gap": 0.03759888117172863,
  "selected_delta_cosine": 0.9263924382201983,
  "selected_delta_rank": 7.5882267062126045,
  "selected_gap_delta_cosine": 0.003101887328975983,
  "selected_gap_recall": 0.0,
  "selected_gap_transition": 0.0007679019062072079,
  "selected_magnitude_ratio": 1.1040487085745976,
  "selected_recall_at_1": 0.8148148148148148,
  "selected_residual_scale": 0.05,
  "selected_transition_improvement": 0.20970895813972795,
  "target_effective_rank": 4.885289727899029,
  "train_small_cap_floor_delta_cosine": 0.9266003751978905,
  "train_small_cap_floor_recall_at_1": 0.4583333333333333,
  "train_small_cap_floor_transition": 0.23817847799366543,
  "train_small_cap_selected_delta_cosine": 0.9315331918271583,
  "train_small_cap_selected_gap_delta_cosine": 0.004932816629267811,
  "train_small_cap_selected_gap_recall": 0.0,
  "train_small_cap_selected_gap_transition": 0.0012954023534958448,
  "train_small_cap_selected_recall_at_1": 0.4583333333333333,
  "train_small_cap_selected_scale": 0.05,
  "train_small_cap_selected_train_broken_count_diagnostic_only": 0.0,
  "train_small_cap_selected_train_mean_margin_change_diagnostic_only": 6.458709742496954e-05,
  "train_small_cap_selected_transition": 0.23947388034716127
}
