seed	scale	safe	transition_improvement	delta_cosine	recall_at_1	gap_transition	gap_delta_cosine	gap_recall	train_broken_count_diagnostic_only	train_mean_margin_change_diagnostic_only
7	0.0	True	0.23817847799366543	0.9266003751978905	0.4583333333333333	0.0	0.0	0.0	0.0	0.0
7	0.025	True	0.2388350743479442	0.9290866313355313	0.4583333333333333	0.0006565963542787823	0.002486256137640752	0.0	0.0	3.267525613675123e-05
7	0.05	True	0.23947388034716127	0.9315331918271583	0.4583333333333333	0.0012954023534958448	0.004932816629267811	0.0	0.0	6.458709742496954e-05
