{
  "base_action_negative_loss": 0.02041328325867653,
  "base_delta_direction_loss": 0.05445510149002075,
  "base_image_to_rna_loss": 0.015980340540409088,
  "base_loss": 0.15104550123214722,
  "base_mean_negative_transition_cosine": 0.7733314037322998,
  "base_mean_positive_transition_cosine": 0.9670243859291077,
  "base_pca_anchor_loss": 0.27812689542770386,
  "base_rna_to_image_loss": 0.006245906464755535,
  "base_source_improvement_hinge": 0.001438654726371169,
  "base_transition_loss": 0.04531138390302658,
  "base_variance_loss": 0.0,
  "head_head_delta_loss": 0.016788899898529053,
  "head_head_endpoint_loss": 0.007302820682525635,
  "head_head_floor_delta_hinge": 0.0001768552465364337,
  "head_head_floor_endpoint_hinge": 0.00010861683404073119,
  "head_head_loss": 0.023449331521987915,
  "head_head_residual_norm": 0.000743457640055567,
  "head_head_residual_scale": 0.9721078276634216,
  "seed": 7
}
