{
  "action_negative_loss": 0.024656957015395164,
  "delta_direction_loss": 0.05618488788604736,
  "image_to_rna_loss": 0.01364117581397295,
  "loss": 0.16421817243099213,
  "mean_negative_transition_cosine": 0.848053514957428,
  "mean_positive_transition_cosine": 0.9604076743125916,
  "pca_anchor_loss": 0.31673169136047363,
  "rna_to_image_loss": 0.008147129788994789,
  "source_improvement_hinge": 0.0006736000068485737,
  "transition_loss": 0.05136023834347725,
  "variance_loss": 0.00047400096082128584
}
