{
  "action_negative_transition_gap": 0.015749958165468647,
  "direct_delta_cosine": 0.8679100877316291,
  "direct_delta_rank": 9.697753311802238,
  "direct_magnitude_ratio": 0.7087419966701403,
  "direct_recall_at_1": 0.5925925925925926,
  "direct_transition_improvement": 0.20464423117033026,
  "identity_violation": 0.0,
  "image_target_effective_rank": 6.030664775220678,
  "image_to_rna_recall_at_1": 0.6666666666666666,
  "leakage_flag": 0.0,
  "local_floor_gap_delta_cosine": -0.06531126859828162,
  "local_floor_gap_recall": -0.18518518518518523,
  "local_floor_gap_transition": -0.030182109964315973,
  "protected_floor_gap_delta_cosine": 0.4699100877316291,
  "protected_floor_gap_recall": 0.11109259259259258,
  "protected_floor_gap_transition": 0.19894423117033025,
  "ridge_floor_delta_cosine": 0.9332213563299108,
  "ridge_floor_delta_rank": 5.998760196293538,
  "ridge_floor_recall_at_1": 0.7777777777777778,
  "ridge_floor_transition_improvement": 0.23482634113464623,
  "rna_to_image_recall_at_1": 0.7407407407407407,
  "target_effective_rank": 5.100604607352773
}
