{
  "action_negative_loss": 0.04773777350783348,
  "active_delta_std_dims": 24.0,
  "delta_cosine_train": 0.04369601607322693,
  "delta_variance_loss": 0.0,
  "device_used": "cuda",
  "image_to_rna_loss": 0.08128073811531067,
  "loss": 112261.6015625,
  "magnitude_loss": 6.2662577629089355,
  "pca_delta_direction_loss": 0.9563039541244507,
  "relational_loss": 0.021352604031562805,
  "rna_to_image_loss": 0.03072274662554264,
  "source_anchor_cosine": 0.9213932752609253,
  "source_anchor_loss": 4868.080078125,
  "source_improvement_hinge": 0.0,
  "steps": 120.0,
  "target_anchor_cosine": 0.8567931652069092,
  "target_anchor_loss": 122839.34375,
  "teacher_delta_direction_loss": 0.21463751792907715,
  "transition_anchor_cosine": 0.9637459516525269,
  "transition_anchor_loss": 122841.25,
  "transition_loss": 0.3440304398536682,
  "variance_loss": 0.004921034909784794
}
