{
  "action_negative_transition_gap": 0.02852972739610035,
  "benchmark": "synth_program_aligned_stratified_holdout_lite",
  "calibrated_action_negative_gap": 0.03580532194624686,
  "calibrated_delta_cosine": 0.9511493408401238,
  "calibrated_delta_cosine_gain": 0.14654970824112656,
  "calibrated_delta_rank": 7.105150626794339,
  "calibrated_magnitude_ratio": 1.0284685460909142,
  "calibrated_recall_at_1": 1.0,
  "calibrated_recall_gain": 0.0,
  "calibrated_transition_gain": 0.008959584993981695,
  "calibrated_transition_improvement": 0.28902913420652754,
  "direct_delta_cosine": 0.8506653400966245,
  "direct_delta_rank": 8.69093133363172,
  "direct_magnitude_ratio": 1.1008850354492405,
  "direct_recall_at_1": 0.7777777777777778,
  "direct_transition_improvement": 0.16711093111911415,
  "identity_violation": 0.0,
  "image_target_effective_rank": 8.505902088638203,
  "image_teacher_action_negative_gap": 0.0321189232208913,
  "image_teacher_delta_cosine": 0.8045996325989972,
  "image_teacher_delta_rank": 8.394863875330019,
  "image_teacher_magnitude_ratio": 1.5258351173870863,
  "image_teacher_recall_at_1": 1.0,
  "image_teacher_transition_improvement": 0.28006954921254584,
  "image_to_rna_recall_at_1": 0.6666666666666666,
  "leakage_flag": 0.0,
  "policy": "stratified_program",
  "ridge_floor_delta_cosine": 0.8383452267395134,
  "ridge_floor_delta_rank": 6.141719554610731,
  "ridge_floor_recall_at_1": 0.8148148148148148,
  "ridge_floor_transition_improvement": 0.15567181301069735,
  "rna_to_image_recall_at_1": 0.6666666666666666,
  "seed": 34,
  "source_image_cosine": 0.9946945601606266,
  "source_image_effective_rank": 3.73753096553511,
  "target_effective_rank": 9.26190185654634,
  "target_image_cosine": 0.8773383876131882,
  "target_image_effective_rank": 7.24541530050123,
  "train_calibrated_delta_cosine": 0.9857072102035528,
  "train_calibrated_delta_rank": 8.12399401767706,
  "train_calibrated_magnitude_ratio": 0.986697427961722,
  "train_calibrated_recall_at_1": 0.5,
  "train_calibrated_transition_improvement": 0.32264320308512784,
  "train_raw_delta_cosine": 0.8185558630402983,
  "train_raw_delta_rank": 9.735757760422322,
  "train_raw_recall_at_1": 0.5,
  "train_raw_transition_improvement": 0.3087280081973527,
  "transition_image_cosine": 0.9618991776752774
}
