{
  "action_negative_loss": 0.00937500037252903,
  "active_delta_std_dims": 24.0,
  "delta_cosine_train": 0.9575678706169128,
  "delta_variance_loss": 0.0,
  "device_used": "cpu",
  "image_to_rna_loss": 0.02252831682562828,
  "loss": 0.16162700951099396,
  "magnitude_loss": 0.4622850716114044,
  "pca_delta_direction_loss": 0.04243212938308716,
  "relational_loss": 0.00684970011934638,
  "rna_to_image_loss": 0.007131661754101515,
  "source_anchor_cosine": 0.9944936037063599,
  "source_anchor_loss": 0.00964799802750349,
  "source_improvement_hinge": 0.0,
  "steps": 120.0,
  "target_anchor_cosine": 0.981592059135437,
  "target_anchor_loss": 0.022883957251906395,
  "teacher_delta_direction_loss": 0.1208794116973877,
  "transition_anchor_cosine": 0.9762172698974609,
  "transition_anchor_loss": 0.027485543861985207,
  "transition_loss": 0.06335924565792084,
  "variance_loss": 0.04493216797709465
}
