{
  "device_used": "cpu",
  "final_active_std_dims": 24.0,
  "final_loss": 0.30399906635284424,
  "final_mse": 0.08293545991182327,
  "final_prediction_target_cosine_train": 0.7677854299545288,
  "final_relational_loss": 0.1352754682302475,
  "relational_weight": 0.5,
  "steps": 80.0
}
