{
  "direct_delta_cosine": 0.9442459636061609,
  "direct_delta_rank": 8.79049331056164,
  "direct_recall_at_1": 0.9259259259259259,
  "direct_transition_improvement": 0.8779963065699021,
  "floor_delta_cosine": 0.9451042129030256,
  "floor_delta_rank": 6.542717457516064,
  "floor_init_error": 3.5398144060394543e-07,
  "floor_recall_at_1": 0.9259259259259259,
  "floor_transition_improvement": 0.8779172434619392,
  "identity_violation": 0.0,
  "image_target_effective_rank": 7.004296217200667,
  "image_to_rna_recall_at_1": 0.7407407407407407,
  "leakage_flag": 0.0,
  "retrieval_broken_count": 0.0,
  "retrieval_broken_mean_delta_cosine_change": 0.0,
  "retrieval_broken_mean_floor_margin": 0.0,
  "retrieval_broken_mean_margin_change": 0.0,
  "retrieval_broken_mean_selected_margin": 0.0,
  "retrieval_broken_mean_transition_gain_change": 0.0,
  "retrieval_broken_near_tie_fraction": 0.0,
  "retrieval_floor_median_rank": 1.0,
  "retrieval_mean_floor_margin": 0.07407683505374904,
  "retrieval_mean_margin_change": 0.0014163535301714148,
  "retrieval_mean_rank_change": 0.0,
  "retrieval_mean_residual_norm": 0.04384547813416528,
  "retrieval_mean_selected_margin": 0.07549318858392044,
  "retrieval_preserved_correct_count": 25.0,
  "retrieval_repaired_count": 0.0,
  "retrieval_row_count": 27.0,
  "retrieval_selected_median_rank": 1.0,
  "retrieval_still_wrong_count": 2.0,
  "rna_to_image_recall_at_1": 0.6296296296296297,
  "seed": 6,
  "selected_action_negative_gap": 0.0505163518495082,
  "selected_delta_cosine": 0.945758489009445,
  "selected_delta_rank": 6.748465133143623,
  "selected_gap_delta_cosine": 0.000654276106419438,
  "selected_gap_recall": 0.0,
  "selected_gap_transition": 0.0006704999772444431,
  "selected_magnitude_ratio": 0.9879365695874436,
  "selected_recall_at_1": 0.9259259259259259,
  "selected_residual_scale": 0.05,
  "selected_transition_improvement": 0.8785877434391837,
  "target_effective_rank": 7.691941490223132,
  "train_small_cap_floor_delta_cosine": 0.9622446154286945,
  "train_small_cap_floor_recall_at_1": 0.5,
  "train_small_cap_floor_transition": 0.8265808788619441,
  "train_small_cap_selected_delta_cosine": 0.9638331145814859,
  "train_small_cap_selected_gap_delta_cosine": 0.0015884991527913561,
  "train_small_cap_selected_gap_recall": 0.0,
  "train_small_cap_selected_gap_transition": 0.0013198612322670167,
  "train_small_cap_selected_recall_at_1": 0.5,
  "train_small_cap_selected_scale": 0.05,
  "train_small_cap_selected_train_broken_count_diagnostic_only": 0.0,
  "train_small_cap_selected_train_mean_margin_change_diagnostic_only": 3.968964190608709e-05,
  "train_small_cap_selected_transition": 0.8279007400942111
}
