seed	scale	safe	transition_improvement	delta_cosine	recall_at_1	gap_transition	gap_delta_cosine	gap_recall	train_broken_count_diagnostic_only	train_mean_margin_change_diagnostic_only
6	0.0	True	0.8265808788619441	0.9622446154286945	0.5	0.0	0.0	0.0	0.0	0.0
6	0.025	True	0.8272501449981629	0.9630473940541253	0.5	0.0006692661362187602	0.0008027786254307667	0.0	0.0	1.989254190364208e-05
6	0.05	True	0.8279007400942111	0.9638331145814859	0.5	0.0013198612322670167	0.0015884991527913561	0.0	0.0	3.968964190608709e-05
