{
  "active_gates_pass": false,
  "blocked_seed_count": 0,
  "blocked_seeds": [],
  "diagnostic_label": "F048_NON_EXACT_ACTION_OPERATOR_STILL_BELOW_FLOOR",
  "floor_variant_summary": [
    {
      "mean_action_dim": 20.0,
      "mean_delta_cosine": 0.45151513636166707,
      "mean_delta_rank": 10.245808787907375,
      "mean_eval_active_action_support_fraction": 0.5,
      "mean_exact_action_match_fraction": 0.0,
      "mean_gap_delta_vs_full": 0.0,
      "mean_gap_recall_vs_full": 0.0,
      "mean_gap_transition_vs_full": 0.0,
      "mean_magnitude_ratio": 0.7556432505625665,
      "mean_recall_at_1": 0.3333333333333333,
      "mean_transition_improvement": 0.011281438877204748,
      "seed_count": 5,
      "variant": "full_exact_plus_program_action"
    },
    {
      "mean_action_dim": 8.0,
      "mean_delta_cosine": 0.41430055906889274,
      "mean_delta_rank": 9.924756829135067,
      "mean_eval_active_action_support_fraction": 1.0,
      "mean_exact_action_match_fraction": 1.0,
      "mean_gap_delta_vs_full": -0.037214577292774234,
      "mean_gap_recall_vs_full": 0.022222222222222233,
      "mean_gap_transition_vs_full": -0.008897020108411858,
      "mean_magnitude_ratio": 0.8964676502220573,
      "mean_recall_at_1": 0.3555555555555555,
      "mean_transition_improvement": 0.002384418768792888,
      "seed_count": 5,
      "variant": "program_action_only"
    },
    {
      "mean_action_dim": 0.0,
      "mean_delta_cosine": 0.42764472546686944,
      "mean_delta_rank": 9.778554663094674,
      "mean_eval_active_action_support_fraction": 1.0,
      "mean_exact_action_match_fraction": 1.0,
      "mean_gap_delta_vs_full": -0.023870410894797623,
      "mean_gap_recall_vs_full": -0.07407407407407407,
      "mean_gap_transition_vs_full": -0.0014153053334741096,
      "mean_magnitude_ratio": 0.7167147237905473,
      "mean_recall_at_1": 0.25925925925925924,
      "mean_transition_improvement": 0.009866133543730638,
      "seed_count": 5,
      "variant": "source_only"
    },
    {
      "mean_action_dim": 16.0,
      "mean_delta_cosine": 0.4515151363616764,
      "mean_delta_rank": 10.24580878790742,
      "mean_eval_active_action_support_fraction": 1.0,
      "mean_exact_action_match_fraction": 0.0,
      "mean_gap_delta_vs_full": 9.370282327836322e-15,
      "mean_gap_recall_vs_full": 0.0,
      "mean_gap_transition_vs_full": 1.1191785345698868e-15,
      "mean_magnitude_ratio": 0.7556432505625732,
      "mean_recall_at_1": 0.3333333333333333,
      "mean_transition_improvement": 0.011281438877205865,
      "seed_count": 5,
      "variant": "supported_action_dims"
    },
    {
      "mean_action_dim": 8.0,
      "mean_delta_cosine": 0.41430055906889274,
      "mean_delta_rank": 9.924756829135067,
      "mean_eval_active_action_support_fraction": 1.0,
      "mean_exact_action_match_fraction": 1.0,
      "mean_gap_delta_vs_full": -0.037214577292774234,
      "mean_gap_recall_vs_full": 0.022222222222222233,
      "mean_gap_transition_vs_full": -0.008897020108411858,
      "mean_magnitude_ratio": 0.8964676502220573,
      "mean_recall_at_1": 0.3555555555555555,
      "mean_transition_improvement": 0.002384418768792888,
      "seed_count": 5,
      "variant": "supported_program_action_only"
    }
  ],
  "full_floor_summary": {
    "mean_action_dim": 20.0,
    "mean_delta_cosine": 0.45151513636166707,
    "mean_delta_rank": 10.245808787907375,
    "mean_eval_active_action_support_fraction": 0.5,
    "mean_exact_action_match_fraction": 0.0,
    "mean_gap_delta_vs_full": 0.0,
    "mean_gap_recall_vs_full": 0.0,
    "mean_gap_transition_vs_full": 0.0,
    "mean_magnitude_ratio": 0.7556432505625665,
    "mean_recall_at_1": 0.3333333333333333,
    "mean_transition_improvement": 0.011281438877204748,
    "seed_count": 5,
    "variant": "full_exact_plus_program_action"
  },
  "gates": {
    "primary_delta_cosine_gate": 0.3943880553384362,
    "primary_transition_gate": 0.0032213672056209536,
    "secondary_recall_gate": 0.25564378902443324
  },
  "heldout_local_floor_preserved": false,
  "identity": "frozen-latent program-action-only floor-initialized operator diagnostic; not a full JEPA promotion path",
  "leakage_controls": "program action columns are deterministic non-exact descriptors; exact perturbation one-hot columns are removed from candidate input; eval rows scoring-only",
  "max_floor_init_error": 1.8039026983968087e-07,
  "max_retrieval_broken_count": 0.0,
  "mean_floor_delta_cosine": 0.41430055906889274,
  "mean_floor_recall_at_1": 0.3555555555555555,
  "mean_floor_transition_improvement": 0.002384418768792888,
  "mean_selected_delta_cosine": 0.4152956375103278,
  "mean_selected_delta_rank": 9.9522412584886,
  "mean_selected_gap_delta_cosine": 0.0009950784414349823,
  "mean_selected_gap_recall": 0.007407407407407407,
  "mean_selected_gap_transition": 7.086775508698164e-05,
  "mean_selected_magnitude_ratio": 0.8976787330417123,
  "mean_selected_recall_at_1": 0.36296296296296293,
  "mean_selected_residual_scale": 0.05,
  "mean_selected_transition_improvement": 0.0024552865238798697,
  "min_selected_gap_delta_cosine": -0.0015878394083848058,
  "min_selected_gap_recall": 0.0,
  "min_selected_gap_transition": -0.0001512490496757262,
  "model_promoted": false,
  "operator_seed_rows": [
    {
      "action_dim": 8,
      "action_variant": "program_action_only",
      "cache_dir": "outputs/autoresearch_bioflow_jepa_phase4/delta_operator_audit",
      "cache_status": "current_phase4_cache",
      "floor_delta_cosine": 0.3292559025001556,
      "floor_delta_rank": 9.952470696636881,
      "floor_init_error": 1.04135579152842e-07,
      "floor_magnitude_ratio": 0.9224895024225522,
      "floor_recall_at_1": 0.5555555555555556,
      "floor_transition_improvement": -0.01154435683718035,
      "identity_violation": 0.0,
      "leakage_flag": 0.0,
      "retrieval_broken_count": 0.0,
      "retrieval_mean_margin_change": 1.5236181259602754e-05,
      "retrieval_repaired_count": 0.0,
      "seed": 0,
      "selected_delta_cosine": 0.32766806309177077,
      "selected_delta_rank": 9.971758172595553,
      "selected_gap_delta_cosine": -0.0015878394083848058,
      "selected_gap_recall": 0.0,
      "selected_gap_transition": -0.0001512490496757262,
      "selected_magnitude_ratio": 0.9226550673164817,
      "selected_recall_at_1": 0.5555555555555556,
      "selected_residual_scale": 0.05,
      "selected_transition_improvement": -0.011695605886856076,
      "train_small_cap_selected_gap_delta_cosine": 0.006923573711301145,
      "train_small_cap_selected_gap_recall": 0.0,
      "train_small_cap_selected_gap_transition": 0.0009171908873782664,
      "train_small_cap_selected_train_broken_count_diagnostic_only": 1.0
    },
    {
      "action_dim": 8,
      "action_variant": "program_action_only",
      "cache_dir": "outputs/autoresearch_total_autonomy_bioguard_wm_jepa/experiments/G001_fresh_synthetic_seed_cache/seed1_latent_cache",
      "cache_status": "loaded",
      "floor_delta_cosine": 0.4631352187334461,
      "floor_delta_rank": 9.451385970398876,
      "floor_init_error": 1.8039026983968087e-07,
      "floor_magnitude_ratio": 1.0013584368144,
      "floor_recall_at_1": 0.2962962962962963,
      "floor_transition_improvement": 0.009454733618749748,
      "identity_violation": 0.0,
      "leakage_flag": 0.0,
      "retrieval_broken_count": 0.0,
      "retrieval_mean_margin_change": 8.887863029755289e-05,
      "retrieval_repaired_count": 0.0,
      "seed": 1,
      "selected_delta_cosine": 0.46542143880795844,
      "selected_delta_rank": 9.486908890122058,
      "selected_gap_delta_cosine": 0.002286220074512346,
      "selected_gap_recall": 0.0,
      "selected_gap_transition": 9.517885209574424e-05,
      "selected_magnitude_ratio": 1.0012985586981857,
      "selected_recall_at_1": 0.2962962962962963,
      "selected_residual_scale": 0.05,
      "selected_transition_improvement": 0.009549912470845492,