{
  "action_negative_transition_gap": 0.02881193576711255,
  "benchmark": "synth_program_aligned_stratified_holdout_lite",
  "direct_delta_cosine": 0.8232063264758777,
  "direct_delta_rank": 8.627838459308354,
  "direct_magnitude_ratio": 1.080386986028378,
  "direct_recall_at_1": 0.5925925925925926,
  "direct_transition_improvement": 0.180087137949052,
  "identity_violation": 0.0,
  "image_target_effective_rank": 8.584248002463823,
  "image_teacher_action_negative_gap": 0.03245767421297896,
  "image_teacher_delta_cosine": 0.8201423036377316,
  "image_teacher_delta_rank": 8.316553350834543,
  "image_teacher_magnitude_ratio": 1.5464936108102483,
  "image_teacher_recall_at_1": 1.0,
  "image_teacher_transition_improvement": 0.27595211674595144,
  "image_to_rna_recall_at_1": 0.8148148148148148,
  "leakage_flag": 0.0,
  "policy": "stratified_program",
  "ridge_floor_delta_cosine": 0.8066990414703958,
  "ridge_floor_delta_rank": 5.8801754488397,
  "ridge_floor_recall_at_1": 0.7777777777777778,
  "ridge_floor_transition_improvement": 0.16551797239164928,
  "rna_to_image_recall_at_1": 0.7407407407407407,
  "seed": 34,
  "source_image_cosine": 0.9950184843677405,
  "source_image_effective_rank": 3.737530965535111,
  "target_effective_rank": 9.339297378798621,
  "target_image_cosine": 0.8577773002772148,
  "target_image_effective_rank": 7.245415300501227,
  "transition_image_cosine": 0.9577817452086831
}
