{
  "action_negative_loss": 0.010937499813735485,
  "active_delta_std_dims": 24.0,
  "delta_cosine_train": 0.9651284217834473,
  "delta_variance_loss": 0.0,
  "device_used": "cpu",
  "image_to_rna_loss": 0.022711200639605522,
  "loss": 0.14324218034744263,
  "magnitude_loss": 0.4754290282726288,
  "pca_delta_direction_loss": 0.034871578216552734,
  "relational_loss": 0.007273880299180746,
  "rna_to_image_loss": 0.006625861395150423,
  "source_anchor_cosine": 0.9942783713340759,
  "source_anchor_loss": 0.009649207815527916,
  "source_improvement_hinge": 0.0,
  "steps": 120.0,
  "target_anchor_cosine": 0.9860772490501404,
  "target_anchor_loss": 0.017823103815317154,
  "teacher_delta_direction_loss": 0.0954747200012207,
  "transition_anchor_cosine": 0.9763011932373047,
  "transition_anchor_loss": 0.02748594433069229,
  "transition_loss": 0.05361552536487579,
  "variance_loss": 0.057082146406173706
}
