rule	rule_description	selected_nonzero_fraction	mean_selected_scale	heldout_safe_all	heldout_safe_fraction	mean_eval_gap_transition	min_eval_gap_transition	mean_eval_gap_delta_cosine	min_eval_gap_delta_cosine	mean_eval_gap_recall	min_eval_gap_recall	max_eval_broken_count	mean_train_near_tie_erosions	mean_train_q10_change	mean_eval_transition_improvement	mean_eval_delta_cosine	mean_eval_recall_at_1
full_f039_proxy	continuous train metrics + no train broken rows + no near-tie erosion + nonnegative q10 margin change	0.0	0.0	True	1.0	0.0	0.0	0.0	0.0	0.0	0.0	0.0	0.0	0.0	0.3330542036358507	0.9122222940109221	0.8592592592592592
drop_q10_keep_neartie	continuous train metrics + no train broken rows + no near-tie erosion	0.0	0.0	True	1.0	0.0	0.0	0.0	0.0	0.0	0.0	0.0	0.0	0.0	0.3330542036358507	0.9122222940109221	0.8592592592592592
drop_neartie_keep_q10	continuous train metrics + no train broken rows + nonnegative q10 margin change	0.8	0.08499999999999999	False	0.8	0.00170679733728486	0.0	0.005681725358768061	0.0	0.0074074074074074	0.0	1.0	16.8	-4.6271954804089096e-05	0.33476100097313555	0.9179040193696901	0.8666666666666666
drop_all_margin_keep_train_broken	continuous train metrics + no train broken rows	1.0	0.16	False	0.8	0.00346560410535348	0.0005000735311414	0.010086828238244161	0.0013903216202234	0.0074074074074074	0.0	1.0	23.4	-0.00044301016263514903	0.33651980774120427	0.9223091222491663	0.8666666666666666
continuous_only	continuous train transition/delta/recall preservation only	1.0	1.0	False	0.4	0.00592356384836936	-0.0037964490567359	0.026217329450669503	0.0073774198057093	2.2204460492503132e-17	-0.111111111111111	4.0	28.4	-0.00735405205232242	0.33897776748422015	0.9384396234615917	0.8592592592592594
small_cap_0p05_continuous	continuous train metrics with residual scale capped at 0.05	1.0	0.05	True	1.0	0.0011107513263004	0.0005000735311414	0.0029575885817197606	0.0013903216202234	0.0	0.0	0.0	19.0	-0.00011845758252631265	0.33416495496215115	0.915179882592642	0.8592592592592592
small_cap_0p10_no_train_broken	continuous train metrics + no train broken rows with residual scale capped at 0.10	1.0	0.08	False	0.8	0.0018568997141167997	0.0005000735311414	0.00516294481402246	0.0013903216202234	0.0	0.0	1.0	21.0	-0.00019476406655227844	0.33491110334996754	0.9173852388249447	0.8592592592592592
