{
  "collapse_flag": false,
  "completed_seeds": 5,
  "diagnostic_label": "F021_CELLJEPA_WARMSTART_DISCARDED_NO_SAFE_REPRESENTATION_GAIN",
  "gates": {
    "primary_delta_cosine_gate": 0.3943880553384362,
    "primary_transition_gate": 0.0032213672056209536,
    "secondary_recall_gate": 0.25564378902443324
  },
  "mean_batch_probe_gap": 0.06944444444444443,
  "mean_delta_gap_vs_old_floor": -2.7769913426500813e-05,
  "mean_dropout_robustness_cosine": 0.9986874941587365,
  "mean_image_to_rna_recall_at_1": 0.35555555555555557,
  "mean_jepa_to_rec_ratio": 29.6087947845459,
  "mean_new_batch_probe_cv": 0.3388888888888889,
  "mean_new_delta_cosine": 0.45148736644824056,
  "mean_new_effective_rank": 10.152370291574243,
  "mean_new_magnitude_ratio": 0.7964660910724086,
  "mean_new_recall_at_1": 0.22962962962962957,
  "mean_new_transition_effective_rank": 4.222625877084985,
  "mean_new_transition_improvement": 2.454635609220036e-05,
  "mean_old_batch_probe_cv": 0.26944444444444443,
  "mean_old_delta_cosine": 0.45151513636166707,
  "mean_old_effective_rank": 10.594335247589889,
  "mean_old_recall_at_1": 0.33333333333333337,
  "mean_old_transition_improvement": 0.011281438877204748,
  "mean_recall_gap_vs_old_floor": -0.1037037037037037,
  "mean_rna_to_image_recall_at_1": 0.2518518518518519,
  "mean_same_cell_recall_at_1": 0.005555555555555555,
  "mean_same_condition_recall_gain": -0.06666666666666664,
  "mean_transition_gap_vs_old_floor": -0.011256892521112546,
  "min_delta_gap_vs_old_floor": -0.143779682668156,
  "min_recall_gap_vs_old_floor": -0.18518518518518517,
  "min_same_condition_recall_gain": -0.2592592592592592,
  "min_transition_gap_vs_old_floor": -0.02173435489236512,
  "model_promoted": false,
  "representation_ok": false,
  "transition_preserved": false
}
