seed	loss	transition_loss	delta_direction_loss	source_improvement_hinge	rna_to_image_loss	image_to_rna_loss	pca_anchor_loss	action_negative_loss	variance_loss	mean_positive_transition_cosine	mean_negative_transition_cosine
0	0.13300299644470215	0.03635937720537186	0.03852677345275879	0.0	0.005899982526898384	0.008761012926697731	0.3395804464817047	0.025914860889315605	4.3023377656936646e-05	0.9745604395866394	0.8610732555389404
1	0.18687979876995087	0.05054180696606636	0.07145601511001587	0.0	0.008304384537041187	0.01855725608766079	0.36093777418136597	0.03180098533630371	0.0023225911427289248	0.9601853489875793	0.8692852258682251
2	0.21682427823543549	0.05476273596286774	0.0804753303527832	0.0	0.009775963611900806	0.013044368475675583	0.5206285715103149	0.016478270292282104	0.0	0.9580459594726562	0.8716703057289124
3	0.15596182644367218	0.0559721402823925	0.04670095443725586	0.0	0.005731634330004454	0.04041324555873871	0.17401033639907837	0.012791411019861698	0.0	0.947490930557251	0.4033636152744293
4	0.12292668968439102	0.03905873000621796	0.041842758655548096	0.0	0.007035521324723959	0.016589216887950897	0.21145963668823242	0.0062500000931322575	0.00037511251866817474	0.9633907675743103	0.17624035477638245
