{
  "action_negative_transition_gap": 0.051822865725864614,
  "benchmark": "synth_program_aligned_extrapolative_holdout_lite",
  "calibrated_action_negative_gap": 0.059996295847827924,
  "calibrated_delta_cosine": 0.9539890922390422,
  "calibrated_delta_cosine_gain": 0.1353048992888738,
  "calibrated_delta_rank": 6.791438180918598,
  "calibrated_magnitude_ratio": 1.0128021767364297,
  "calibrated_recall_at_1": 1.0,
  "calibrated_recall_gain": 0.0,
  "calibrated_transition_gain": 0.021918497667689746,
  "calibrated_transition_improvement": 0.24630230018297825,
  "direct_delta_cosine": 0.8392370995625756,
  "direct_delta_rank": 8.756948881927523,
  "direct_magnitude_ratio": 1.0582941431048056,
  "direct_recall_at_1": 0.8888888888888888,
  "direct_transition_improvement": 0.1425127899968112,
  "identity_violation": 0.0,
  "image_target_effective_rank": 8.881017292208217,
  "image_teacher_action_negative_gap": 0.05538760095628037,
  "image_teacher_delta_cosine": 0.8186841929501684,
  "image_teacher_delta_rank": 8.912031743274472,
  "image_teacher_magnitude_ratio": 1.3672951252910577,
  "image_teacher_recall_at_1": 1.0,
  "image_teacher_transition_improvement": 0.2243838025152885,
  "image_to_rna_recall_at_1": 0.8888888888888888,
  "leakage_flag": 0.0,
  "policy": "extrapolative_index",
  "ridge_floor_delta_cosine": 0.8350723260234448,
  "ridge_floor_delta_rank": 5.985679895995148,
  "ridge_floor_recall_at_1": 0.8888888888888888,
  "ridge_floor_transition_improvement": 0.13144618596674784,
  "rna_to_image_recall_at_1": 0.8888888888888888,
  "seed": 38,
  "source_image_cosine": 0.9889190031573641,
  "source_image_effective_rank": 3.5738469480918464,
  "target_effective_rank": 8.890359706333799,
  "target_image_cosine": 0.7953205102707331,
  "target_image_effective_rank": 7.4824566794729375,
  "train_calibrated_delta_cosine": 0.9906772881009412,
  "train_calibrated_delta_rank": 8.213122519047412,
  "train_calibrated_magnitude_ratio": 0.9917687625494379,
  "train_calibrated_recall_at_1": 0.5,
  "train_calibrated_transition_improvement": 0.25766368635046816,
  "train_raw_delta_cosine": 0.8198578368871194,
  "train_raw_delta_rank": 10.474178744792207,
  "train_raw_recall_at_1": 0.5,
  "train_raw_transition_improvement": 0.23887498238886234,
  "transition_image_cosine": 0.9562250052333371
}
