{
  "action_negative_loss": 0.01093750074505806,
  "active_delta_std_dims": 24.0,
  "delta_cosine_train": 0.9437118172645569,
  "delta_variance_loss": 0.0,
  "device_used": "cpu",
  "image_to_rna_loss": 0.022525988519191742,
  "loss": 0.1817246526479721,
  "magnitude_loss": 0.21908962726593018,
  "pca_delta_direction_loss": 0.056288182735443115,
  "relational_loss": 0.009623594582080841,
  "rna_to_image_loss": 0.008792061358690262,
  "source_anchor_cosine": 0.9894341230392456,
  "source_anchor_loss": 0.013862468302249908,
  "source_improvement_hinge": 0.0,
  "steps": 120.0,
  "target_anchor_cosine": 0.9810453653335571,
  "target_anchor_loss": 0.021741699427366257,
  "teacher_delta_direction_loss": 0.18007951974868774,
  "transition_anchor_cosine": 0.9765565395355225,
  "transition_anchor_loss": 0.026430781930685043,
  "transition_loss": 0.0696805939078331,
  "variance_loss": 0.046543896198272705
}
