{
  "action_negative_transition_gap": 0.028705060763677764,
  "benchmark": "synth_program_aligned_extrapolative_holdout_lite",
  "calibrated_action_negative_gap": 0.03640858781880907,
  "calibrated_delta_cosine": 0.9415261631582353,
  "calibrated_delta_cosine_gain": 0.1904931024691081,
  "calibrated_delta_rank": 7.034505047196481,
  "calibrated_magnitude_ratio": 1.0208265870300923,
  "calibrated_recall_at_1": 1.0,
  "calibrated_recall_gain": 0.0,
  "calibrated_transition_gain": 0.012967050170895444,
  "calibrated_transition_improvement": 0.2977597129794716,
  "direct_delta_cosine": 0.8422986205319654,
  "direct_delta_rank": 8.559355762447222,
  "direct_magnitude_ratio": 0.9717431214743951,
  "direct_recall_at_1": 0.6666666666666666,
  "direct_transition_improvement": 0.22076091737607353,
  "identity_violation": 0.0,
  "image_target_effective_rank": 8.569231211005796,
  "image_teacher_action_negative_gap": 0.03157981108748198,
  "image_teacher_delta_cosine": 0.7510330606891272,
  "image_teacher_delta_rank": 8.3527471871369,
  "image_teacher_magnitude_ratio": 1.5201200468943739,
  "image_teacher_recall_at_1": 1.0,
  "image_teacher_transition_improvement": 0.2847926628085762,
  "image_to_rna_recall_at_1": 0.7407407407407407,
  "leakage_flag": 0.0,
  "policy": "extrapolative_index",
  "ridge_floor_delta_cosine": 0.8543684141091694,
  "ridge_floor_delta_rank": 6.09133461804747,
  "ridge_floor_recall_at_1": 0.6666666666666666,
  "ridge_floor_transition_improvement": 0.21538148248803796,
  "rna_to_image_recall_at_1": 0.7407407407407407,
  "seed": 34,
  "source_image_cosine": 0.9939273653079936,
  "source_image_effective_rank": 3.7358683036313267,
  "target_effective_rank": 9.797434645201603,
  "target_image_cosine": 0.8655784084793073,
  "target_image_effective_rank": 7.414169980975018,
  "train_calibrated_delta_cosine": 0.9885288497719932,
  "train_calibrated_delta_rank": 8.13002351187194,
  "train_calibrated_magnitude_ratio": 0.9895433373462781,
  "train_calibrated_recall_at_1": 0.5,
  "train_calibrated_transition_improvement": 0.3176309554517005,
  "train_raw_delta_cosine": 0.812777322160008,
  "train_raw_delta_rank": 9.737689525228792,
  "train_raw_recall_at_1": 0.5,
  "train_raw_transition_improvement": 0.30187790140068754,
  "transition_image_cosine": 0.9524261438287044
}
