{
  "action_negative_loss": 0.012500000186264515,
  "active_delta_std_dims": 24.0,
  "delta_cosine_train": 0.9587276577949524,
  "delta_variance_loss": 0.0,
  "device_used": "cpu",
  "image_to_rna_loss": 0.019450834020972252,
  "loss": 0.1564459651708603,
  "magnitude_loss": 0.42011773586273193,
  "pca_delta_direction_loss": 0.04127234220504761,
  "relational_loss": 0.007033686153590679,
  "rna_to_image_loss": 0.00659959064796567,
  "source_anchor_cosine": 0.9941209554672241,
  "source_anchor_loss": 0.010080870240926743,
  "source_improvement_hinge": 0.0,
  "steps": 120.0,
  "target_anchor_cosine": 0.9842779636383057,
  "target_anchor_loss": 0.01961643248796463,
  "teacher_delta_direction_loss": 0.12324082851409912,
  "transition_anchor_cosine": 0.9760432839393616,
  "transition_anchor_loss": 0.027699414640665054,
  "transition_loss": 0.060359805822372437,
  "variance_loss": 0.05296514555811882
}
