{
  "global_mean_transition_null_available": 1.0,
  "latent/transition_pred_std_mean": 0.13081571459770203,
  "source_as_target_transition_null_available": 1.0,
  "teacher/pred_norm_mean": 2.7786762714385986,
  "teacher/pred_target_cosine": 0.8852928876876831,
  "teacher/target_norm_mean": 1.6614006757736206,
  "transition_joint_cosine_to_teacher": 0.8852928876876831,
  "transition_source_cosine_improvement": 0.009682994335889816
}
