{
  "action_negative_loss": 0.02547820657491684,
  "active_delta_std_dims": 18.0,
  "delta_cosine_train": 0.7278994917869568,
  "delta_variance_loss": 0.0,
  "device_used": "cuda",
  "image_to_rna_loss": 0.2789647877216339,
  "loss": 0.9609504342079163,
  "magnitude_loss": 0.32656973600387573,
  "pca_delta_direction_loss": 0.2721005082130432,
  "relational_loss": 0.10454701632261276,
  "rna_to_image_loss": 0.10005274415016174,
  "source_anchor_cosine": 0.9955238103866577,
  "source_anchor_loss": 0.005967107601463795,
  "source_improvement_hinge": 0.0012010952923446894,
  "steps": 120.0,
  "target_anchor_cosine": 0.8250426054000854,
  "target_anchor_loss": 0.1960606873035431,
  "teacher_delta_direction_loss": 0.2745339870452881,
  "transition_anchor_cosine": 0.7089782953262329,
  "transition_anchor_loss": 0.31728821992874146,
  "transition_loss": 0.4357573688030243,
  "variance_loss": 0.0
}
