{
  "combined_summary": [
    {
      "max_unsupported_active_dim_count": 1,
      "mean_full_delta": 0.3154944815225499,
      "mean_full_minus_source_delta": 0.0014389233304132943,
      "mean_full_minus_source_transition": -0.001919625875922651,
      "mean_full_minus_wrong_delta": 0.04351729015709008,
      "mean_full_minus_wrong_transition": 0.002144504610748275,
      "mean_full_recall": 0.6666666666666667,
      "mean_full_transition": -0.0067551372079699,
      "mean_min_active_dim_train_support": 0.0,
      "mean_source_delta": 0.3140555581921366,
      "mean_source_recall": 0.6666666666666666,
      "mean_source_transition": -0.004835511332047249,
      "mean_support_fraction": 0.5,
      "mean_wrong_delta": 0.2719771913654598,
      "mean_wrong_recall": 0.711111111111111,
      "mean_wrong_transition": -0.008899641818718175,
      "min_supported_active_dim_count": 1,
      "perturbation_id": 9,
      "seed_count": 5
    },
    {
      "max_unsupported_active_dim_count": 1,
      "mean_full_delta": 0.48136408554227544,
      "mean_full_minus_source_delta": 0.06710381168626897,
      "mean_full_minus_source_transition": 0.005512916182318081,
      "mean_full_minus_wrong_delta": 0.08993086527796328,
      "mean_full_minus_wrong_transition": 0.010936171892129833,
      "mean_full_recall": 0.7777777777777778,
      "mean_full_transition": 0.01643201147520599,
      "mean_min_active_dim_train_support": 0.0,
      "mean_source_delta": 0.4142602738560065,
      "mean_source_recall": 0.7555555555555555,
      "mean_source_transition": 0.010919095292887907,
      "mean_support_fraction": 0.5,
      "mean_wrong_delta": 0.39143322026431215,
      "mean_wrong_recall": 0.7333333333333333,
      "mean_wrong_transition": 0.005495839583076154,
      "min_supported_active_dim_count": 1,
      "perturbation_id": 10,
      "seed_count": 5
    },
    {
      "max_unsupported_active_dim_count": 1,
      "mean_full_delta": 0.5576868420201758,
      "mean_full_minus_source_delta": 0.0030684976677105126,
      "mean_full_minus_source_transition": 0.0006526256940268977,
      "mean_full_minus_wrong_delta": -0.033549269955687924,
      "mean_full_minus_wrong_transition": -0.0032075422520898714,
      "mean_full_recall": 0.9111111111111111,
      "mean_full_transition": 0.02416744236437815,
      "mean_min_active_dim_train_support": 0.0,
      "mean_source_delta": 0.5546183443524653,
      "mean_source_recall": 0.9333333333333332,
      "mean_source_transition": 0.02351481667035125,
      "mean_support_fraction": 0.5,
      "mean_wrong_delta": 0.5912361119758638,
      "mean_wrong_recall": 0.9333333333333332,
      "mean_wrong_transition": 0.027374984616468024,
      "min_supported_active_dim_count": 1,
      "perturbation_id": 11,
      "seed_count": 5
    }
  ],
  "diagnostic_label": "F024_HELDOUT_ACTION_DESCRIPTOR_SUPPORT_LIMITS_ACTION_GENERALIZATION",
  "gates": {
    "primary_delta_cosine_gate": 0.3943880553384362,
    "primary_transition_gate": 0.0032213672056209536,
    "secondary_recall_gate": 0.25564378902443324
  },
  "mean_full_minus_source_transition": 0.0014153053334741092,
  "mean_full_minus_wrong_transition": 0.0032910447502627455,
  "mean_support_fraction": 0.5,
  "metric_summary": [
    {
      "mean_full_delta": 0.3154944815225499,
      "mean_full_minus_source_delta": 0.0014389233304132943,
      "mean_full_minus_source_transition": -0.001919625875922651,
      "mean_full_minus_wrong_delta": 0.04351729015709008,
      "mean_full_minus_wrong_transition": 0.002144504610748275,
      "mean_full_recall": 0.6666666666666667,
      "mean_full_transition": -0.0067551372079699,
      "mean_source_delta": 0.3140555581921366,
      "mean_source_recall": 0.6666666666666666,
      "mean_source_transition": -0.004835511332047249,
      "mean_wrong_delta": 0.2719771913654598,
      "mean_wrong_recall": 0.711111111111111,
      "mean_wrong_transition": -0.008899641818718175,
      "perturbation_id": 9,
      "seed_count": 5
    },
    {
      "mean_full_delta": 0.48136408554227544,
      "mean_full_minus_source_delta": 0.06710381168626897,
      "mean_full_minus_source_transition": 0.005512916182318081,
      "mean_full_minus_wrong_delta": 0.08993086527796328,
      "mean_full_minus_wrong_transition": 0.010936171892129833,
      "mean_full_recall": 0.7777777777777778,
      "mean_full_transition": 0.01643201147520599,
      "mean_source_delta": 0.4142602738560065,
      "mean_source_recall": 0.7555555555555555,
      "mean_source_transition": 0.010919095292887907,
      "mean_wrong_delta": 0.39143322026431215,
      "mean_wrong_recall": 0.7333333333333333,
      "mean_wrong_transition": 0.005495839583076154,
      "perturbation_id": 10,
      "seed_count": 5
    },
    {
      "mean_full_delta": 0.5576868420201758,
      "mean_full_minus_source_delta": 0.0030684976677105126,
      "mean_full_minus_source_transition": 0.0006526256940268977,
      "mean_full_minus_wrong_delta": -0.033549269955687924,
      "mean_full_minus_wrong_transition": -0.0032075422520898714,
      "mean_full_recall": 0.9111111111111111,
      "mean_full_transition": 0.02416744236437815,
      "mean_source_delta": 0.5546183443524653,
      "mean_source_recall": 0.9333333333333332,
      "mean_source_transition": 0.02351481667035125,
      "mean_wrong_delta": 0.5912361119758638,
      "mean_wrong_recall": 0.9333333333333332,
      "mean_wrong_transition": 0.027374984616468024,
      "perturbation_id": 11,
      "seed_count": 5
    }
  ],
  "model_promoted": false,
  "positive_action_fraction": 0.5333333333333333,
  "support_summary": [
    {
      "max_unsupported_active_dim_count": 1,
      "mean_min_active_dim_train_support": 0.0,
      "mean_support_fraction": 0.5,
      "min_supported_active_dim_count": 1,
      "perturbation_id": 9,
      "seed_count": 5
    },
    {
      "max_unsupported_active_dim_count": 1,
      "mean_min_active_dim_train_support": 0.0,
      "mean_support_fraction": 0.5,
      "min_supported_active_dim_count": 1,
      "perturbation_id": 10,
      "seed_count": 5
    },
    {
      "max_unsupported_active_dim_count": 1,
      "mean_min_active_dim_train_support": 0.0,
      "mean_support_fraction": 0.5,
      "min_supported_active_dim_count": 1,
      "perturbation_id": 11,
      "seed_count": 5
    }
  ]
}
