{
  "adjusted_source_delta_cosine": 0.44255567440734944,
  "adjusted_source_gain_delta_vs_source_only": 0.014910948940480007,
  "adjusted_source_gain_transition_vs_source_only": 0.0022347343810183024,
  "adjusted_source_gap_delta_vs_full": -0.008959461954317627,
  "adjusted_source_gap_transition_vs_full": 0.0008194290475441925,
  "adjusted_source_transition": 0.01210086792474894,
  "diagnostic_label": "F050_PROTECTED_FLOOR_IS_COVARIATE_ADJUSTED_SOURCE_DOMINATED",
  "exact_train_contrib_norm_fraction": 5.408284601851776e-13,
  "full_delta_cosine": 0.45151513636166707,
  "full_recall_at_1": 0.3333333333333333,
  "full_transition": 0.011281438877204748,
  "interpretation": "The full protected floor is not directly using held-out exact perturbation one-hots. Its advantage over the candidate-legal program-action floor is mainly a covariate-adjusted source-state fit learned with train action covariates. This makes the protected floor a valid audit baseline but a poor identity target for a JEPA action contract.",
  "model_promoted": false,
  "next_recommendation": "Pivot to a biological action-target contract with shared descriptors or a descriptor-aligned benchmark before another residual/operator head.",
  "no_exact_delta_cosine": 0.4515151363616818,
  "no_exact_gap_delta_vs_full": 1.4710455076283324e-14,
  "no_exact_gap_transition_vs_full": 1.4866580189121237e-15,
  "no_exact_transition": 0.011281438877206234,
  "program_contrib_norm_fraction": 0.3374150181749026,
  "program_delta_cosine": 0.41430055906889274,
  "program_gap_delta_vs_full": -0.03721457729277433,
  "program_gap_recall_vs_full": 0.0222222222222222,
  "program_gap_transition_vs_full": -0.00889702010841186,
  "program_recall_at_1": 0.3555555555555555,
  "program_transition": 0.002384418768792888,
  "source_delta_cosine": 0.42764472546686944,
  "source_gap_delta_vs_full": -0.023870410894797633,
  "source_gap_recall_vs_full": -0.07407407407407407,
  "source_gap_transition_vs_full": -0.0014153053334741098,
  "source_recall_at_1": 0.25925925925925924,
  "source_transition": 0.009866133543730638
}
