{
  "action_negative_loss": 0.003328300779685378,
  "active_delta_std_dims": 18.0,
  "delta_cosine_train": 0.7645798921585083,
  "delta_variance_loss": 0.0,
  "device_used": "cuda",
  "image_to_rna_loss": 0.016159482300281525,
  "loss": 0.6263678669929504,
  "magnitude_loss": 0.2840007543563843,
  "pca_delta_direction_loss": 0.2354201078414917,
  "relational_loss": 0.12026140838861465,
  "rna_to_image_loss": 0.011310371570289135,
  "source_anchor_cosine": 0.9989580512046814,
  "source_anchor_loss": 0.0014269215753301978,
  "source_improvement_hinge": 0.002063723746687174,
  "steps": 600.0,
  "target_anchor_cosine": 0.9902878403663635,
  "target_anchor_loss": 0.014798158779740334,
  "teacher_delta_direction_loss": 0.2210155725479126,
  "transition_anchor_cosine": 0.7277635335922241,
  "transition_anchor_loss": 0.29494938254356384,
  "transition_loss": 0.28875231742858887,
  "variance_loss": 0.0
}
