{
  "action_negative_loss": 0.0017857144121080637,
  "active_delta_std_dims": 24.0,
  "delta_cosine_train": 0.848198652267456,
  "delta_variance_loss": 0.0,
  "device_used": "cuda",
  "image_to_rna_loss": 0.14482897520065308,
  "loss": 0.4715636074542999,
  "magnitude_loss": 0.6866403818130493,
  "pca_delta_direction_loss": 0.15180134773254395,
  "relational_loss": 0.05745374411344528,
  "rna_to_image_loss": 0.004787724930793047,
  "source_anchor_cosine": 0.9845345616340637,
  "source_anchor_loss": 0.01755092851817608,
  "source_improvement_hinge": 0.0,
  "steps": 120.0,
  "target_anchor_cosine": 0.9750273823738098,
  "target_anchor_loss": 0.04185750335454941,
  "teacher_delta_direction_loss": 0.14200764894485474,
  "transition_anchor_cosine": 0.842971920967102,
  "transition_anchor_loss": 0.1881392002105713,
  "transition_loss": 0.17053842544555664,
  "variance_loss": 0.013498453423380852
}
