{
  "direct_delta_cosine": 0.9412069558881229,
  "direct_delta_rank": 7.876988798687013,
  "direct_recall_at_1": 1.0,
  "direct_transition_improvement": 0.2730124638633298,
  "floor_delta_cosine": 0.932261923188985,
  "floor_delta_rank": 6.230242065351273,
  "floor_init_error": 1.1600628440078253e-06,
  "floor_recall_at_1": 1.0,
  "floor_transition_improvement": 0.2724394655216964,
  "identity_violation": 0.0,
  "image_target_effective_rank": 7.238290478159652,
  "image_to_rna_recall_at_1": 0.7037037037037037,
  "inner_val_floor_delta_cosine": 0.9572456073374324,
  "inner_val_floor_recall_at_1": 0.7272727272727273,
  "inner_val_floor_transition": 0.3524021031755711,
  "inner_val_selected_delta_cosine": 0.9581683660025139,
  "inner_val_selected_gap_delta_cosine": 0.0009227586650815134,
  "inner_val_selected_gap_recall": 0.045454545454545414,
  "inner_val_selected_gap_transition": 0.0029780513776949125,
  "inner_val_selected_recall_at_1": 0.7727272727272727,
  "inner_val_selected_scale": 0.5,
  "inner_val_selected_transition": 0.355380154553266,
  "leakage_flag": 0.0,
  "rna_to_image_recall_at_1": 0.7037037037037037,
  "selected_action_negative_gap": 0.011506095351936751,
  "selected_delta_cosine": 0.9413673822776514,
  "selected_delta_rank": 7.227778049797348,
  "selected_gap_delta_cosine": 0.009105459088666334,
  "selected_gap_recall": 0.0,
  "selected_gap_transition": 0.0027377116017948677,
  "selected_magnitude_ratio": 1.00800662103219,
  "selected_recall_at_1": 1.0,
  "selected_residual_scale": 0.5,
  "selected_transition_improvement": 0.27517717712349127,
  "target_effective_rank": 5.545190988462882
}
