split	calibrated_transition	calibrated_delta_cosine	calibrated_recall_at_1	calibrated_delta_rank	rna_to_image_recall_at_1	image_to_rna_recall_at_1	floor_gap_transition	floor_gap_delta_cosine	floor_gap_recall_at_1	raw_minus_calibrated_transition	raw_minus_calibrated_delta_cosine	raw_minus_calibrated_recall_at_1	raw_floor_gap_transition	raw_floor_gap_delta_cosine	raw_floor_gap_recall_at_1
alternate_test	0.5076391743202779	0.2165458954558255	0.1272727272727272	16.14132130953151	0.0484848484848484	0.0303030303030303	-0.0244214339726065	-0.0924067377426102	0.0363636363636363	-0.06314006818194906	0.11318618827335189	-0.030303030303030304	-0.0875615021545556	0.020779450530741705	0.0060606060606060025
test	0.6482381066667665	0.3537850078085103	0.4047619047619048	16.222183440183237	0.1071428571428571	0.0952380952380952	0.0359210135550253	-0.0427967208101106	0.1904761904761905	-0.062935033634261	0.10495876614568628	-0.1071428571428572	-0.0270140200792357	0.062162045335575566	0.08333333333333343
validation	0.3777334133583768	0.279498786694004	0.2839506172839506	16.937475680453442	0.1111111111111111	0.0864197530864197	0.0569658085948235	-0.0162520189819642	0.1358024691358024	-0.05193616245318128	0.06610763242136658	0.0	0.005029646141642308	0.049855613439402424	0.1358024691358025
