{
  "action_negative_loss": 0.04234817624092102,
  "active_delta_std_dims": 24.0,
  "delta_cosine_train": 0.11261742562055588,
  "delta_variance_loss": 0.0,
  "device_used": "cuda",
  "image_to_rna_loss": 0.11525021493434906,
  "loss": 790039.4375,
  "magnitude_loss": 6.543163776397705,
  "pca_delta_direction_loss": 0.8873825669288635,
  "relational_loss": 0.28026124835014343,
  "rna_to_image_loss": 0.04567737504839897,
  "source_anchor_cosine": 0.9439423084259033,
  "source_anchor_loss": 4872.87109375,
  "source_improvement_hinge": 0.0069819251075387,
  "steps": 120.0,
  "target_anchor_cosine": 0.7401760816574097,
  "target_anchor_loss": 875932.375,
  "teacher_delta_direction_loss": 0.33007675409317017,
  "transition_anchor_cosine": 0.8787258863449097,
  "transition_anchor_loss": 875921.75,
  "transition_loss": 0.3086972236633301,
  "variance_loss": 0.004924535285681486
}
