{
  "action_negative_loss": 0.0631561428308487,
  "active_delta_std_dims": 18.0,
  "delta_cosine_train": 0.6128119826316833,
  "delta_variance_loss": 0.0,
  "device_used": "cuda",
  "image_to_rna_loss": 0.3115559220314026,
  "loss": 1.2427011728286743,
  "magnitude_loss": 0.43987134099006653,
  "pca_delta_direction_loss": 0.38718801736831665,
  "relational_loss": 0.14937078952789307,
  "rna_to_image_loss": 0.09521126747131348,
  "source_anchor_cosine": 0.9878533482551575,
  "source_anchor_loss": 0.013246598653495312,
  "source_improvement_hinge": 0.02405768632888794,
  "steps": 120.0,
  "target_anchor_cosine": 0.8089656829833984,
  "target_anchor_loss": 0.20745062828063965,
  "teacher_delta_direction_loss": 0.3323294520378113,
  "transition_anchor_cosine": 0.5629581212997437,
  "transition_anchor_loss": 0.46273210644721985,
  "transition_loss": 0.5339996218681335,
  "variance_loss": 0.0
}
