{
  "action_negative_loss": 0.0017857144121080637,
  "active_delta_std_dims": 24.0,
  "delta_cosine_train": 0.8516152501106262,
  "delta_variance_loss": 0.0,
  "device_used": "cuda",
  "image_to_rna_loss": 0.1297101378440857,
  "loss": 0.5334007740020752,
  "magnitude_loss": 0.7463489770889282,
  "pca_delta_direction_loss": 0.14838474988937378,
  "relational_loss": 0.07669638097286224,
  "rna_to_image_loss": 0.005691829137504101,
  "source_anchor_cosine": 0.9840505123138428,
  "source_anchor_loss": 0.017486894503235817,
  "source_improvement_hinge": 0.0005683188792318106,
  "steps": 120.0,
  "target_anchor_cosine": 0.9658240079879761,
  "target_anchor_loss": 0.05904253572225571,
  "teacher_delta_direction_loss": 0.18039357662200928,
  "transition_anchor_cosine": 0.8163763284683228,
  "transition_anchor_loss": 0.22674180567264557,
  "transition_loss": 0.20854446291923523,
  "variance_loss": 0.01402350328862667
}
